customer_id,customer_name,segment,total_orders,first_order_date,last_order_date,purchase_span_days,distinct_locations,total_order_lines,total_product_references,total_sales,total_quantity,total_profit,average_complete_order_value,comparable_profit_margin_percentage,average_shipping_days,unknown_sales_lines,unknown_quantity_lines,unknown_profit_lines,orders_with_unknown_sales,orders_with_unknown_profit,complete_loss_making_orders
AA-10315,"Alex Avila",Consumer,5,2023-03-31,2026-06-29,1186,5,11,11,1633.488000,583,332.396900,289.3720000000,36.7447842168,4.6000,1,0,2,1,2,0
AA-10375,"Allen Armold",Consumer,9,2023-04-21,2026-12-11,1330,9,15,15,1056.390000,39,277.382400,117.3766666667,26.2575753273,3.6667,0,1,0,0,0,0
AA-10480,"Andrew Allen",Consumer,4,2023-05-04,2026-04-15,1077,4,12,12,1782.967500,36,430.384200,445.7418750000,24.3510481831,4.2500,0,0,1,0,1,0
AA-10645,"Anna Andreadi",Consumer,6,2023-06-22,2026-11-05,1232,6,18,18,5086.935000,64,857.803300,847.8225000000,16.8628712574,4.0000,0,0,0,0,0,1
AB-10015,"Aaron Bergman",Consumer,3,2023-02-18,2025-11-10,996,3,6,6,886.156000,13,131.871300,295.3853333333,15.0963330479,3.0000,0,0,1,0,1,0
AB-10060,"Adam Bellavance","Home Office",8,2024-09-18,2026-11-06,779,8,18,17,7587.680000,56,2010.571500,1073.6385714286,13.8240250800,4.6250,1,0,3,1,3,0
AB-10105,"Adrian Barton",Consumer,10,2023-12-20,2026-11-19,1065,9,20,20,14455.391000,73,5543.191500,1542.3625555556,42.1638467249,3.9000,1,0,2,1,2,1
AB-10150,"Aimee Bixby",Consumer,5,2023-03-05,2026-11-19,1355,5,12,12,966.710000,37,313.659700,193.3420000000,32.4461006920,3.2000,0,0,0,0,0,0
AB-10165,"Alan Barnes",Consumer,10,2023-11-16,2026-12-20,1130,9,16,16,1223.110000,54,262.730100,122.3110000000,21.4804964394,3.8000,0,0,0,0,0,2
AB-10255,"Alejandro Ballentine","Home Office",9,2023-07-22,2026-07-17,1091,9,14,14,914.532000,39,260.993300,101.6146666667,28.9697707666,4.2222,0,0,1,0,1,0
AB-10600,"Ann Blume",Corporate,4,2023-11-18,2026-11-10,1088,4,8,8,1515.862000,38,-274.960400,378.9655000000,-18.1388807161,3.7500,0,0,0,0,0,2
AC-10420,"Alyssa Crouse",Corporate,3,2023-07-12,2026-05-12,1035,3,5,5,925.800000,17,-62.134200,308.6000000000,-6.7114063513,4.0000,0,0,0,0,0,2
AC-10450,"Amy Cox",Consumer,7,2023-10-31,2026-12-19,1145,7,9,9,5527.846000,43,-5115.027700,789.6922857143,-92.5320224189,3.1429,0,0,0,0,0,3
AC-10615,"Ann Chong",Corporate,5,2024-09-15,2026-12-24,830,5,18,18,2537.686000,59,298.827300,507.5372000000,11.7755821642,4.4000,0,0,0,0,0,1
AC-10660,"Anna Chung",Consumer,5,2023-10-15,2026-03-23,890,4,6,6,657.316000,16,-28.700400,131.4632000000,-4.3663017483,3.2000,0,0,0,0,0,3
AD-10180,"Alan Dominguez","Home Office",8,2023-11-19,2026-12-01,1108,8,12,12,6106.880000,274,1869.929400,763.3600000000,30.6200449329,4.1250,0,1,0,0,0,1
AF-10870,"Art Ferguson",Consumer,7,2024-12-06,2026-11-19,713,6,16,16,1878.622000,51,317.971200,81.8036666667,-7.9147633969,5.1429,1,0,0,1,0,3
AF-10885,"Art Foster",Consumer,4,2023-05-10,2025-11-10,915,4,7,7,861.565000,37,-163.117500,215.3912500000,-18.9326980553,3.7500,0,0,0,0,0,3
AG-10270,"Alejandro Grove",Consumer,9,2023-05-13,2026-09-20,1226,6,18,18,2332.485600,78,792.482300,41.3544500000,29.0741383334,2.2222,1,0,0,1,0,0
AG-10300,"Aleksandra Gannaway",Corporate,4,2023-04-26,2026-09-03,1226,4,5,5,367.548000,16,59.288400,91.8870000000,16.1307910803,5.2500,0,0,0,0,0,0
AG-10330,"Alex Grayson",Consumer,5,2025-08-03,2026-12-22,506,5,9,9,660.972000,47,-5.137100,132.1944000000,-0.7772038755,2.6000,0,0,0,0,0,1
AG-10390,"Allen Goldenen",Consumer,5,2023-04-19,2026-09-07,1237,5,8,8,200.945000,33,64.177200,40.1890000000,45.5927084200,3.0000,0,0,1,0,1,0
AG-10495,"Andrew Gjertsen",Corporate,8,2024-01-04,2026-10-13,1013,8,21,21,2356.855000,93,289.636800,294.6068750000,12.3905663985,3.7500,0,0,1,0,1,2
AG-10525,"Andy Gerbode",Corporate,4,2023-08-09,2024-09-07,395,4,9,9,973.862000,33,-31.490800,266.7553333333,20.4469645322,5.7500,1,0,1,1,1,1
AG-10675,"Anna Gayman",Consumer,7,2024-05-07,2026-09-24,870,7,15,15,3489.039600,54,-218.648700,498.4342285714,20.5850269666,4.0000,0,0,2,0,2,0
AG-10765,"Anthony Garverick","Home Office",4,2023-09-17,2026-10-14,1123,4,5,5,170.584000,20,-8.431000,42.6460000000,-4.9424330535,3.5000,0,0,0,0,0,2
AG-10900,"Arthur Gainer",Consumer,10,2023-07-23,2026-09-25,1160,10,21,21,3507.195000,243,359.400000,226.5130000000,0.2630060337,3.4000,3,1,1,3,1,3
AH-10030,"Aaron Hawkins",Corporate,7,2023-04-22,2026-12-18,1336,7,11,11,1744.700000,54,365.215200,249.2428571429,20.9328365908,3.5714,0,0,0,0,0,0
AH-10075,"Adam Hart",Corporate,10,2023-11-16,2026-11-26,1106,10,20,20,3248.117000,233,269.348000,231.1507777778,22.4014052925,3.3000,1,0,2,1,2,2
AH-10120,"Adrian Hane","Home Office",7,2023-07-18,2026-10-31,1201,7,16,16,1719.578000,65,5.795000,187.5160000000,25.6366643512,3.2857,1,0,1,1,1,3
AH-10195,"Alan Haines",Corporate,4,2024-03-05,2026-11-05,975,4,8,8,1587.452000,28,-402.866900,396.8630000000,-16.4502271882,2.7500,0,0,1,0,1,2
AH-10210,"Alan Hwang",Consumer,9,2023-11-29,2026-12-24,1121,9,13,13,4805.344000,53,1308.554600,533.9271111111,27.2312367231,5.0000,0,0,0,0,0,0
AH-10465,"Amy Hunt",Consumer,5,2024-01-03,2026-05-14,862,5,8,8,2495.391600,35,-196.120100,499.0783200000,-7.8592915036,4.2000,0,0,0,0,0,2
AH-10585,"Angele Hood",Consumer,4,2023-10-26,2026-12-09,1140,3,5,5,738.504000,17,83.963000,184.6260000000,11.3693358465,3.5000,0,0,0,0,0,0
AH-10690,"Anna Häberlin",Corporate,12,2023-04-02,2025-11-15,958,12,23,23,7854.806000,102,1302.912600,710.5130909091,16.8608831211,4.3333,1,0,1,1,1,2
AI-10855,"Arianne Irving",Consumer,10,2023-04-28,2026-12-17,1329,9,18,18,4301.708000,72,867.727100,362.7855000000,13.0988111432,3.9000,2,0,0,2,0,1
AJ-10780,"Anthony Jacobs",Corporate,7,2023-01-10,2026-10-16,1375,7,15,15,4602.494000,62,141.413000,866.1848000000,0.7292623930,4.0000,2,0,1,2,1,2
AJ-10795,"Anthony Johnson",Corporate,7,2023-05-14,2026-07-17,1160,7,21,21,3733.439000,88,1129.756400,522.6268333333,23.0081771639,4.1429,1,0,1,1,1,0
AJ-10945,"Ashley Jarboe",Consumer,7,2023-03-03,2026-10-06,1313,7,10,10,1839.240000,40,437.140800,262.7485714286,21.6435662162,4.2857,0,0,1,0,1,0
AJ-10960,"Astrea Jones",Consumer,3,2023-09-14,2026-10-17,1129,3,5,5,629.248000,22,60.426500,209.7493333333,9.6029705299,4.0000,0,0,0,0,0,0
AM-10360,"Alice McCarthy",Corporate,5,2023-10-06,2026-12-02,1153,5,12,12,804.988000,48,110.507800,158.7805000000,8.2130992156,3.0000,1,0,0,1,0,2
AM-10705,"Anne McFarland",Consumer,8,2023-10-31,2026-07-21,994,8,22,22,5664.022000,78,1085.732600,708.0027500000,19.1689333128,4.6250,0,1,0,0,0,1
AO-10810,"Anthony O'Donnell",Corporate,1,2025-08-16,2025-08-16,0,1,1,1,161.280000,2,12.096000,161.2800000000,7.5000000000,3.0000,0,0,0,0,0,0
AP-10720,"Anne Pryor","Home Office",8,2023-03-03,2026-11-19,1357,8,19,19,1606.406000,85,285.788800,267.7343333333,17.7232281254,3.8750,2,0,0,2,0,3
AP-10915,"Arthur Prichep",Consumer,10,2023-08-23,2026-09-23,1127,9,31,31,3314.806000,102,570.808800,268.8651111111,12.2401313088,4.6000,1,0,1,1,1,1
AR-10345,"Alex Russell",Corporate,6,2023-09-10,2026-09-10,1096,5,7,7,1073.354000,21,-219.692200,178.8923333333,-20.7555594186,3.5000,0,0,1,0,1,2
AR-10405,"Allen Rosenblatt",Corporate,5,2023-10-03,2026-08-27,1059,5,7,7,2092.696000,29,-98.764600,492.5860000000,-5.8931333818,4.0000,1,0,0,1,0,1
AR-10510,"Andrew Roberts",Consumer,5,2023-05-02,2026-12-16,1324,5,7,7,264.864000,33,43.669500,52.9728000000,16.4875181225,3.6000,0,0,0,0,0,1
AR-10540,"Andy Reiter",Consumer,6,2023-11-25,2026-12-24,1125,6,9,9,6608.448000,33,2884.620800,1101.4080000000,43.6505031136,3.3333,0,0,0,0,0,0
AR-10570,"Anemone Ratner",Consumer,1,2025-07-14,2025-07-14,0,1,2,2,51.750000,6,15.525000,NULL,NULL,5.0000,1,0,1,1,1,0
AR-10825,"Anthony Rawles",Corporate,8,2023-06-30,2026-11-02,1221,8,13,13,3408.166000,291,494.835200,486.8808571429,4.7029458072,4.5000,1,0,0,1,0,2
AS-10045,"Aaron Smayling",Corporate,7,2023-07-27,2026-10-03,1164,7,10,10,2573.026000,46,-21.810100,428.8376666667,-11.5235369204,3.5714,1,1,2,1,2,3
AS-10090,"Adam Shillingsburg",Consumer,9,2023-09-22,2026-12-02,1167,8,25,25,3251.866000,318,68.324600,321.4000000000,17.7017240128,3.8889,1,0,1,1,1,2
AS-10135,"Adrian Shami","Home Office",2,2025-11-13,2026-11-19,371,2,3,3,58.820000,9,21.849600,29.4100000000,37.1465487929,4.5000,0,0,0,0,0,0
AS-10225,"Alan Schoenberger",Corporate,5,2023-10-18,2026-12-08,1147,5,13,13,2865.834000,278,719.775100,510.9960000000,13.4582707105,4.2000,1,0,0,1,0,1
AS-10240,"Alan Shonely",Consumer,7,2023-03-15,2026-06-21,1194,7,13,13,584.608000,39,33.715800,83.5154285714,5.7672491653,3.7143,0,0,0,0,0,1
AS-10285,"Alejandro Savely",Corporate,6,2025-05-21,2026-12-11,569,6,8,8,3015.268000,39,354.627600,753.3260000000,10.0756445417,3.6667,2,0,0,2,0,1
AS-10630,"Ann Steele","Home Office",7,2023-08-01,2026-09-29,1155,7,12,12,820.118000,269,104.580700,136.6863333333,26.9549554751,5.5714,1,1,2,1,2,0
AT-10435,"Alyssa Tate","Home Office",6,2023-11-24,2026-12-09,1111,5,9,9,1171.814000,28,100.876800,195.3023333333,8.6086017064,4.1667,0,0,0,0,0,2
AT-10735,"Annie Thurman",Consumer,10,2023-08-30,2026-12-17,1205,10,16,16,3831.864000,455,974.107000,383.1864000000,25.4212310249,4.0000,0,0,0,0,0,0
AW-10840,"Anthony Witt",Consumer,4,2024-04-13,2026-12-10,971,4,8,8,649.376000,24,28.772500,162.3440000000,3.6903938616,2.7500,0,0,1,0,1,1
AW-10930,"Arthur Wiediger","Home Office",7,2023-07-14,2026-11-14,1219,7,16,16,2852.968000,68,-104.548600,407.5668571429,-3.6645556487,4.1429,0,0,0,0,0,2
AY-10555,"Andy Yotov",Corporate,4,2023-04-06,2026-12-16,1350,4,10,10,497.014000,34,103.349900,124.2535000000,20.7941627399,4.2500,0,0,0,0,0,0
AZ-10750,"Annie Zypern",Consumer,6,2023-03-17,2026-07-23,1224,6,12,12,1500.482000,198,139.758300,300.0964000000,9.3142270284,4.1667,1,0,1,1,1,0
BB-10990,"Barry Blumstein",Corporate,5,2023-07-27,2026-09-16,1147,5,8,8,744.340000,26,-27.195300,148.8680000000,5.3475088045,4.0000,0,0,1,0,1,0
BB-11545,"Brenda Bowman",Corporate,9,2024-06-05,2026-12-02,910,9,20,20,6741.140000,83,1011.519800,840.7650000000,18.9203506858,4.4444,1,0,2,1,2,2
BC-11125,"Becky Castell","Home Office",9,2023-07-06,2026-06-11,1071,9,18,18,2933.676000,60,140.958400,325.9640000000,4.8048387075,3.4444,0,0,0,0,0,3
BD-11320,"Bill Donatelli",Consumer,12,2024-05-31,2026-11-27,910,11,19,19,5426.561000,75,886.655700,493.3237272727,16.4762058093,4.4167,1,0,2,1,2,3
BD-11500,"Bradley Drucker",Consumer,6,2023-02-01,2026-11-25,1393,6,10,10,4392.107000,49,1188.645900,813.3938000000,26.7001051643,4.1667,1,0,0,1,0,0
BD-11560,"Brendan Dodson","Home Office",2,2024-05-30,2026-03-27,666,2,4,4,320.540000,11,116.714000,160.2700000000,36.4116802895,4.0000,0,0,0,0,0,0
BD-11605,"Brian Dahlen",Consumer,9,2023-01-13,2026-09-24,1350,8,22,22,3315.214500,84,655.710300,368.3571666667,19.7788197415,4.7778,0,0,0,0,0,0
BD-11620,"Brian DeCherney",Consumer,6,2023-06-30,2026-10-22,1210,6,8,8,1532.126000,27,184.078700,284.7100000000,18.7981080546,2.1667,1,0,1,1,1,1
BD-11635,"Brian Derr",Consumer,3,2023-10-05,2026-12-21,1173,3,5,5,185.600000,19,141.534000,81.4600000000,24.0486128161,4.0000,2,0,0,1,0,0
BD-11725,"Bruce Degenhardt",Consumer,6,2024-07-03,2026-09-28,817,6,10,10,1526.500000,29,333.979100,254.4166666667,21.8787487717,4.0000,0,0,0,0,0,0
BD-11770,"Bryan Davis",Consumer,6,2025-03-10,2026-02-06,333,6,10,10,658.466000,21,141.265000,109.7443333333,21.4536513654,4.3333,0,0,0,0,0,0
BE-11335,"Bill Eplett","Home Office",5,2025-01-15,2026-09-02,595,5,9,9,4204.676000,35,1485.038300,840.9352000000,35.3187332389,3.8000,0,0,0,0,0,0
BE-11410,"Bobby Elias",Consumer,5,2025-02-07,2026-09-23,593,5,5,5,2261.438000,412,755.915100,452.2876000000,33.4263022024,2.8000,0,1,0,0,0,0
BE-11455,"Brad Eason","Home Office",6,2024-08-02,2026-04-20,626,6,13,13,1727.652000,33,123.663600,287.9420000000,2.4769000861,3.1667,0,1,1,0,1,1
BF-10975,"Barbara Fisher",Corporate,7,2023-07-14,2026-09-30,1174,7,13,13,599.798000,38,227.438400,85.6854285714,37.9191661193,4.1429,0,0,0,0,0,1
BF-11005,"Barry Franz","Home Office",4,2023-09-25,2026-11-21,1153,4,10,10,1333.880000,26,87.018900,333.4700000000,9.6276950897,4.2500,0,0,1,0,1,0
BF-11020,"Barry Französisch",Corporate,8,2023-02-15,2026-10-17,1340,8,21,21,2833.346000,311,294.762400,290.3420000000,13.6235772526,2.7500,2,1,1,2,1,2
BF-11080,"Bart Folk",Consumer,3,2023-11-28,2026-12-05,1103,3,6,6,272.950000,29,110.927200,90.9833333333,40.6401172376,4.0000,0,0,0,0,0,0
BF-11170,"Ben Ferrer","Home Office",13,2023-04-13,2026-12-14,1341,12,37,37,7848.498000,143,-691.175800,734.3788000000,-15.6980142848,4.4615,3,2,3,3,2,2
BF-11215,"Benjamin Farhat","Home Office",4,2023-11-09,2026-10-26,1082,4,8,8,1585.162000,48,523.213300,396.2905000000,33.0069292602,5.2500,0,0,0,0,0,0
BF-11275,"Beth Fritzler",Corporate,3,2023-03-22,2026-11-03,1322,3,4,4,791.990000,11,25.870200,263.9966666667,3.2664806374,4.3333,0,0,0,0,0,1
BG-11035,"Barry Gonzalez",Consumer,8,2023-11-05,2026-12-02,1123,8,12,12,2798.948000,272,-711.427400,349.8685000000,-25.4176712108,3.6250,0,0,0,0,0,2
BG-11695,"Brooke Gillingham",Corporate,6,2023-05-11,2026-11-24,1293,6,8,8,1874.172000,21,107.571500,312.3620000000,5.7396813099,3.6667,0,1,0,0,0,1
BG-11740,"Bruce Geld",Consumer,6,2023-03-23,2026-11-03,1321,6,7,7,519.988000,22,116.126500,103.9976000000,15.6151044158,4.0000,1,0,1,1,1,0
BG-18435,"Bruce Galang",Consumer,5,2023-12-29,2026-12-29,1096,1,12,10,541.420000,43,188.124400,130.4550000000,34.2074880118,5.2000,1,1,1,1,1,0
BH-11710,"Brosina Hoffman",Consumer,8,2023-06-09,2026-12-07,1277,8,24,24,6222.366000,97,723.799800,888.9094285714,7.3985854077,3.8750,1,0,2,1,2,2
BK-11260,"Berenike Kampe",Consumer,6,2023-08-03,2026-10-14,1168,5,16,16,444.188000,58,56.607600,68.9176000000,33.7803986210,4.8333,1,0,1,1,1,0
BM-11140,"Becky Martin",Consumer,4,2023-09-08,2026-02-26,902,4,16,16,11789.630000,64,-1659.958100,2947.4075000000,-14.0798150578,3.0000,0,0,0,0,0,1
BM-11575,"Brendan Murry",Corporate,6,2024-09-15,2026-09-21,736,5,10,10,808.162000,22,24.560800,134.6936666667,3.0390936471,4.0000,0,0,0,0,0,3
BM-11650,"Brian Moss",Corporate,11,2023-07-09,2026-11-27,1237,11,29,28,7282.665000,95,2180.032700,703.6167000000,30.6042541542,3.8182,1,0,1,1,1,2
BM-11785,"Bryan Mills",Consumer,10,2023-06-06,2026-05-26,1085,9,14,14,1338.842000,44,-12.368600,133.8842000000,-1.0886080171,3.3000,0,0,1,0,1,3
BN-11470,"Brad Norvell",Corporate,4,2023-09-12,2026-12-06,1181,4,6,6,265.296000,15,17.843600,66.3240000000,16.3744648150,3.7500,0,0,1,0,1,0
BN-11515,"Bradley Nguyen",Consumer,5,2023-03-17,2026-12-21,1375,5,17,17,1419.584000,71,340.705400,159.5300000000,35.7193631292,4.8000,1,1,0,1,0,0
BO-11350,"Bill Overfelt",Corporate,5,2025-01-03,2026-08-15,589,5,12,12,2682.728000,41,278.777000,536.5456000000,10.3915491992,5.2000,0,1,0,0,0,1
BO-11425,"Bobby Odegard",Consumer,2,2024-09-10,2026-10-16,766,2,2,2,130.830000,7,59.452200,65.4150000000,45.4423297409,6.0000,0,0,0,0,0,0
BP-11050,"Barry Pond",Corporate,5,2023-10-12,2026-10-08,1092,4,7,7,663.500000,30,209.783000,25.0250000000,23.7808191808,4.4000,1,0,0,1,0,1
BP-11095,"Bart Pistole",Corporate,14,2023-06-07,2026-12-13,1285,12,24,24,3338.412000,85,-1650.395600,256.8009230769,-73.0254469144,3.2143,1,0,3,1,3,4
BP-11155,"Becky Pak",Consumer,6,2024-06-04,2026-10-02,850,6,11,11,1575.901000,32,647.384700,244.4002000000,38.5965559766,4.1667,1,0,0,1,0,1
BP-11185,"Ben Peterman",Corporate,9,2024-03-24,2026-12-29,1010,9,18,18,3534.489000,66,123.833500,441.8111250000,2.2293208810,3.6667,1,1,2,1,2,2
BP-11230,"Benjamin Patterson",Consumer,5,2023-04-20,2026-11-21,1311,5,6,6,1110.510000,14,-197.269500,277.6275000000,-19.6174460383,4.8000,1,0,0,1,0,1
BP-11290,"Beth Paige",Consumer,7,2023-10-03,2026-12-18,1172,7,16,16,2475.157000,51,-103.332400,353.5938571429,-6.5447041229,3.8571,0,0,2,0,2,3
BS-11365,"Bill Shonely",Corporate,5,2023-05-04,2025-06-20,778,5,9,9,10501.653000,32,250.082600,2100.3306000000,17.1907179338,3.2000,0,1,1,0,1,0
BS-11380,"Bill Stewart",Corporate,5,2023-11-29,2026-12-02,1099,5,13,13,3887.834000,58,-35.351200,777.5668000000,15.1571992841,4.6000,0,0,2,0,1,0
BS-11590,"Brendan Sweed",Corporate,6,2023-01-14,2026-11-25,1411,6,10,10,2434.072000,357,398.465500,484.9364000000,16.7166127352,4.6667,1,0,1,1,1,1
BS-11665,"Brian Stugart",Consumer,3,2023-06-23,2025-05-27,704,3,11,11,3288.110000,47,272.095000,1096.0366666667,9.0035316651,4.3333,0,0,1,0,1,0
BS-11755,"Bruce Stewart",Consumer,7,2023-05-18,2026-12-29,1321,7,14,14,2562.382000,45,-2118.783700,366.0545714286,-86.0190266263,4.8571,0,0,1,0,1,3
BS-11800,"Bryan Spruell","Home Office",2,2024-09-26,2026-04-09,560,2,8,8,949.430000,22,194.051600,474.7150000000,20.4387474590,3.5000,0,0,0,0,0,0
BT-11305,"Beth Thompson","Home Office",5,2023-04-25,2026-01-28,1009,5,9,9,2567.656000,30,389.061500,513.5312000000,14.4080199615,4.8000,0,1,2,0,2,0
BT-11395,"Bill Tyler",Corporate,6,2023-10-28,2026-03-03,857,6,10,10,2186.613000,38,261.304200,364.4355000000,11.9612383561,4.3333,0,0,1,0,1,1
BT-11440,"Bobby Trafton",Consumer,4,2023-06-04,2025-06-18,745,4,7,7,603.876000,16,-77.525600,150.9690000000,-12.8379998543,3.5000,0,0,0,0,0,2
BT-11485,"Brad Thomas","Home Office",2,2024-12-27,2025-03-11,74,2,3,3,415.196000,11,126.869400,207.5980000000,30.5565082515,2.0000,0,0,0,0,0,0
BT-11530,"Bradley Talbott","Home Office",5,2023-05-21,2026-09-30,1228,5,10,10,2661.372000,44,409.498300,143.4430000000,19.2398199982,3.4000,1,0,0,1,0,1
BT-11680,"Brian Thompson",Consumer,7,2023-11-28,2026-12-10,1108,7,20,20,3196.752000,88,442.017200,456.6788571429,13.9102002487,4.1429,0,0,1,0,1,1
BV-11245,"Benjamin Venier",Corporate,5,2024-03-26,2026-01-30,675,5,14,14,1523.273000,49,214.681400,304.6546000000,14.0934290833,3.8000,0,0,0,0,0,0
BW-11065,"Barry Weirich",Consumer,3,2023-05-25,2026-06-01,1103,3,3,3,14.620000,8,-58.286600,14.6200000000,46.0000000000,4.6667,2,0,0,2,0,1
BW-11110,"Bart Watters",Corporate,8,2024-03-20,2026-08-31,894,7,17,17,1690.376000,74,921.257400,241.4822857143,14.2726470324,4.8750,1,0,0,1,0,2
BW-11200,"Ben Wallace",Consumer,6,2023-08-12,2026-06-10,1033,6,10,10,1738.406000,49,246.997300,289.7343333333,14.2082632020,4.3333,0,0,0,0,0,1
CA-11965,"Carol Adams",Corporate,6,2023-01-26,2026-09-25,1338,6,10,10,3789.722800,29,1139.204800,631.6204666667,30.1497218226,4.6667,0,0,1,0,1,0
CA-12055,"Cathy Armstrong","Home Office",5,2024-09-05,2025-11-24,445,5,10,10,1679.724000,286,205.921900,335.9448000000,8.5117249902,4.6000,0,0,1,0,1,2
CA-12265,"Christina Anderson",Consumer,9,2023-03-25,2026-11-04,1320,9,17,17,2643.359200,460,279.618300,299.9864000000,12.4026955889,4.0000,1,0,0,1,0,3
CA-12310,"Christine Abelman",Corporate,4,2023-07-19,2026-12-17,1247,4,11,11,1418.144000,25,246.021800,322.2413333333,15.0017378280,4.5000,1,0,0,1,0,0
CA-12775,"Cynthia Arntzen",Consumer,7,2023-06-28,2026-09-01,1161,6,17,17,3041.566000,309,68.659300,434.5094285714,2.5776881889,3.0000,0,0,2,0,2,1
CB-12025,"Cassandra Brandow",Consumer,10,2023-03-21,2026-11-13,1333,10,26,26,5337.531000,359,138.559300,452.3642857143,21.3148457063,4.0000,3,0,1,3,1,2
CB-12415,"Christy Brittain",Consumer,8,2024-11-05,2026-12-04,759,8,12,12,1921.816000,44,-100.803100,270.4611428571,1.6949252811,3.7500,1,0,0,1,0,4
CB-12535,"Claudia Bergmann",Corporate,8,2024-01-02,2026-06-16,896,8,19,19,4360.695500,229,1048.307300,545.0869375000,24.0860423815,3.7500,0,1,1,0,1,0
CC-12100,"Chad Cunningham","Home Office",6,2023-12-16,2025-09-29,653,6,13,13,1770.945000,46,-2997.805200,295.1575000000,-169.2771486410,3.0000,0,0,0,0,0,2
CC-12145,"Charles Crestani",Consumer,7,2023-07-20,2026-09-15,1153,7,11,11,2471.650000,110,394.318900,353.0928571429,16.2663821389,4.2857,0,0,1,0,1,0
CC-12220,"Chris Cortes",Consumer,12,2023-09-09,2026-12-10,1188,12,22,22,3367.502000,81,391.031600,273.5729090909,9.4523362473,4.0000,1,0,1,1,1,2
CC-12370,"Christopher Conant",Consumer,5,2025-05-23,2026-11-17,543,5,11,11,12129.072000,34,2177.049300,2425.8144000000,17.9490178639,3.6000,0,0,0,0,0,1
CC-12430,"Chuck Clark","Home Office",12,2023-05-20,2026-12-30,1320,11,25,25,4328.558000,81,411.398700,387.2668000000,7.2283883715,4.3333,2,1,1,2,1,2
CC-12475,"Cindy Chapman",Consumer,9,2023-05-16,2026-11-21,1285,9,13,13,1659.438000,40,154.851000,184.3820000000,9.3315327237,3.2222,0,0,0,0,0,1
CC-12550,"Clay Cheatham",Consumer,3,2026-06-15,2026-12-03,171,3,4,4,113.832000,14,33.870600,37.9440000000,29.7549019608,3.6667,0,0,0,0,0,0
CC-12610,"Corey Catlett",Corporate,7,2023-08-27,2026-11-26,1187,7,12,12,2540.631000,39,334.432500,362.9472857143,22.1228911881,3.0000,0,0,1,0,1,2
CC-12670,"Craig Carreira",Consumer,7,2023-12-23,2026-12-01,1074,7,14,14,2269.701500,284,188.888900,324.2430714286,10.7026775408,3.8571,0,0,1,0,1,1
CC-12685,"Craig Carroll",Consumer,4,2023-03-22,2024-10-23,581,4,12,12,2802.650000,51,850.159100,931.6686666667,32.0384285400,4.2500,1,0,0,1,0,1
CD-11920,"Carlos Daly",Consumer,5,2023-03-24,2026-11-20,1337,5,9,9,2033.968000,35,99.068800,406.7936000000,17.4168247944,4.2000,0,0,1,0,1,0
CD-11980,"Carol Darley",Consumer,3,2025-11-24,2026-11-06,347,3,6,6,320.806000,13,-206.717200,160.4030000000,-111.1663746937,4.6667,1,1,0,1,0,1
CD-12280,"Christina DeMoss",Consumer,2,2026-11-05,2026-11-18,13,2,13,13,906.564000,39,231.606600,NULL,NULL,4.0000,2,0,1,2,1,0
CD-12790,"Cynthia Delaney","Home Office",5,2023-02-02,2025-11-26,1028,5,15,15,1860.732000,49,403.842200,372.1464000000,32.0718838708,3.6000,0,0,1,0,1,0
CG-12040,"Catherine Glotzbach","Home Office",6,2024-06-01,2026-11-11,893,6,9,9,874.750000,37,73.212000,73.2892000000,12.0812002275,5.1667,1,0,1,1,1,0
CG-12520,"Claire Gute",Consumer,3,2024-10-15,2026-01-26,468,3,5,5,1017.404000,8,169.934400,506.0300000000,26.0173902733,1.3333,1,1,0,1,0,1
CH-12070,"Cathy Hwang","Home Office",3,2024-06-25,2025-02-08,228,3,4,4,1458.980000,11,195.151100,713.9380000000,14.1379433508,3.6667,1,1,0,1,0,1
CJ-11875,"Carl Jackson",Corporate,1,2025-12-30,2025-12-30,0,1,1,1,16.520000,5,1.652000,16.5200000000,10.0000000000,3.0000,0,0,0,0,0,0
CJ-12010,"Caroline Jumper",Consumer,8,2025-03-10,2026-06-24,471,8,20,20,7153.184000,71,851.326800,1052.8596666667,12.3629262174,4.7500,2,2,2,2,2,1
CK-12205,"Chloris Kastensmidt",Consumer,13,2023-03-11,2026-11-21,1351,11,32,32,3032.255000,280,141.283100,268.3002727273,1.8615337022,3.9231,2,0,0,2,0,5
CK-12325,"Christine Kargatis","Home Office",5,2023-03-14,2026-09-01,1267,5,12,12,2945.321000,46,261.220900,589.0642000000,8.8690129191,5.2000,0,0,0,0,0,1
CK-12595,"Clytie Kelty",Consumer,11,2023-12-26,2026-11-17,1057,11,25,25,2299.850000,737,497.709800,169.3880000000,12.8051632937,3.7273,2,1,0,1,0,2
CK-12760,"Cyma Kinney",Corporate,9,2023-02-07,2026-10-09,1340,9,14,14,1556.399000,59,-338.431100,193.4661250000,-22.5614820166,4.6667,1,1,0,1,0,2
CL-11890,"Carl Ludwig",Consumer,4,2023-07-26,2026-09-15,1147,4,7,7,1262.014000,24,316.487600,315.5035000000,-5.5340387303,2.5000,0,0,1,0,1,1
CL-12565,"Clay Ludtke",Consumer,12,2023-03-04,2026-03-21,1113,12,28,28,10581.866000,101,1964.175100,752.6006000000,19.9033312536,3.9167,2,2,1,2,1,0
CL-12700,"Craig Leslie","Home Office",5,2025-04-24,2026-09-16,510,5,8,8,2353.586000,34,229.009900,470.7172000000,9.7302541738,3.6000,0,0,0,0,0,1
CM-11815,"Candace McMahon",Corporate,6,2023-11-14,2026-08-21,1011,5,10,10,1673.888000,38,201.762200,278.9813333333,10.9237974407,3.8333,0,0,2,0,2,0
CM-11935,"Carlos Meador",Consumer,2,2024-09-24,2025-01-22,120,2,4,4,565.392000,18,-43.732400,282.6960000000,-7.7348812859,4.0000,0,0,0,0,0,1
CM-12115,"Chad McGuire",Consumer,4,2024-03-29,2026-12-22,998,4,7,7,1661.610000,35,312.753500,415.4025000000,18.8223169095,3.5000,0,0,0,0,0,1
CM-12160,"Charles McCrossin",Consumer,6,2025-10-21,2026-12-04,409,6,7,7,2533.314000,23,-317.371400,422.2190000000,-14.6771922418,3.6667,0,0,1,0,1,3
CM-12190,"Charlotte Melton",Consumer,6,2024-09-18,2026-12-22,825,6,7,7,1475.144000,21,87.088200,245.8573333333,5.9494928241,1.3333,0,0,1,0,1,1
CM-12235,"Chris McAfee",Consumer,5,2025-05-01,2025-12-10,223,5,8,8,905.768000,28,365.038700,226.4420000000,34.5056129163,4.0000,1,0,0,1,0,0
CM-12385,"Christopher Martinez",Consumer,4,2024-03-16,2026-11-23,982,4,10,10,6885.008000,34,3903.930400,254.9290000000,2.0000000000,4.2500,2,0,1,2,1,0
CM-12445,"Chuck Magee",Consumer,3,2023-06-09,2025-10-20,864,3,9,9,287.990000,269,64.429600,95.9966666667,22.3721657002,3.6667,0,0,0,0,0,0
CM-12655,"Corinna Mitchell","Home Office",6,2024-03-19,2026-12-03,989,6,10,10,6339.557600,358,1548.684300,1056.5929333333,27.4399881980,4.0000,0,0,1,0,1,0
CM-12715,"Craig Molinari",Corporate,4,2023-03-07,2024-03-01,360,4,13,13,3252.520400,55,176.310800,831.8928000000,2.3604804209,4.2500,2,1,0,1,0,1
Co-12640,Corey-Lock,Consumer,5,2023-06-20,2025-06-29,740,5,8,8,1300.076000,30,205.628200,260.0152000000,15.8166291817,5.2000,0,0,0,0,0,1
CP-12085,"Cathy Prescott",Corporate,8,2023-12-04,2026-10-09,1040,8,14,14,5356.366000,57,427.025800,765.1951428571,7.8009643105,3.3750,1,0,0,1,0,0
CP-12340,"Christine Phan",Corporate,8,2023-03-17,2026-07-23,1224,8,15,15,5608.147000,59,-1300.921900,461.6114000000,-38.0302479531,4.1250,3,0,2,3,2,3
CR-12580,"Clay Rozendal","Home Office",4,2025-04-18,2026-11-03,564,4,6,6,2138.324000,32,70.716500,712.7746666667,3.3070993919,4.0000,1,0,1,1,1,1
CR-12625,"Corey Roper","Home Office",3,2023-06-01,2025-09-16,838,3,4,4,475.900000,14,144.759400,158.6333333333,30.4180289977,4.0000,0,0,0,0,0,0
CR-12730,"Craig Reiter",Consumer,4,2023-08-20,2026-10-13,1150,3,6,6,1600.550000,18,-1793.922800,400.1375000000,-112.0816469339,4.5000,0,0,0,0,0,1
CR-12820,"Cyra Reiten","Home Office",3,2024-01-24,2026-10-06,986,3,7,7,1397.872400,26,83.270300,465.9574666667,5.9569314052,4.0000,0,0,0,0,0,1
CS-11845,"Cari Sayre",Corporate,5,2023-12-14,2026-09-30,1021,4,8,8,1278.954000,18,185.377600,255.7908000000,14.4944696995,3.0000,0,1,0,0,0,2
CS-11860,"Cari Schnelling",Consumer,6,2023-05-02,2026-07-21,1176,6,7,7,535.912000,16,101.282700,107.1824000000,20.0837718351,4.3333,1,0,1,1,1,1
CS-11950,"Carlos Soltero",Consumer,11,2023-06-08,2026-12-05,1276,9,22,22,1911.031000,302,-126.422300,191.2206666667,-2.2289141225,4.2727,2,1,0,2,0,4
CS-12130,"Chad Sievert",Consumer,4,2023-08-05,2025-08-28,754,4,7,7,884.640000,265,133.992100,221.1600000000,14.4141727016,4.7500,0,0,1,0,1,1
CS-12175,"Charles Sheldon",Corporate,5,2023-08-12,2026-05-12,1004,5,8,8,844.458000,30,111.042600,168.8916000000,37.6615431804,4.8000,0,0,1,0,1,1
CS-12250,"Chris Selesnick",Corporate,12,2023-01-13,2026-12-04,1421,11,28,28,2754.216000,97,738.362600,229.5180000000,26.8084493010,3.5833,0,0,0,0,0,0
CS-12355,"Christine Sundaresam",Consumer,11,2023-08-15,2026-12-24,1227,11,22,22,2959.810000,74,590.164200,294.9034000000,23.6121322256,3.9091,1,0,2,1,2,0
CS-12400,"Christopher Schild","Home Office",9,2023-09-26,2026-12-28,1189,8,14,14,3393.786500,47,-352.631300,239.5010000000,0.4737536091,3.6667,1,0,1,1,1,3
CS-12460,"Chuck Sachs",Consumer,2,2026-07-03,2026-12-03,153,2,6,6,550.644000,13,154.747300,275.3220000000,26.6923964611,5.0000,0,0,1,0,1,0
CS-12490,"Cindy Schnelling",Corporate,4,2024-01-12,2025-11-01,659,4,9,9,1077.228500,33,-309.855600,269.3071250000,-32.0908823047,4.2500,0,0,1,0,1,2
CS-12505,"Cindy Stewart",Consumer,6,2023-03-26,2026-11-02,1317,6,9,9,5690.055000,40,-6637.945500,948.3425000000,-117.5560887440,5.0000,0,0,1,0,1,1
CT-11995,"Carol Triggs",Consumer,11,2023-05-07,2026-09-25,1237,9,30,30,4494.978000,104,398.042900,341.2268000000,-1.2311292342,4.7273,1,0,2,1,2,2
CV-12295,"Christina VanderZanden",Consumer,5,2023-03-28,2026-04-20,1119,5,13,13,2830.628000,54,372.897300,566.1256000000,13.1736596967,3.8000,0,0,0,0,0,1
CV-12805,"Cynthia Voltz",Corporate,9,2025-05-09,2026-12-25,595,9,19,19,2068.144000,220,-501.525700,157.5908571429,-76.5424350109,3.6667,3,0,1,2,1,3
CW-11905,"Carl Weiss","Home Office",6,2023-06-09,2026-12-08,1278,6,11,11,1136.592000,40,370.829800,189.4320000000,32.6264657854,3.5000,0,0,0,0,0,0
CY-12745,"Craig Yedwab",Corporate,8,2023-12-12,2026-10-31,1054,8,11,11,2689.634000,43,25.912700,384.2334285714,14.9419241495,3.6250,1,0,1,1,1,1
DA-13450,"Dianna Arnett","Home Office",4,2023-04-25,2026-01-12,993,4,8,8,140.056000,27,37.079200,34.6693333333,33.9012496190,4.2500,1,0,2,1,2,0
DB-12910,"Daniel Byrd","Home Office",8,2023-10-24,2026-12-09,1142,7,12,12,1256.463000,43,431.374800,163.4175714286,24.0958351218,3.7500,1,1,0,1,0,2
DB-12970,"Darren Budd",Corporate,5,2023-11-12,2026-05-03,903,5,14,14,2565.659200,43,201.444200,617.4168000000,6.7762571410,3.6000,1,0,1,1,1,0
DB-13060,"Dave Brooks",Consumer,7,2023-03-01,2026-12-14,1384,7,13,13,4207.670000,48,766.014400,701.2783333333,20.0621918073,2.7143,1,0,1,1,1,0
DB-13120,"David Bremer",Corporate,7,2024-05-01,2026-11-12,925,7,14,14,2973.094000,217,-1582.278200,424.7277142857,-110.9946930292,4.1429,0,0,3,0,3,1
DB-13210,"Dean Braden",Consumer,10,2024-03-22,2026-12-21,1004,9,21,21,2188.809000,73,191.135900,152.8025000000,24.5203744431,3.6000,2,1,1,2,1,3
DB-13270,"Deborah Brumfield","Home Office",8,2023-02-04,2026-11-07,1372,8,13,13,4583.477000,52,841.826400,267.7324285714,3.1646628003,4.1250,1,0,0,1,0,2
DB-13360,"Dennis Bolton","Home Office",5,2023-11-19,2026-04-10,873,5,6,6,1081.466000,28,275.400700,216.2932000000,26.5213836539,4.6000,0,0,1,0,1,0
DB-13405,"Denny Blanton",Consumer,8,2023-08-08,2026-08-08,1096,5,26,26,3499.310000,98,1177.662200,454.0071428571,32.0029806606,3.2500,3,1,3,1,2,0
DB-13555,"Dorothy Badders",Corporate,7,2023-04-21,2026-09-14,1242,7,14,14,2956.922800,61,7.676200,576.5141600000,-8.3188978466,4.8571,2,0,1,2,1,1
DB-13615,"Doug Bickford",Consumer,7,2023-09-30,2026-11-27,1154,7,11,11,1989.050000,41,438.801200,284.1500000000,22.0608431161,4.0000,0,0,0,0,0,1
DB-13660,"Duane Benoit",Consumer,7,2023-06-17,2026-12-18,1280,7,10,10,1155.202000,33,177.673500,165.0288571429,15.3802971255,5.0000,0,0,0,0,0,2
DC-12850,"Dan Campbell",Consumer,9,2023-07-05,2026-11-23,1237,9,18,18,3064.120000,64,-1442.106500,119.1552500000,-31.0984094280,3.0000,1,0,1,1,1,3
DC-13285,"Debra Catini",Consumer,5,2023-12-29,2026-12-07,1074,5,7,7,1174.618000,37,132.068200,234.9236000000,11.2435021428,3.8000,0,0,0,0,0,1
DD-13570,"Dorothy Dickinson",Consumer,6,2023-03-31,2026-11-19,1329,6,9,9,266.238000,26,36.434400,53.2476000000,13.2815751320,3.6667,1,1,0,1,0,2
DE-13255,"Deanra Eno","Home Office",5,2023-08-22,2025-01-11,508,5,9,9,2550.874000,38,474.343800,510.1748000000,18.2511066910,3.2000,0,0,1,0,1,0
DF-13135,"David Flashing",Consumer,3,2023-10-04,2025-01-30,484,3,6,6,2390.534000,23,-410.098000,796.8446666667,47.0000000000,4.0000,0,0,2,0,2,0
DG-13300,"Deirdre Greer",Corporate,5,2023-11-01,2026-11-28,1123,5,8,8,3195.818000,39,562.776100,639.1636000000,17.6097668891,2.8000,0,0,0,0,0,1
DH-13075,"Dave Hallsten",Corporate,6,2023-11-21,2026-03-28,858,6,23,23,5100.272000,75,332.617700,820.7705000000,-9.9542533510,3.8333,2,2,1,2,1,2
DH-13675,"Duane Huffman","Home Office",4,2023-08-12,2024-11-15,461,4,11,11,559.260000,33,112.470500,62.6300000000,23.0613124701,2.0000,3,2,1,2,1,0
DJ-13420,"Denny Joy",Corporate,4,2023-12-08,2025-04-02,481,4,5,5,2012.520000,20,461.262200,503.1300000000,23.4481282661,4.2500,0,0,1,0,1,0
DJ-13510,"Don Jones",Corporate,8,2023-08-17,2026-11-12,1183,8,13,13,2436.728000,289,345.252100,343.7382857143,12.8353838967,3.6250,1,0,0,1,0,2
DJ-13630,"Doug Jacobs",Consumer,3,2024-12-14,2026-12-18,734,3,8,8,3356.398000,43,731.564400,1118.7993333333,21.7961159553,4.3333,0,0,0,0,0,0
DK-12835,"Damala Kotsonis",Corporate,12,2023-03-26,2026-12-09,1354,12,27,27,2692.856000,86,881.122800,266.4456000000,30.1122105225,3.6667,3,0,0,2,0,2
DK-12895,"Dana Kaydos",Consumer,5,2024-03-08,2026-11-15,982,5,15,15,4039.552000,54,-1104.682900,806.2520000000,-15.1599903008,5.0000,1,2,0,1,0,2
DK-12985,"Darren Koutras",Consumer,5,2023-11-24,2026-12-23,1125,5,8,8,1687.040000,32,-107.353800,337.4080000000,-6.3634412936,4.0000,0,0,0,0,0,3
DK-13090,"Dave Kipp",Consumer,7,2024-03-02,2026-11-18,991,7,13,13,2650.557000,33,224.398700,378.6510000000,13.5481829715,4.0000,0,0,1,0,1,2
DK-13150,"David Kendrick",Corporate,2,2023-12-05,2026-12-20,1111,2,5,5,797.832000,20,249.944700,398.9160000000,31.3279863430,5.0000,0,0,0,0,0,0
DK-13225,"Dean Katz",Corporate,9,2023-03-14,2026-12-20,1377,8,19,19,4802.394000,70,205.147400,533.5993333333,4.2580924866,3.8889,0,0,1,0,1,3
DK-13375,"Dennis Kane",Consumer,8,2023-09-07,2026-12-11,1191,8,23,23,2806.706000,77,366.189900,538.1568000000,15.4147299625,3.3750,3,0,1,3,1,3
DL-12865,"Dan Lawera",Consumer,8,2023-06-29,2026-09-21,1180,7,14,14,1503.112000,51,322.244900,187.8890000000,21.4385155597,5.2500,0,0,0,0,0,1
DL-12925,"Daniel Lacy",Consumer,6,2023-09-09,2026-11-03,1151,6,14,14,1972.210000,41,-731.664000,394.4420000000,-19.3967888943,3.8333,1,1,1,1,1,2
DL-13315,"Delfina Latchford",Consumer,8,2023-01-16,2026-12-08,1422,8,17,17,1368.726000,74,266.328800,167.8010000000,17.8877718685,3.7500,2,0,3,2,3,0
DL-13330,"Denise Leinenbach",Consumer,4,2023-06-23,2026-11-03,1229,4,8,8,585.020000,32,222.681200,146.2550000000,38.0638610646,3.5000,0,0,0,0,0,0
DL-13495,"Dionis Lloyd",Corporate,8,2024-12-25,2026-10-15,659,8,12,12,3539.322000,32,-52.788000,442.4152500000,-1.4914720955,3.5000,0,1,0,0,0,1
Dl-13600,"Dorris liebe",Corporate,5,2023-03-30,2026-09-02,1252,4,6,6,753.978000,19,175.238800,188.4945000000,23.8342232797,5.0000,1,0,0,1,0,1
DM-12955,"Dario Medina",Corporate,7,2023-09-30,2026-09-07,1073,7,9,9,1240.466000,28,55.097500,206.7443333333,3.8663131436,3.8571,1,0,0,1,0,3
DM-13015,"Darrin Martin",Consumer,7,2023-09-14,2026-11-03,1146,7,20,20,6334.735000,87,1656.327700,948.0771666667,0.6639917817,2.4286,1,0,1,1,1,2
DM-13345,"Denise Monton",Corporate,8,2023-11-03,2026-12-08,1131,8,13,13,4074.472000,41,1319.058600,509.3090000000,32.3737308785,5.0000,0,0,0,0,0,1
DM-13525,"Don Miller",Corporate,3,2023-07-05,2025-09-05,793,3,10,10,1366.982000,33,199.768800,567.1230000000,16.3347809911,3.0000,1,0,0,1,0,0
DN-13690,"Duane Noonan",Consumer,7,2023-09-20,2026-05-27,980,7,11,11,2139.790000,357,-3875.312300,305.6842857143,-181.1071320083,5.1429,0,0,0,0,0,1
DO-13435,"Denny Ordway",Consumer,9,2023-10-03,2026-08-19,1051,8,13,13,1300.031500,48,-38.908600,144.4479444444,-2.9928967106,3.7778,0,0,0,0,0,1
DO-13645,"Doug O'Connell",Consumer,9,2023-08-19,2026-12-04,1203,8,13,13,3005.606000,36,430.867900,336.2095000000,17.8622409833,4.5556,1,1,2,1,2,0
DP-13000,"Darren Powers",Consumer,9,2023-01-03,2026-08-26,1331,9,17,17,1050.636000,58,241.452400,116.7373333333,22.9815464157,4.5556,0,0,0,0,0,3
DP-13105,"Dave Poirier",Corporate,8,2024-08-22,2026-12-24,854,8,14,14,2185.770000,58,563.176100,364.2950000000,25.3229342520,4.6250,2,1,0,2,0,1
DP-13165,"David Philippe",Consumer,2,2023-12-02,2024-10-10,313,2,4,4,1058.616000,20,-40.937600,529.3080000000,-3.8670868379,4.5000,0,0,0,0,0,1
Dp-13240,"Dean percer","Home Office",11,2023-05-26,2026-10-07,1230,11,29,29,7198.761000,410,-862.453200,654.4328181818,-21.3868791918,4.0000,0,1,3,0,3,3
DP-13390,"Dennis Pardue","Home Office",9,2023-07-05,2026-01-06,916,9,14,14,5105.010000,45,-22752.339500,729.2871428571,-445.0483916780,4.3333,2,2,0,2,0,4
DR-12880,"Dan Reichenbach",Corporate,9,2024-09-25,2026-12-27,823,9,24,24,6528.034000,103,1636.728300,725.3371111111,25.1268031896,3.4444,0,0,1,0,1,2
DR-12940,"Daniel Raglin","Home Office",8,2023-03-28,2026-11-10,1323,8,13,13,8290.128000,57,2869.076000,994.6297142857,35.3214204051,4.3750,1,0,0,1,0,4
DS-13030,"Darrin Sayre","Home Office",4,2023-07-09,2026-09-28,1177,4,19,19,1762.213000,289,-65.149500,440.5532500000,25.1323822072,3.2500,0,1,3,0,3,0
DS-13180,"David Smith",Corporate,9,2023-04-28,2026-12-07,1319,9,20,20,2881.812800,68,163.699300,320.2014222222,5.6804279584,4.6667,0,0,0,0,0,2
DV-13045,"Darrin Van Huff",Corporate,5,2025-06-12,2026-12-11,547,5,9,9,397.608000,28,-427.184000,61.4180000000,8.2050050474,3.4000,1,0,0,1,0,2
DV-13465,"Dianna Vittorini",Consumer,6,2023-06-22,2026-12-01,1258,6,15,15,3341.587000,62,353.212700,556.9311666667,10.5702081077,3.1667,0,0,0,0,0,0
DW-13195,"David Wiener",Corporate,6,2023-01-18,2026-10-22,1373,6,9,9,1080.751000,39,-86.873800,180.1251666667,-8.0382807881,5.0000,0,0,0,0,0,2
DW-13480,"Dianna Wilson","Home Office",5,2023-06-01,2026-05-27,1091,5,11,11,5237.048000,37,1348.755600,1309.2620000000,25.5626337586,4.4000,1,1,0,1,0,0
DW-13540,"Don Weiss",Consumer,5,2025-02-27,2026-09-23,573,5,9,9,344.080000,21,69.667200,68.8160000000,20.2473843292,3.8000,0,0,0,0,0,1
DW-13585,"Dorothy Wardle",Corporate,7,2023-08-24,2026-05-02,982,7,10,10,1204.854000,44,-266.896600,172.1220000000,-22.1517793857,3.8571,0,0,0,0,0,2
EA-14035,"Erin Ashbrook",Corporate,13,2023-09-13,2026-07-31,1052,13,25,25,2666.753000,81,-43.556100,240.8863333333,8.9978168588,3.5385,4,2,1,4,1,4
EB-13705,"Ed Braxton",Corporate,9,2023-07-08,2026-11-12,1223,9,12,12,3644.978000,55,-2410.883100,404.9975555556,-66.1425967454,3.5556,0,0,0,0,0,3
EB-13750,"Edward Becker",Corporate,10,2024-03-12,2026-11-25,988,10,20,20,3236.314000,91,-93.030000,323.6314000000,-3.8706765869,3.6000,0,0,1,0,1,2
EB-13840,"Ellis Ballard",Corporate,5,2023-05-30,2026-10-01,1220,5,8,8,4358.128000,673,45.336400,871.6256000000,-11.3307657792,5.0000,0,0,2,0,2,1
EB-13870,"Emily Burns",Consumer,10,2023-05-05,2026-09-21,1235,10,11,11,2713.237000,41,274.327500,301.4707777778,10.5519368055,5.0000,1,0,1,1,1,5
EB-13930,"Eric Barreto",Consumer,5,2023-02-02,2026-07-22,1266,5,7,7,944.600000,24,0.604200,188.9200000000,0.0639635825,4.4000,0,0,0,0,0,1
EB-13975,"Erica Bern",Corporate,4,2025-01-04,2026-12-30,725,4,6,6,1643.255000,18,-4756.957900,410.8137500000,-289.4838536928,4.0000,0,0,0,0,0,2
EB-14110,"Eugene Barchas",Consumer,6,2024-04-13,2026-09-08,878,5,11,11,2829.558000,30,190.169400,469.9276000000,9.8161933136,4.8333,1,0,2,1,2,0
EB-14170,"Evan Bailliet",Consumer,6,2023-09-29,2026-10-09,1106,6,7,7,1186.326000,20,282.170100,197.7210000000,23.7852074388,3.0000,0,0,0,0,0,1
EC-14050,"Erin Creighton",Consumer,5,2023-12-17,2026-11-07,1056,5,7,7,423.754000,28,96.425600,105.9385000000,18.2524766728,4.4000,1,1,0,1,0,1
ED-13885,"Emily Ducich","Home Office",8,2023-08-09,2026-08-17,1104,7,14,14,3484.920000,54,608.762300,435.6150000000,17.4684727340,3.7500,0,0,0,0,0,1
EG-13900,"Emily Grady",Consumer,5,2024-11-02,2026-12-08,766,5,9,9,1832.020000,44,92.637200,366.4040000000,5.0940088598,4.4000,0,0,1,0,1,1
EH-13765,"Edward Hooks",Corporate,12,2023-04-12,2026-08-17,1223,12,32,32,10310.880000,831,1386.162600,859.2400000000,22.1537576280,3.6667,0,0,1,0,1,1
EH-13945,"Eric Hoffmann",Consumer,8,2023-07-02,2026-05-27,1060,8,17,17,684.171000,72,41.765700,85.5213750000,6.4512598096,3.0000,0,0,1,0,1,2
EH-13990,"Erica Hackney",Consumer,6,2023-01-15,2025-11-20,1040,6,8,8,497.954000,20,150.375900,99.5908000000,19.2206308213,3.6667,1,0,0,1,0,1
EH-14005,"Erica Hernandez","Home Office",7,2023-05-13,2026-12-28,1325,7,11,11,1219.530000,600,-292.580800,174.2185714286,-32.2036532084,2.7143,0,1,1,0,1,3
EH-14125,"Eugene Hildebrand","Home Office",14,2023-10-19,2026-10-19,1096,11,22,22,3143.483000,84,114.594100,224.5345000000,7.1516044263,4.3571,0,0,1,0,1,4
EH-14185,"Evan Henry",Consumer,6,2023-05-22,2026-09-16,1213,6,8,8,923.884000,22,242.110700,153.9806666667,26.2057466089,4.3333,0,0,0,0,0,2
EJ-13720,"Ed Jacobs",Consumer,4,2023-01-27,2026-03-03,1131,4,8,8,2162.174000,31,403.667600,540.5435000000,21.7420933631,4.7500,0,0,1,0,1,1
EJ-14155,"Eva Jacobs",Consumer,5,2023-03-03,2026-11-03,1341,5,8,8,2656.691000,29,-1331.111200,531.3382000000,-50.1041031870,4.4000,0,1,0,0,0,2
EK-13795,"Eileen Kiefer","Home Office",4,2023-03-18,2026-11-16,1339,4,4,4,1303.478000,18,97.106600,325.8695000000,7.4498073615,3.2500,0,0,0,0,0,0
EL-13735,"Ed Ludwig","Home Office",2,2025-04-22,2026-10-14,540,2,2,2,124.280000,9,27.115400,62.1400000000,21.8179916318,4.5000,0,0,0,0,0,0
EM-13810,"Eleni McCrary",Corporate,5,2024-06-07,2026-08-20,804,5,7,7,2567.010000,255,-133.827500,513.4020000000,-5.2133610699,2.0000,0,1,0,0,0,2
EM-13825,"Elizabeth Moffitt",Corporate,8,2023-12-02,2026-11-05,1069,8,16,16,2064.798000,136,694.216400,284.9054285714,27.3572398023,4.5000,1,0,1,1,1,0
EM-13960,"Eric Murdock",Consumer,5,2024-10-01,2026-08-01,669,5,6,6,933.704000,18,106.784000,186.7408000000,12.6608138754,3.8000,0,0,1,0,1,0
EM-14065,"Erin Mull",Consumer,4,2023-07-22,2026-11-13,1210,4,6,6,218.718000,654,40.154600,69.1620000000,21.7756378744,4.2500,1,0,0,1,0,2
EM-14095,"Eudokia Martin",Corporate,4,2024-08-07,2026-09-08,762,4,10,10,1041.042000,34,240.236200,260.2605000000,23.0765137237,2.7500,0,0,0,0,0,0
EM-14140,"Eugene Moren","Home Office",6,2023-07-19,2026-11-12,1212,6,21,21,4474.868000,74,1324.350900,723.2712000000,34.3607183585,3.1667,1,0,2,1,1,0
EM-14200,"Evan Minnotte","Home Office",3,2024-12-20,2026-07-25,582,3,4,4,366.822000,13,21.772100,122.2740000000,5.9353310325,4.6667,0,0,0,0,0,1
EN-13780,"Edward Nazzal",Consumer,4,2024-05-30,2026-03-18,657,4,9,9,2062.582000,27,-6617.596400,212.2240000000,15.5058805790,2.5000,1,0,0,1,0,1
EP-13915,"Emily Phan",Consumer,17,2023-07-06,2026-12-18,1261,17,31,31,5163.504800,116,94.037000,224.7557142857,14.8009761461,4.4706,3,1,1,3,1,5
ER-13855,"Elpida Rittenbach",Corporate,3,2024-12-21,2025-11-04,318,3,5,5,1245.788000,27,-295.739800,415.2626666667,-23.7391755259,3.6667,0,0,0,0,0,1
ES-14020,"Erica Smith",Consumer,5,2023-09-20,2026-11-20,1157,5,8,8,3510.458000,31,959.247500,702.0916000000,28.2713508569,4.6000,0,0,1,0,1,1
ES-14080,"Erin Smith",Corporate,9,2023-10-02,2026-12-02,1157,8,20,20,4652.710000,77,246.666100,523.2875000000,11.4028832143,3.8889,1,0,0,1,0,3
FA-14230,"Frank Atkinson",Corporate,7,2023-09-19,2026-09-24,1101,7,17,17,2057.678000,48,503.908000,64.9066666667,10.0632703369,4.0000,4,1,1,4,1,1
FC-14245,"Frank Carlisle","Home Office",7,2024-06-13,2026-10-21,860,7,14,14,3418.742000,50,1201.009400,488.3917142857,37.1003981035,3.4286,0,0,1,0,1,0
FC-14335,"Fred Chung",Corporate,7,2023-10-10,2026-06-29,993,7,10,10,3884.182000,37,601.718600,647.3636666667,16.5338838893,3.4286,1,0,1,1,1,1
FG-14260,"Frank Gastineau","Home Office",11,2023-05-21,2026-11-26,1285,8,17,17,2124.784000,63,683.637500,193.1621818182,27.9766881985,4.0909,0,1,1,0,1,3
FH-14275,"Frank Hawley",Corporate,10,2023-04-06,2026-11-23,1327,9,21,21,4256.272000,378,-3896.884300,425.6272000000,-91.5562797678,3.6000,0,1,0,0,0,2
FH-14350,"Fred Harton",Consumer,4,2024-08-23,2026-06-01,647,4,14,14,2112.908000,52,706.289000,693.7886666667,35.2271152695,4.2500,1,0,0,1,0,1
FH-14365,"Fred Hopkins",Corporate,8,2023-10-20,2026-12-25,1162,8,13,13,3837.266000,52,2052.541200,339.9894285714,4.9242838821,3.6250,1,0,1,1,1,1
FM-14215,"Filia McAdams",Corporate,10,2023-03-11,2026-12-23,1383,9,15,15,2456.638000,48,249.680800,245.6638000000,10.1635161550,3.8000,0,0,0,0,0,3
FM-14290,"Frank Merwin","Home Office",9,2023-08-26,2026-11-24,1186,9,20,20,3736.198000,79,93.362300,415.1331111111,2.7040076600,3.4444,0,0,2,0,1,2
FM-14380,"Fred McMath",Consumer,11,2024-07-12,2026-12-09,880,10,18,18,2729.050000,63,220.076000,264.9076000000,9.4145958817,4.2727,1,0,1,1,1,1
FO-14305,"Frank Olsen",Consumer,10,2023-06-09,2026-11-22,1262,10,15,15,2678.438000,57,215.596900,267.8438000000,8.0493518984,4.1000,0,1,0,0,0,4
FP-14320,"Frank Preis",Consumer,8,2023-12-07,2026-12-07,1096,8,14,14,4016.074000,54,519.729300,419.4425714286,21.9463134144,4.2500,1,0,1,1,1,0
FW-14395,"Fred Wasserman",Corporate,3,2024-03-22,2026-01-02,651,3,3,3,79.750000,9,23.491300,26.5833333333,29.4561755486,3.0000,0,0,0,0,0,0
GA-14515,"George Ashbrook",Consumer,8,2023-05-18,2026-08-03,1173,8,14,14,3250.264000,48,808.265800,114.9540000000,34.6684147001,4.0000,2,0,1,2,1,0
GA-14725,"Guy Armstrong",Consumer,11,2023-02-11,2026-12-25,1413,11,22,22,1398.382000,79,129.715900,127.1256363636,9.4654535053,3.9091,0,0,1,0,1,2
GB-14530,"George Bell",Corporate,11,2023-04-28,2026-10-29,1280,10,20,20,1568.440000,58,-34.554900,142.5854545455,-2.5473947275,3.9091,0,1,1,0,1,2
GB-14575,"Giulietta Baptist",Consumer,5,2024-06-12,2026-12-17,918,5,16,16,4322.788000,55,1091.535300,1413.4573333333,21.8249884680,4.4000,2,1,1,2,1,0
GD-14590,"Giulietta Dortch",Corporate,4,2023-05-05,2026-12-25,1330,4,6,6,1888.070000,25,230.937300,472.0175000000,12.2313950224,3.2500,0,0,0,0,0,1
GG-14650,"Greg Guthrie",Corporate,13,2023-10-05,2026-11-17,1139,11,36,36,8548.740000,125,1378.009200,829.5017777778,19.2063234215,4.3077,4,2,3,4,2,4
GH-14410,"Gary Hansen","Home Office",9,2023-07-09,2026-10-16,1195,9,17,17,2819.467000,460,11.924600,313.2741111111,0.3882938918,4.1111,0,0,3,0,3,2
GH-14425,"Gary Hwang",Consumer,4,2023-06-17,2026-11-10,1242,4,10,10,4061.056000,44,1132.820000,1353.6853333333,27.8947150692,4.7500,1,1,1,1,1,1
GH-14485,"Gene Hale",Corporate,2,2024-10-08,2025-12-08,426,2,3,3,1361.244000,15,-218.923500,680.6220000000,-97.5000000000,3.5000,0,0,1,0,1,1
GH-14665,"Greg Hansen",Consumer,2,2024-11-17,2026-12-28,771,2,3,3,146.940800,7,-5.810200,73.4704000000,-3.9541094100,4.0000,0,1,0,0,0,1
GK-14620,"Grace Kelly",Corporate,9,2023-06-25,2026-09-09,1172,8,14,14,6497.270000,619,1448.552500,721.9188888889,22.2947868874,3.8889,0,0,0,0,0,0
GM-14440,"Gary McGarr",Consumer,7,2023-03-21,2026-10-08,1297,6,11,11,2810.140000,39,347.266000,468.3566666667,8.5081455016,4.0000,1,1,0,1,0,0
GM-14455,"Gary Mitchum","Home Office",6,2023-04-11,2026-12-14,1343,6,12,12,3078.624000,54,793.281400,513.1040000000,25.7674012806,5.1667,0,0,0,0,0,0
GM-14500,"Gene McClure",Consumer,10,2023-08-09,2026-09-15,1133,9,13,13,1248.610000,53,145.251400,138.7344444444,19.4028314436,4.7000,1,0,1,1,1,1
GM-14680,"Greg Matthias",Consumer,6,2023-05-10,2026-07-31,1178,6,11,11,3163.628000,426,35.486500,527.2713333333,1.1217026781,4.6667,0,0,0,0,0,3
GM-14695,"Greg Maxwell",Corporate,3,2023-04-05,2026-09-04,1248,3,11,11,6049.966000,44,182.065100,2016.6553333333,4.2518267052,4.0000,0,0,1,0,1,1
GP-14740,"Guy Phonely",Corporate,2,2023-04-06,2024-11-26,600,2,5,5,236.530000,21,31.837600,118.2650000000,13.4602798799,4.0000,0,0,0,0,0,1
GR-14560,"Georgia Rosenberg",Corporate,2,2023-11-19,2023-11-21,2,2,5,5,1071.300000,23,123.880800,12.9600000000,48.0000000000,5.5000,1,0,1,1,1,0
GT-14635,"Grant Thornton",Corporate,3,2023-06-06,2026-11-04,1247,3,6,6,9334.072000,24,-4108.658900,4096.3820000000,-46.5834118986,3.6667,1,1,0,1,0,2
GT-14710,"Greg Tran",Consumer,11,2023-05-23,2026-11-24,1281,10,29,29,8287.424000,106,1436.865000,332.1460000000,17.1494028396,4.3636,2,0,1,2,1,0
GT-14755,"Guy Thornton",Consumer,4,2024-02-18,2026-11-26,1012,4,7,7,989.456000,23,-10.813800,247.3640000000,-2.2205838402,4.5000,0,0,1,0,1,1
GW-14605,"Giulietta Weimer",Consumer,7,2023-03-01,2026-12-02,1372,7,9,9,2189.019000,43,-1496.622300,312.7170000000,-68.3695436175,4.5714,0,0,0,0,0,3
GZ-14470,"Gary Zandusky",Consumer,9,2023-08-05,2026-12-23,1236,9,14,14,4355.150000,285,853.657300,483.9055555556,22.2658027179,3.5556,0,0,2,0,2,0
GZ-14545,"George Zrebassa",Corporate,8,2023-09-28,2026-07-26,1032,5,9,9,2529.110000,38,860.691800,316.1387500000,34.0314102589,5.0000,0,0,0,0,0,0
HA-14905,"Helen Abelman",Consumer,7,2023-06-30,2026-10-22,1210,7,10,10,2145.804000,45,269.492400,357.6340000000,17.6219188989,4.0000,1,0,2,1,2,1
HA-14920,"Helen Andreada",Consumer,8,2023-10-11,2026-12-10,1156,7,18,18,2584.158000,72,99.144500,323.0197500000,3.8366268626,3.7500,0,0,0,0,0,2
HD-14785,"Harold Dahlen","Home Office",3,2023-05-11,2024-11-22,561,3,7,7,251.360000,31,-135.876000,83.7866666667,-54.0563335455,3.6667,0,0,0,0,0,2
HE-14800,"Harold Engle",Corporate,4,2025-01-30,2026-12-18,687,3,11,11,883.532000,44,265.207400,220.8830000000,35.5167781343,5.0000,0,0,1,0,1,0
HF-14995,"Herbert Flentye",Consumer,7,2023-05-26,2026-12-09,1293,7,19,19,1831.521000,70,122.324600,341.6070000000,12.5275253603,4.7143,2,0,2,2,2,1
HG-14845,"Harry Greene",Consumer,5,2023-04-29,2026-11-06,1287,5,10,10,511.564000,31,147.003200,113.7150000000,5.5163346964,3.8000,1,0,0,1,0,1
HG-14965,"Henry Goldwyn",Corporate,12,2023-09-20,2026-12-07,1174,12,17,17,3216.282000,67,-2797.963500,292.3892727273,-87.4812438710,4.3333,1,1,0,1,0,4
HG-15025,"Hunter Glantz",Consumer,7,2023-10-14,2026-12-24,1167,7,11,11,3690.284000,38,804.611300,527.1834285714,21.8035061800,3.7143,0,0,0,0,0,0
HH-15010,"Hilary Holden",Corporate,2,2023-08-29,2026-10-19,1147,1,6,6,218.668000,20,90.084800,109.3340000000,48.8916288125,2.5000,0,0,1,0,1,0
HJ-14875,"Heather Jas","Home Office",5,2024-04-13,2026-08-26,865,5,6,6,358.100000,21,98.654800,71.6200000000,27.5495113097,2.4000,0,0,0,0,0,0
HK-14890,"Heather Kirkland",Corporate,8,2023-06-10,2026-08-01,1148,8,15,15,2423.008000,459,311.268600,344.8566666667,28.6228282017,4.5000,2,0,2,2,2,0
HL-15040,"Hunter Lopez",Consumer,6,2023-01-20,2026-11-17,1397,6,11,11,2373.328000,50,5622.429200,474.6656000000,24.5412180702,4.6667,1,0,0,1,0,0
HM-14860,"Harry Marie",Corporate,10,2023-07-21,2026-12-28,1256,10,20,20,8139.832800,76,2385.808400,933.5158500000,32.9247087770,4.9000,3,0,0,2,0,4
HM-14980,"Henry MacAllister",Consumer,4,2024-10-02,2026-04-27,572,4,7,7,724.468000,26,113.142700,55.6466666667,25.9544147598,4.0000,1,1,1,1,1,0
HO-15230,"Harry Olson",Consumer,4,2023-12-30,2026-12-30,1096,1,10,10,944.222000,38,329.353000,271.9790000000,30.2737527530,4.5000,2,0,0,2,0,2
HP-14815,"Harold Pawlan","Home Office",7,2023-05-06,2026-11-30,1304,7,10,10,1921.504000,44,373.863700,319.8266666667,26.1359121608,3.5714,1,0,0,1,0,1
HR-14770,"Hallie Redmond","Home Office",5,2023-03-01,2026-12-17,1387,5,13,13,1299.288000,196,183.975600,259.8576000000,14.2247562141,4.2000,0,0,1,0,1,0
HR-14830,"Harold Ryan",Corporate,7,2023-11-24,2026-07-24,973,7,14,14,5040.941000,47,1196.950400,753.9901666667,22.9058955455,3.2857,1,2,0,1,0,0
HW-14935,"Helen Wasserman",Corporate,8,2024-09-27,2026-09-04,707,8,20,20,7374.374000,85,1792.845100,689.7048571429,7.8804272242,3.5000,1,0,1,1,1,1
HZ-14950,"Henia Zydlo",Consumer,5,2025-03-14,2026-11-25,621,4,6,6,886.520000,21,-130.387900,177.3040000000,-14.7078351306,4.4000,0,0,0,0,0,3
IG-15085,"Ivan Gibson",Consumer,4,2023-10-18,2026-10-20,1098,4,7,7,374.434000,19,320.498200,124.8113333333,47.0426296757,5.5000,1,0,0,1,0,0
IL-15100,"Ivan Liston",Consumer,7,2023-08-01,2026-08-10,1105,6,14,14,3771.916000,613,1121.937000,580.3860000000,22.1515566077,4.2857,1,0,0,1,0,0
IM-15055,"Ionia McGrath",Consumer,3,2023-01-23,2025-11-16,1028,3,4,4,2872.630000,19,975.770100,957.5433333333,33.9678308728,2.0000,0,0,0,0,0,0
IM-15070,"Irene Maddox",Consumer,7,2023-12-19,2025-12-05,717,7,21,21,4930.474000,93,663.829100,704.3534285714,20.1661517995,4.2857,0,0,3,0,1,1
JA-15970,"Joseph Airdo",Consumer,8,2023-09-17,2026-09-29,1108,8,24,24,6461.101000,245,-797.935900,881.8190000000,-14.2407244895,4.3750,1,0,2,1,1,3
JB-15400,"Jennifer Braxton",Corporate,12,2023-08-19,2026-12-23,1222,11,18,18,1796.485000,49,174.714400,156.8165000000,16.4314852072,4.0833,2,0,0,2,0,3
JB-15925,"Joni Blumstein",Consumer,3,2023-12-05,2024-12-24,385,3,8,8,900.552000,190,-286.980800,300.1840000000,-31.8672103332,3.0000,0,0,0,0,0,1
JB-16000,"Joy Bell-",Consumer,7,2025-01-10,2026-11-17,676,7,7,7,644.118800,32,118.794500,92.0169714286,19.1448773479,4.2857,0,0,1,0,1,1
JB-16045,"Julia Barnett","Home Office",5,2024-05-03,2026-12-23,964,5,9,9,2518.115000,32,201.518500,503.6230000000,8.0027520586,5.0000,0,0,0,0,0,1
JC-15340,"Jasper Cacioppo",Consumer,4,2023-01-28,2026-09-07,1318,4,4,4,71.263000,12,-0.355600,17.8157500000,-0.4989966743,5.0000,0,0,0,0,0,1
JC-15385,"Jenna Caffey",Consumer,1,2026-07-08,2026-07-08,0,1,4,4,1058.108000,14,502.924400,1058.1080000000,47.5305356353,7.0000,0,0,0,0,0,0
JC-15775,"John Castell",Consumer,9,2023-09-14,2026-07-25,1045,9,16,16,2629.655000,295,279.569200,327.8118750000,8.5202984181,3.6667,1,2,0,1,0,1
JC-16105,"Julie Creighton",Corporate,5,2023-11-18,2026-11-03,1081,5,9,9,858.576000,43,201.595200,171.7152000000,23.4801811371,4.4000,0,0,0,0,0,0
JD-15790,"John Dryer",Consumer,5,2024-04-02,2026-09-04,885,5,7,7,2152.352000,26,-266.552500,430.4704000000,-12.3842429119,5.2000,0,0,0,0,0,1
JD-15895,"Jonathan Doherty",Corporate,11,2023-03-26,2025-12-01,981,10,32,32,7478.816000,150,1149.612100,753.4375555556,24.2608089237,3.5455,2,0,1,2,1,1
JD-16015,"Joy Daniels",Consumer,6,2023-10-04,2026-09-09,1071,6,11,11,379.172000,39,7.622900,71.3200000000,2.4063980386,4.1667,1,0,1,1,1,3
JD-16060,"Julia Dunbar",Consumer,3,2023-09-24,2026-03-05,893,3,6,6,695.442000,17,111.114100,231.8140000000,15.9774790709,3.6667,0,0,0,0,0,1
JD-16150,"Justin Deggeller",Corporate,8,2023-11-16,2026-11-19,1099,8,17,17,8828.030500,60,1087.322000,1103.5038125000,12.3166996308,3.8750,0,0,0,0,0,2
JE-15475,"Jeremy Ellison",Consumer,6,2024-03-16,2026-06-20,826,6,13,13,1388.682000,49,276.219700,231.4470000000,19.8907813308,4.8333,0,0,0,0,0,1
JE-15610,"Jim Epp",Corporate,7,2023-10-14,2026-11-12,1125,7,20,20,7754.976000,72,1612.400300,1107.8537142857,21.3906852122,3.2857,0,1,1,0,1,1
JE-15715,"Joe Elijah",Consumer,12,2023-08-25,2026-11-14,1177,11,30,30,6424.299000,129,1369.863400,636.2099000000,18.1326788039,3.9167,2,0,2,2,2,1
JE-15745,"Joel Eaton",Consumer,13,2023-06-22,2026-11-09,1236,13,23,23,6663.775000,90,189.261300,479.9212500000,-4.4429932740,3.4615,1,0,2,1,2,6
JE-16165,"Justin Ellison",Corporate,3,2025-12-05,2026-12-10,370,3,7,7,2697.248000,34,789.647600,899.0826666667,29.2760472897,3.6667,0,0,0,0,0,0
JF-15190,"Jamie Frazer",Consumer,7,2023-11-15,2026-10-26,1076,7,19,19,2224.626000,72,575.125900,295.7030000000,22.6473240605,4.8571,1,0,0,1,0,1
JF-15295,"Jason Fortune-",Consumer,5,2023-03-14,2026-05-19,1162,5,14,14,760.772000,35,74.223800,176.1770000000,15.7036389540,4.6000,1,2,2,1,1,0
JF-15355,"Jay Fein",Consumer,6,2024-10-23,2026-09-16,693,6,16,16,1911.844000,58,324.535000,318.6406666667,36.3587494087,3.6667,0,0,1,0,1,0
JF-15415,"Jennifer Ferguson",Consumer,6,2023-06-17,2026-12-28,1290,6,14,14,2371.448000,69,523.163700,395.2413333333,11.4210870038,2.6667,0,0,1,0,1,1
JF-15490,"Jeremy Farry",Consumer,11,2023-10-19,2026-08-31,1047,10,15,15,1082.918000,36,-45.085000,98.4470909091,-4.2206989781,3.7273,0,0,1,0,1,2
JF-15565,"Jill Fjeld",Consumer,8,2023-10-11,2026-11-06,1122,8,16,16,4187.164000,64,321.246400,590.4588571429,11.6821848528,3.8750,1,1,1,1,1,2
JG-15115,"Jack Garza",Consumer,3,2023-09-21,2024-12-03,439,3,7,7,2358.676000,17,684.191100,786.2253333333,29.0074219605,2.0000,0,1,0,0,0,1
JG-15160,"James Galang",Consumer,11,2023-05-30,2026-12-29,1309,9,18,18,6366.392000,70,1415.666400,578.7629090909,22.2365572211,3.1818,0,0,0,0,0,1
JG-15310,"Jason Gross",Corporate,6,2025-03-03,2026-12-28,665,5,11,11,2226.818000,46,3.797600,445.3636000000,1.2829607090,4.0000,1,0,0,1,0,3
JG-15805,"John Grady",Corporate,6,2023-04-05,2026-05-21,1142,6,9,9,1507.018000,46,200.890600,251.1696666667,13.2181490571,3.8333,0,0,1,0,1,0
JH-15430,"Jennifer Halladay",Consumer,4,2023-02-24,2026-12-25,1400,4,7,7,309.281000,29,-31.764000,77.3202500000,-16.9025547201,4.0000,0,0,1,0,1,2
JH-15820,"John Huston",Consumer,6,2023-05-19,2026-07-09,1147,6,8,8,528.910000,29,26.082200,88.1516666667,4.9313115653,3.5000,0,0,0,0,0,1
JH-15910,"Jonathan Howell",Consumer,7,2024-06-12,2026-11-19,890,7,9,9,959.477000,35,-1548.112700,137.0681428571,-161.3496415235,3.8571,0,0,0,0,0,2
JH-15985,"Joseph Holt",Consumer,6,2023-08-09,2026-12-01,1210,6,14,14,7846.718000,58,-644.698200,1696.9340000000,-16.6400254813,4.0000,2,2,0,2,0,1
JH-16180,"Justin Hirsh",Consumer,4,2024-05-25,2025-11-21,545,4,5,5,2256.394000,28,-118.790600,564.0985000000,-6.1586868724,3.7500,0,0,1,0,1,2
JJ-15445,"Jennifer Jackson",Consumer,5,2024-03-05,2025-09-03,547,5,6,6,709.178000,25,200.555800,141.8356000000,28.2800368878,4.8000,0,0,0,0,0,0
JJ-15760,"Joel Jenkins","Home Office",2,2024-10-05,2024-12-08,64,2,3,3,195.000000,11,34.449200,97.5000000000,17.6662564103,3.0000,0,0,0,0,0,0
JK-15205,"Jamie Kunitz",Consumer,5,2023-07-11,2026-10-30,1207,5,13,13,4427.142000,67,1205.375800,885.4284000000,29.5409329856,5.0000,0,0,2,0,2,0
JK-15325,"Jason Klamczynski",Corporate,3,2023-11-21,2026-03-18,848,3,4,4,383.812000,15,55.327700,127.9373333333,14.4153127052,4.0000,0,0,0,0,0,0
JK-15370,"Jay Kimmel",Consumer,8,2023-04-11,2026-11-16,1315,8,17,17,2129.546000,72,-111.289500,233.2096666667,-21.7633202740,3.3750,2,0,0,2,0,2
JK-15625,"Jim Karlsson",Consumer,7,2023-05-31,2026-10-30,1248,6,12,12,3760.028000,44,712.952300,537.1468571429,26.0544700387,4.1429,0,0,1,0,1,0
JK-15640,"Jim Kriz","Home Office",9,2023-09-19,2026-07-03,1018,8,12,12,4723.666000,118,1172.530300,674.8094285714,24.5479231597,3.1111,2,1,0,2,0,0
JK-15730,"Joe Kamberova",Consumer,10,2023-11-18,2026-10-07,1054,10,20,20,4841.280000,88,34.571500,507.5966666667,-4.2808181851,4.1000,1,0,2,1,2,3
JK-16090,"Juliana Krohn",Consumer,3,2024-04-21,2026-12-02,955,3,9,9,3747.668000,43,586.662500,1249.2226666667,15.6540680765,5.6667,0,0,0,0,0,1
JK-16120,"Julie Kriz","Home Office",10,2023-11-02,2026-09-04,1037,9,17,17,2902.100000,49,-111.473000,322.4555555556,-4.3234105709,4.0000,1,0,1,1,1,4
JL-15130,"Jack Lebron",Consumer,6,2023-07-18,2026-12-22,1253,6,12,12,1187.836000,39,-207.795600,234.2136000000,-17.4641267629,4.1667,1,1,0,1,0,2
JL-15175,"James Lanier","Home Office",5,2023-12-31,2026-12-24,1089,5,7,7,1571.523000,29,209.281700,314.3046000000,13.3171261254,4.4000,0,0,0,0,0,1
JL-15235,"Janet Lee",Consumer,5,2023-05-25,2026-09-02,1196,5,10,10,2203.700000,197,54.517400,440.7400000000,2.4739029813,4.4000,0,0,0,0,0,1
JL-15505,"Jeremy Lonsdale",Consumer,6,2023-11-14,2026-11-11,1093,6,17,17,1312.070000,52,179.248300,40.5390000000,22.5867682972,4.5000,2,2,1,2,1,1
JL-15835,"John Lee",Consumer,11,2023-04-18,2026-12-09,1331,11,34,34,7163.888000,130,1135.464400,788.5048888889,15.5290064667,4.1818,2,2,2,2,2,2
JL-15850,"John Lucas",Consumer,6,2023-07-22,2025-04-25,643,6,11,11,2725.256000,433,779.904600,454.2093333333,28.6176638085,4.0000,0,0,0,0,0,1
JM-15250,"Janet Martin",Consumer,6,2025-03-29,2026-11-23,604,6,19,19,3159.122000,91,233.840200,526.5203333333,18.6360617361,4.0000,0,0,2,0,1,0
JM-15265,"Janet Molinari",Corporate,5,2023-08-25,2026-11-23,1186,5,13,13,1804.146000,52,562.493700,360.8292000000,32.7794257245,4.4000,0,0,2,0,1,0
JM-15535,"Jessica Myrick",Consumer,9,2023-09-13,2026-09-19,1102,7,12,12,2061.703000,54,394.625500,257.7128750000,18.9947776183,3.8889,1,0,0,1,0,1
JM-15580,"Jill Matthias",Consumer,5,2025-04-14,2026-12-30,625,5,7,7,303.948000,342,-23.957800,60.7896000000,-7.8822035348,4.0000,0,0,0,0,0,2
JM-15655,"Jim Mitchum",Corporate,5,2023-04-08,2026-12-22,1354,5,12,12,864.947000,41,124.831300,172.9894000000,8.3011553074,3.4000,0,0,2,0,2,0
JM-15865,"John Murray",Consumer,7,2023-11-19,2026-09-12,1028,7,13,13,7613.428000,50,1468.970800,1213.2920000000,25.6974432534,3.8571,1,0,1,1,1,2
JM-16195,"Justin MacKendrick",Consumer,10,2023-04-30,2026-11-03,1283,10,19,19,2679.046000,74,749.938400,260.3157500000,26.6428990562,2.9000,3,0,1,2,1,0
JO-15145,"Jack O'Briant",Corporate,9,2023-01-06,2026-11-03,1397,9,13,13,3254.949000,59,581.404500,361.6610000000,17.8621692690,3.4444,0,0,0,0,0,2
JO-15280,"Jas O'Carroll",Consumer,6,2023-03-31,2026-09-29,1278,6,11,11,1934.272000,36,202.136200,322.3786666667,10.4502469146,3.6667,0,0,0,0,0,2
JO-15550,"Jesus Ocampo","Home Office",5,2024-03-19,2026-05-29,801,5,11,11,1090.838000,42,153.382100,218.1676000000,14.0609421381,4.2000,0,0,0,0,0,0
JP-11135,"James Peterman",Corporate,5,2023-11-24,2026-12-29,1131,1,6,5,416.080000,45,186.676000,104.0200000000,36.3539703903,7.0000,1,0,0,1,0,0
JP-15460,"Jennifer Patt",Corporate,7,2023-08-24,2026-11-23,1187,7,15,15,1669.135000,54,448.633200,238.4478571429,42.6436797173,4.0000,0,0,3,0,3,0
JP-15520,"Jeremy Pistek",Consumer,7,2023-08-22,2026-12-22,1218,7,16,16,3621.290000,63,720.114000,603.5483333333,18.4408481215,3.8571,1,0,2,1,2,1
JP-16135,"Julie Prescott","Home Office",9,2023-09-23,2026-09-19,1092,8,13,13,1707.710000,43,310.134800,189.7455555556,15.5640194012,4.3333,0,1,3,0,3,0
JR-15670,"Jim Radford",Consumer,2,2024-12-24,2025-05-16,143,2,3,3,1156.658000,14,-785.164500,578.3290000000,-67.8821656877,5.5000,0,0,0,0,0,1
JR-15700,"Jocasta Rupert",Consumer,1,2026-10-23,2026-10-23,0,1,1,1,863.880000,3,107.985000,863.8800000000,12.5000000000,4.0000,0,0,0,0,0,0
JR-16210,"Justin Ritter",Corporate,5,2024-09-18,2026-11-27,800,5,10,10,1792.470000,33,452.373000,376.0185000000,32.8094229406,4.4000,1,1,0,1,0,2
JS-13215,"Jennifer Sheldon",Corporate,2,2025-09-26,2026-09-26,365,1,2,2,19.980000,2,8.991000,9.9900000000,45.0000000000,5.0000,0,0,0,0,0,0
JS-15595,"Jill Stevenson",Corporate,4,2023-03-03,2026-09-02,1279,4,8,8,1115.204000,35,-188.401400,351.8040000000,1.5494233532,4.2500,1,0,0,1,0,2
JS-15685,"Jim Sink",Corporate,4,2025-06-14,2026-11-18,522,4,11,11,793.888000,42,-54.869200,264.6293333333,7.9535652384,6.0000,1,0,0,1,0,1
JS-15880,"John Stevenson",Consumer,5,2023-04-08,2025-07-14,828,5,9,9,3626.688000,43,579.175800,868.9900000000,16.1372081382,3.2000,1,0,1,1,1,1
JS-15940,"Joni Sundaresam","Home Office",5,2023-05-03,2025-09-23,874,5,8,8,469.169000,37,-327.933600,93.8338000000,-69.8966896790,3.6000,0,0,0,0,0,3
JS-16030,"Joy Smith",Consumer,6,2023-02-27,2026-12-02,1374,6,18,18,2516.494000,65,-307.603800,419.4156666667,-16.5910420802,4.5000,0,1,1,0,1,1
JT-12540,"Jill Trafton",Consumer,2,2025-03-19,2026-03-19,365,1,2,2,144.588000,2,-197.603600,72.2940000000,-136.6666666667,2.0000,0,0,0,0,0,2
JW-15220,"Jane Waco",Corporate,10,2023-01-21,2026-11-18,1397,7,34,34,8846.354000,154,2517.319400,884.6354000000,28.5026748956,4.0000,0,0,1,0,1,0
JW-15955,"Joni Wasserman",Consumer,7,2024-08-16,2026-12-25,861,6,11,11,1049.238000,41,-30.776500,174.8730000000,-4.1040847369,4.1429,1,0,1,1,1,1
JW-16075,"Julia West",Consumer,4,2024-03-21,2025-09-25,553,4,7,7,1428.731000,38,154.063700,357.1827500000,10.7832545105,5.5000,0,0,0,0,0,1
KA-16525,"Kelly Andreada",Consumer,7,2023-03-11,2026-11-24,1354,7,11,11,1506.546000,57,240.818800,166.7730000000,15.3578419493,4.0000,1,0,2,1,2,1
KB-16240,"Karen Bern",Corporate,7,2023-03-31,2026-12-26,1366,7,10,10,3152.615000,34,763.907600,450.3735714286,24.2309194113,4.5714,0,0,0,0,0,2
KB-16315,"Karl Braun",Consumer,9,2023-08-26,2026-03-09,926,9,22,22,1521.644000,141,67.954500,188.5742500000,6.0190036769,5.1111,1,0,1,1,1,1
KB-16405,"Katrina Bavinger","Home Office",3,2024-11-20,2026-09-04,653,3,9,9,727.057000,25,274.297000,105.6480000000,30.6275556565,3.0000,1,0,0,1,0,0
KB-16585,"Ken Black",Corporate,12,2023-04-04,2026-05-14,1136,12,23,23,2744.742000,102,118.916300,228.7285000000,4.3325128555,4.4167,0,0,0,0,0,2
KB-16600,"Ken Brennan",Corporate,7,2023-12-30,2026-12-29,1095,7,9,9,983.922000,29,294.890000,140.5602857143,29.9963584061,3.8571,0,0,1,0,1,1
KC-16255,"Karen Carlisle",Corporate,6,2023-09-08,2025-11-18,802,6,10,10,2120.954000,40,818.227300,353.4923333333,37.2417961868,2.6667,0,0,1,0,1,1
KC-16540,"Kelly Collister",Consumer,4,2024-11-02,2026-09-24,691,4,5,5,3908.262000,28,709.421900,977.0655000000,18.1518511297,3.7500,0,0,0,0,0,1
KC-16675,"Kimberly Carter",Corporate,4,2023-12-13,2026-11-03,1056,4,7,7,838.914000,40,156.779700,233.0180000000,9.1797057166,3.7500,1,0,0,1,0,1
KD-16270,"Karen Daniels",Consumer,5,2023-11-11,2025-09-02,661,5,16,16,8242.378000,64,1099.821700,2041.7245000000,37.0527125493,3.4000,1,0,1,1,1,0
KD-16345,"Katherine Ducich",Consumer,6,2023-09-02,2026-11-19,1174,6,10,10,1529.906000,36,328.594200,222.7908000000,30.2717526936,2.8333,1,0,0,1,0,1
KD-16495,"Keith Dawkins",Corporate,12,2023-09-28,2026-09-09,1077,10,28,28,8181.256000,81,2910.068200,681.7713333333,22.1397150613,4.5000,0,1,3,0,2,2
KD-16615,"Ken Dana",Corporate,5,2024-09-13,2026-03-16,549,5,13,13,2243.510000,293,492.462300,448.7020000000,30.7771322947,4.4000,0,0,2,0,2,0
KE-16420,"Katrina Edelman",Corporate,8,2023-04-03,2026-12-04,1341,8,15,15,1480.732000,67,397.879900,202.7057142857,29.5266396042,3.7500,1,0,0,1,0,1
KF-16285,"Karen Ferguson","Home Office",7,2023-09-26,2026-09-24,1094,7,18,18,10160.346000,616,1403.354600,1660.7393333333,16.2832646605,3.7143,1,1,1,1,1,0
KH-16330,"Katharine Harms",Corporate,8,2023-04-01,2026-11-20,1329,8,18,18,3312.864000,70,454.787100,414.1080000000,13.7279133704,4.2500,0,0,0,0,0,1
KH-16360,"Katherine Hughes",Consumer,6,2023-04-29,2026-12-29,1340,6,14,14,2841.862000,40,528.205100,257.1864000000,2.5926876382,4.1667,1,0,0,1,0,1
KH-16510,"Keith Herrera",Consumer,7,2023-08-15,2026-12-08,1211,7,23,23,5942.987000,486,656.116200,871.6158333333,12.9907193441,3.8571,1,0,0,1,0,3
KH-16630,"Ken Heidel",Corporate,9,2023-11-01,2026-11-02,1097,9,17,17,2940.126000,84,609.286700,359.3157500000,27.5074857164,3.8889,1,0,2,1,2,0
KH-16690,"Kristen Hastings",Corporate,7,2023-03-21,2026-12-28,1378,7,15,15,5990.799000,69,1227.509100,855.8284285714,20.4899062713,4.2857,0,0,0,0,0,1
KL-16555,"Kelly Lampkin",Corporate,8,2023-06-15,2026-12-14,1278,8,22,22,4980.920000,84,-7106.850200,664.0080000000,-188.4792333600,3.8750,1,0,1,1,1,3
KL-16645,"Ken Lonsdale",Consumer,12,2023-07-25,2026-11-13,1207,11,29,29,14167.821000,421,730.098800,1227.0254545455,9.3549873404,4.0000,1,2,3,1,3,1
KM-16225,"Kalyca Meade",Corporate,6,2024-07-06,2026-12-16,893,6,19,19,2108.228000,66,608.780300,329.6395000000,27.5831778257,4.6667,2,1,2,2,2,0
KM-16375,"Katherine Murray","Home Office",8,2023-07-20,2026-11-04,1203,8,20,20,4899.700000,66,862.251400,676.7422857143,21.8312689616,4.6250,2,1,2,1,1,1
KM-16660,"Khloe Miller",Consumer,5,2023-12-22,2026-12-15,1089,5,9,9,453.538000,30,66.095100,90.7076000000,17.6152219734,4.4000,0,0,3,0,2,0
KM-16720,"Kunst Miller",Consumer,8,2023-03-30,2026-12-02,1343,8,28,28,4909.472000,98,745.768500,613.6840000000,15.1904013303,5.0000,0,0,0,0,0,0
KN-16390,"Katherine Nockton",Corporate,9,2023-12-02,2026-12-11,1105,9,17,17,2608.602000,56,-159.547600,326.0752500000,-6.7278543559,4.0000,1,0,1,1,1,4
KN-16450,"Kean Nguyen",Corporate,5,2023-04-12,2026-11-08,1306,5,8,8,2170.795000,49,114.308300,542.6987500000,5.3051577878,4.2000,1,0,0,1,0,2
KN-16705,"Kristina Nunn","Home Office",8,2023-03-02,2026-09-23,1301,8,15,15,2245.412000,55,516.330700,143.2031428571,24.1017811310,5.1250,1,0,1,1,1,0
KS-16300,"Karen Seio",Corporate,3,2024-01-13,2026-03-10,787,3,4,4,88.472000,10,0.111000,29.4906666667,0.1254634235,4.3333,0,0,0,0,0,1
KT-16465,"Kean Takahito",Consumer,7,2023-09-08,2025-12-04,818,7,14,14,2123.564000,45,254.003200,346.7646666667,6.9539380214,5.1429,1,0,0,1,0,1
KT-16480,"Kean Thornton",Consumer,10,2023-03-10,2026-09-21,1291,10,13,13,4642.088400,37,-207.322900,464.2088400000,-7.2163927831,4.2000,0,0,1,0,1,4
KW-16435,"Katrina Willman",Consumer,5,2024-08-24,2026-09-25,762,5,10,10,4416.520000,42,1760.986000,883.3040000000,39.8977467676,3.6000,0,0,1,0,1,0
KW-16570,"Kelly Williams",Consumer,4,2023-09-30,2024-11-20,417,4,5,5,379.880000,19,107.927000,126.6266666667,25.4499842055,2.5000,1,1,0,1,0,0
LA-16780,"Laura Armstrong",Corporate,11,2023-04-29,2026-07-29,1187,11,26,26,5168.322000,105,1989.942300,470.9652000000,24.1626833575,3.4545,1,0,1,1,1,1
LB-16735,"Larry Blacks",Consumer,3,2025-07-25,2026-11-12,475,3,3,3,50.188000,12,18.650700,16.7293333333,37.1616721129,2.6667,0,0,0,0,0,1
LB-16795,"Laurel Beltran","Home Office",8,2023-04-23,2026-07-31,1195,8,24,23,4962.160000,392,-167.975200,551.9376666667,17.6407443709,2.6250,2,0,2,2,2,2
LC-16870,"Lena Cacioppo",Consumer,8,2024-05-03,2026-12-03,944,8,30,29,2507.528000,113,-233.388500,349.5440000000,-12.1097770665,3.3750,1,0,3,1,2,3
LC-16885,"Lena Creighton",Consumer,12,2023-04-25,2026-12-14,1329,12,23,23,7651.606000,330,1245.232700,673.3572727273,0.3186089812,4.4167,1,0,2,1,2,3
LC-16930,"Linda Cazamias",Corporate,8,2023-02-20,2026-11-19,1368,8,14,14,4492.946000,52,288.266000,561.6182500000,6.4159684982,4.2500,0,0,0,0,0,1
LC-16960,"Lindsay Castell","Home Office",4,2024-02-23,2025-10-20,605,4,7,7,3219.746000,30,299.480200,1069.6166666667,9.0046776883,5.0000,1,0,0,1,0,0
LC-17050,"Liz Carlisle",Consumer,5,2023-01-31,2026-11-06,1375,5,9,9,2064.504000,43,86.778000,516.1260000000,5.1655022223,4.2000,1,0,0,1,0,2
LC-17140,"Logan Currie",Consumer,9,2023-09-09,2026-12-17,1195,9,19,18,2548.336000,60,262.745600,314.4530000000,12.6793347295,3.7778,1,1,1,1,1,3
LD-16855,"Lela Donovan",Corporate,1,2025-06-26,2025-06-26,0,1,1,1,5.304000,3,0.464100,5.3040000000,8.7500000000,4.0000,0,0,0,0,0,0
LD-17005,"Lisa DeCherney",Consumer,4,2023-09-29,2025-11-11,774,4,7,7,1884.414000,23,557.171400,117.5380000000,31.5559223400,4.5000,1,1,0,1,0,0
LE-16810,"Laurel Elliston",Consumer,6,2023-05-27,2026-12-09,1292,5,9,9,797.590000,27,161.764900,199.3975000000,-2.8920748756,4.0000,2,1,0,2,0,2
LF-17185,"Luke Foster",Consumer,7,2023-07-26,2026-12-08,1231,7,16,16,3537.334000,69,-3633.525900,588.9188000000,-127.3453871749,2.2857,2,0,2,2,2,1
LH-16750,"Larry Hughes",Consumer,3,2023-09-21,2026-08-01,1045,3,3,3,278.530000,12,12.627700,139.2650000000,4.2941514379,3.3333,1,0,0,1,0,1
LH-16900,"Lena Hernandez",Consumer,9,2023-08-19,2026-12-09,1208,9,15,15,2295.332000,64,356.075300,255.0368888889,23.2177354461,4.5556,0,0,2,0,2,1
LH-17020,"Lisa Hazard",Consumer,4,2023-09-08,2026-05-05,970,4,6,6,318.239000,34,-242.739900,79.5597500000,-76.2759749748,3.0000,0,0,0,0,0,3
LH-17155,"Logan Haushalter",Consumer,9,2023-12-12,2025-12-10,729,8,19,19,1739.689000,202,316.520200,193.2987777778,18.1940680202,3.0000,0,0,0,0,0,1
LL-16840,"Lauren Leatherbury",Consumer,6,2023-04-29,2026-04-25,1092,6,12,12,1544.344000,50,560.007800,88.4608000000,36.6406363044,3.1667,1,0,0,1,0,0
LM-17065,"Liz MacKendrick",Consumer,5,2023-06-27,2025-12-04,891,5,7,7,1346.774000,32,-50.701000,269.3548000000,-3.8085372651,4.6000,0,0,1,0,1,1
LO-17170,"Lori Olson",Corporate,5,2024-02-06,2026-12-28,1056,5,9,9,636.382000,31,132.106400,129.5925000000,30.0455460227,3.2000,1,1,1,1,1,1
LP-17080,"Liz Pelletier",Consumer,4,2023-06-24,2026-11-20,1245,3,9,9,756.606000,39,-347.843300,189.1515000000,-154.6415362731,3.0000,0,0,1,0,1,1
LP-17095,"Liz Preis",Consumer,7,2025-06-06,2026-12-21,563,7,15,15,3653.399000,684,335.291800,521.9141428571,8.3969420041,4.8571,0,0,1,0,1,1
LR-16915,"Lena Radford",Consumer,6,2023-08-08,2026-12-04,1214,6,16,16,5142.892000,64,535.476400,857.1486666667,10.4119705411,3.5000,0,0,0,0,0,1
LR-17035,"Lisa Ryan",Corporate,5,2023-09-07,2026-08-20,1078,5,12,12,977.090000,44,-392.471100,86.6200000000,48.0000000000,5.0000,3,0,1,3,1,2
LS-16945,"Linda Southworth",Corporate,6,2024-04-25,2026-07-05,801,6,14,14,2814.166000,49,-308.352300,489.7752000000,1.6752583634,4.6667,1,1,1,1,1,0
LS-16975,"Lindsay Shagiari","Home Office",9,2023-10-20,2026-12-10,1147,9,22,22,2644.454000,61,365.902700,330.5567500000,13.8366067249,4.3333,1,1,1,1,1,3
LS-17200,"Luke Schmidt",Corporate,6,2023-10-18,2026-09-25,1073,6,14,14,1010.256000,54,237.175200,168.3760000000,23.5120829905,3.3333,0,0,1,0,1,1
LS-17230,"Lycoris Saunders",Consumer,3,2023-01-06,2024-11-14,678,3,6,6,368.880000,16,12.546200,122.9600000000,1.1602756800,3.6667,0,0,1,0,1,1
LS-17245,"Lynn Smith",Consumer,6,2023-10-16,2026-11-26,1137,6,12,12,1008.136000,47,343.335200,168.0226666667,31.5735045109,2.3333,0,0,1,0,1,0
LT-16765,"Larry Tron",Consumer,3,2023-09-01,2026-12-04,1190,3,3,3,329.876000,8,38.877600,109.9586666667,30.3039940137,3.6667,0,0,1,0,1,0
LT-17110,"Liz Thompson",Consumer,8,2023-06-01,2026-11-26,1274,8,14,14,2936.252000,50,280.074200,367.0315000000,10.9027329024,3.5000,0,2,2,0,2,2
LW-16825,"Laurel Workman",Corporate,5,2023-05-30,2026-10-03,1222,5,15,15,2238.061000,287,32.576700,447.6122000000,1.4555769481,3.8000,0,0,0,0,0,1
LW-16990,"Lindsay Williams",Corporate,6,2025-05-05,2026-11-27,571,4,11,11,3158.324000,36,342.516700,625.2680000000,21.8381202901,4.5000,1,1,1,1,1,0
LW-17125,"Liz Willingham",Consumer,3,2023-09-11,2026-06-08,1001,3,5,5,1259.040000,15,192.631200,419.6800000000,15.2998475029,4.3333,0,0,0,0,0,0
LW-17215,"Luke Weiss",Consumer,7,2023-09-12,2026-12-09,1184,6,15,15,5420.514000,59,827.701100,774.3591428571,15.6848925586,4.2857,0,0,1,0,1,0
MA-17560,"Matt Abelman","Home Office",11,2023-08-08,2026-10-27,1176,11,34,34,4287.809000,509,1228.634600,426.7001000000,28.5328977582,3.2727,1,1,1,1,1,1
MA-17995,"Michelle Arnett","Home Office",6,2023-09-20,2026-06-27,1011,6,12,12,2453.284000,42,280.782200,408.8806666667,11.4451567776,5.0000,0,0,0,0,0,0
MB-17305,"Maria Bertelson",Consumer,10,2023-08-08,2026-11-12,1192,10,19,19,1548.702000,63,212.425000,154.8702000000,13.7163250257,3.9000,0,0,0,0,0,3
MB-18085,"Mick Brown",Consumer,7,2023-01-05,2026-11-16,1411,7,10,10,1428.231000,39,117.805700,204.0330000000,8.2483645853,4.1429,0,0,0,0,0,1
MC-17275,"Marc Crier",Consumer,8,2023-09-08,2026-10-15,1133,7,13,13,2725.982000,48,461.001400,340.7477500000,16.9113882630,3.5000,0,1,0,0,0,1
MC-17425,"Mark Cousins",Corporate,5,2023-05-30,2025-11-26,911,5,10,10,4432.138000,285,1802.390300,886.4276000000,40.6663849366,3.8000,0,0,0,0,0,1
MC-17575,"Matt Collins",Consumer,8,2023-12-02,2026-12-03,1097,8,11,11,1303.893000,40,210.749300,162.9866250000,16.1630824002,3.8750,0,0,0,0,0,2
MC-17590,"Matt Collister",Corporate,6,2023-05-20,2026-11-09,1269,6,17,17,2419.971000,42,298.005400,230.4888000000,40.8223659004,4.3333,1,1,3,1,2,0
MC-17605,"Matt Connell",Corporate,8,2023-03-19,2026-09-09,1270,8,18,18,2223.688000,60,169.115800,280.3177142857,7.9518801115,3.3750,1,0,0,1,0,1
MC-17635,"Matthew Clasen",Corporate,4,2023-11-28,2026-06-24,939,4,8,8,750.674000,29,-247.943500,128.6430000000,-111.7745621604,4.7500,2,1,0,2,0,1
MC-17845,"Michael Chen",Consumer,7,2023-07-05,2026-12-29,1273,6,14,14,3805.714000,43,716.201400,543.6734285714,20.2070599443,4.1429,0,1,1,0,1,0
MC-18100,"Mick Crebagga",Consumer,10,2023-06-18,2026-11-19,1250,10,19,19,2161.382000,70,-65.642800,273.1185714286,0.1865960886,3.9000,3,1,1,3,1,5
MC-18130,"Mike Caudle",Corporate,5,2023-09-19,2025-12-26,829,4,11,11,1581.998000,34,121.756500,316.3996000000,7.6963750902,4.8000,0,0,0,0,0,0
MD-17350,"Maribeth Dona",Consumer,7,2023-11-05,2026-09-04,1034,7,17,17,3492.814000,62,-241.950000,381.5913333333,-5.0140551760,4.8571,1,1,0,1,0,5
MD-17860,"Michael Dominguez",Corporate,5,2023-12-02,2026-11-24,1088,5,8,8,1204.910000,43,-4.040300,240.9820000000,-0.3353196504,3.6000,0,1,0,0,0,2
ME-17320,"Maria Etezadi","Home Office",10,2023-01-06,2026-11-18,1412,9,22,22,10020.248000,82,1859.469500,345.0450000000,4.5004673303,4.7000,3,0,0,2,0,3
ME-17725,"Max Engle",Consumer,8,2023-07-12,2026-12-02,1239,8,13,13,1884.911200,46,77.812800,235.6139000000,4.1281944741,3.3750,0,0,0,0,0,2
ME-18010,"Michelle Ellison",Corporate,4,2023-07-21,2026-09-29,1166,4,6,6,1256.944000,15,107.360400,314.2360000000,8.5413829097,4.2500,0,0,0,0,0,1
MF-17665,"Maureen Fritzler",Corporate,5,2023-12-30,2025-11-04,675,5,8,8,937.039000,36,-602.212100,187.4078000000,-64.2675598348,4.8000,0,0,0,0,0,2
MF-18250,"Monica Federle",Corporate,5,2023-09-15,2026-12-23,1195,5,12,12,1758.300000,38,456.860800,351.6600000000,25.9830973099,5.8000,0,0,0,0,0,0
MG-17650,"Matthew Grinstein","Home Office",7,2023-08-09,2026-12-01,1210,7,14,14,3339.836000,53,314.458800,556.6393333333,11.0572709779,4.1429,1,1,1,1,1,2
MG-17680,"Maureen Gastineau","Home Office",4,2023-10-22,2026-09-29,1073,4,10,10,2350.188000,25,29.392600,587.5470000000,-13.3609500337,3.5000,0,0,1,0,1,2
MG-17695,"Maureen Gnade",Consumer,3,2023-12-26,2025-06-23,545,3,7,7,1342.282000,23,-404.424800,447.4273333333,-38.3568953597,5.3333,0,0,1,0,1,1
MG-17875,"Michael Grace","Home Office",5,2023-02-23,2026-09-05,1290,5,7,7,1063.249000,16,-470.768400,338.4230000000,-46.0881795859,3.8000,2,2,0,2,0,3
MG-17890,"Michael Granlund","Home Office",9,2023-12-29,2026-09-22,998,9,13,13,759.394000,34,176.542000,94.9242500000,22.8619291342,4.4444,1,1,1,1,1,0
MG-18145,"Mike Gockenbach",Consumer,4,2023-03-29,2026-10-07,1288,4,8,8,3061.543000,42,-93.603000,765.3857500000,-3.0573798898,4.0000,0,0,0,0,0,3
MG-18205,"Mitch Gastineau",Corporate,1,2026-04-10,2026-04-10,0,1,2,2,16.739000,8,-1.245300,16.7390000000,-7.4395125157,4.0000,0,0,0,0,0,1
MH-17290,"Marc Harrigan","Home Office",6,2023-04-26,2026-09-02,1225,5,13,13,2350.745000,55,66.320000,281.3674000000,17.8450023622,3.0000,1,0,2,1,2,0
MH-17440,"Mark Haberlin",Corporate,4,2023-02-04,2025-12-19,1049,4,9,9,400.016000,25,49.869900,100.0040000000,13.4849881849,5.0000,0,0,1,0,1,0
MH-17455,"Mark Hamilton",Consumer,8,2023-07-11,2026-10-06,1183,8,11,11,2116.726000,45,484.773300,346.5490000000,20.2678938140,3.3750,2,0,0,2,0,1
MH-17620,"Matt Hagelstein",Corporate,4,2024-12-05,2026-07-28,600,4,6,6,1252.800000,19,122.361200,313.2000000000,9.7670178799,3.5000,0,0,0,0,0,1
MH-17785,"Maya Herman",Corporate,7,2023-05-27,2026-09-23,1215,6,11,11,2203.778000,516,238.561400,314.8254285714,10.8251103333,3.5714,0,0,0,0,0,1
MH-18025,"Michelle Huthwaite",Consumer,5,2023-07-08,2026-11-11,1222,5,10,10,2191.128000,31,476.903200,535.7266666667,23.1020483082,2.6000,2,0,0,2,0,1
MH-18115,"Mick Hernandez","Home Office",9,2025-08-23,2026-12-25,489,9,22,22,5282.389000,79,124.856200,659.6933750000,-4.2618353724,4.6667,1,0,1,1,1,4
MJ-17740,"Max Jones",Consumer,7,2024-06-09,2026-12-08,912,7,15,15,6320.746000,50,699.720400,902.9637142857,11.0702186103,4.4286,0,0,0,0,0,2
MK-17905,"Michael Kennedy",Corporate,8,2023-11-18,2026-12-02,1110,8,17,17,2302.368000,73,-413.912400,287.7960000000,-18.0256665003,4.1250,0,0,2,0,2,2
MK-18160,"Mike Kennedy",Consumer,4,2023-12-19,2026-05-04,867,3,11,11,1031.602000,43,62.116200,257.9005000000,9.4336663829,5.0000,0,0,1,0,1,1
MK-19560,"Michael Knudson",Corporate,7,2023-12-02,2026-12-02,1096,1,8,8,225.696000,48,-76.582200,32.2422857143,-36.6015714613,4.0000,0,0,1,0,1,4
ML-17395,"Marina Lichtenstein",Corporate,9,2023-02-14,2026-10-22,1346,9,20,20,2690.143000,72,-343.162200,332.3078750000,-13.0793695455,5.1111,1,0,0,1,0,2
ML-17410,"Maris LaWare",Consumer,6,2023-11-14,2026-11-06,1088,6,15,15,2921.500000,51,-207.176100,486.9166666667,29.5991519649,3.8333,0,0,3,0,3,0
ML-17755,"Max Ludwig","Home Office",7,2025-08-04,2026-12-01,484,7,13,13,2060.610000,53,409.511200,330.7043333333,19.3655309425,5.0000,1,0,0,1,0,0
ML-18040,"Michelle Lonsdale",Corporate,3,2026-03-26,2026-10-12,200,3,4,4,662.210000,18,138.716200,33.6050000000,20.1818181818,5.6667,1,0,0,1,0,1
ML-18265,"Muhammed Lee",Consumer,2,2024-05-31,2026-09-21,843,2,3,3,162.232000,7,16.271400,81.1160000000,11.2500000000,1.0000,0,0,1,0,1,0
MM-17260,"Magdelene Morse",Consumer,4,2023-05-28,2026-07-15,1144,4,6,6,682.241000,17,178.402000,207.1736666667,1.9140785267,4.5000,1,0,0,1,0,2
MM-17920,"Michael Moore",Consumer,11,2023-01-13,2026-12-23,1440,11,16,16,3765.408000,60,82.125000,373.6096000000,3.9205898350,4.2727,1,1,0,1,0,3
MM-18055,"Michelle Moray",Consumer,8,2023-04-11,2026-10-30,1298,8,19,19,2085.735000,64,-603.430300,288.6407142857,-19.8361961775,4.8750,1,2,3,1,2,1
MM-18280,"Muhammed MacIntyre",Corporate,9,2023-01-20,2026-10-06,1355,9,12,12,775.414000,31,110.407000,86.1571111111,15.5893648866,4.0000,0,1,1,0,1,1
MN-17935,"Michael Nguyen",Consumer,6,2023-02-16,2026-11-26,1379,6,10,10,2477.946000,36,304.752700,412.9910000000,12.4136236860,3.5000,0,0,1,0,1,1
MO-17500,"Mary O'Rourke",Consumer,4,2023-11-28,2026-10-19,1056,4,5,5,922.487000,15,39.938300,230.6217500000,4.6292662289,2.2500,0,0,1,0,1,1
MO-17800,"Meg O'Connel","Home Office",8,2024-09-17,2026-09-17,730,8,11,11,1687.027000,49,169.343700,210.8783750000,10.0379958353,4.2500,0,0,0,0,0,2
MO-17950,"Michael Oakman",Consumer,2,2024-04-02,2026-07-03,822,2,4,4,154.288000,14,-82.007400,77.1440000000,-53.1521570051,5.5000,0,0,0,0,0,2
MP-17470,"Mark Packer","Home Office",7,2023-03-30,2025-01-11,653,6,14,14,3206.132000,77,558.062300,458.0188571429,17.0772266620,3.7143,0,0,1,0,1,0
MP-17965,"Michael Paige",Corporate,11,2023-10-19,2026-10-19,1096,10,24,24,4198.826000,74,593.486400,381.7114545455,16.1930287184,4.0000,0,0,2,0,2,2
MP-18175,"Mike Pelletier","Home Office",9,2023-03-28,2026-12-14,1357,9,19,19,5087.920000,78,217.736100,565.3244444444,11.7749281707,4.0000,0,0,1,0,1,2
MR-17545,"Mathew Reese","Home Office",4,2023-09-03,2026-08-27,1089,4,6,6,639.178000,29,162.936300,159.7945000000,25.4915375686,3.5000,0,0,0,0,0,1
MS-17365,"Maribeth Schnelling",Consumer,10,2023-09-09,2026-04-01,935,10,24,24,6953.284000,97,321.828500,626.9872500000,14.6983846855,4.6000,2,1,2,2,2,0
MS-17530,"MaryBeth Skach",Consumer,4,2023-11-04,2025-10-22,718,4,7,7,475.656000,21,84.026800,118.9140000000,17.6654557075,4.0000,0,0,0,0,0,1
MS-17710,"Maurice Satty",Consumer,6,2023-03-24,2025-11-12,964,6,15,15,1613.402000,285,247.434800,268.9003333333,15.3362150289,3.6667,0,0,0,0,0,2
MS-17770,"Maxwell Schwartz",Consumer,9,2023-07-04,2026-08-31,1154,8,19,19,3144.678000,73,231.868200,349.4086666667,8.0938823639,4.5556,0,0,1,0,1,2
MS-17830,"Melanie Seite",Consumer,4,2023-01-09,2025-10-04,999,4,5,5,370.348000,14,19.431200,92.5870000000,5.2467409032,4.2500,0,0,0,0,0,1
MS-17980,"Michael Stewart",Corporate,6,2023-06-30,2026-12-04,1253,6,11,11,831.196000,42,55.226000,53.4216000000,28.3064528206,4.0000,1,1,0,1,0,1
MT-17815,"Meg Tillman",Consumer,6,2024-11-06,2026-11-11,735,6,10,10,2890.139000,31,509.006800,481.6898333333,17.6118449666,4.5000,0,0,0,0,0,1
MT-18070,"Michelle Tran","Home Office",4,2023-09-25,2026-06-10,989,4,11,11,1316.725800,42,-23.676300,326.3790000000,6.7663360694,4.5000,1,1,0,1,0,2
MV-17485,"Mark Van Huff",Consumer,9,2023-01-20,2026-12-03,1413,7,15,15,1268.986000,50,189.025800,178.5180000000,9.0867987702,4.4444,2,1,0,2,0,3
MV-18190,"Mike Vittorini",Consumer,7,2023-01-30,2026-12-11,1411,7,11,11,1734.574000,37,273.858200,247.7962857143,15.7882108229,3.7143,0,0,0,0,0,0
MW-18220,"Mitch Webber",Consumer,7,2023-08-25,2026-12-13,1206,6,14,14,4710.118000,51,1238.422000,303.7550000000,13.4819618881,3.0000,1,0,0,1,0,1
MW-18235,"Mitch Willingham",Corporate,2,2023-05-21,2026-11-16,1275,2,3,3,1919.976000,13,1665.516000,1919.9760000000,11.2500000000,2.0000,2,0,0,1,0,0
MY-17380,"Maribeth Yedwab",Corporate,7,2024-10-26,2026-12-01,766,7,13,13,1741.553000,49,321.021900,140.6522000000,31.0733568334,5.0000,2,0,1,2,1,0
MY-18295,"Muhammed Yedwab",Corporate,11,2023-04-28,2026-10-20,1271,11,21,21,3655.086000,385,-345.523500,362.5736000000,-9.1011254332,4.1818,1,3,2,1,2,2
MZ-17335,"Maria Zettner","Home Office",4,2024-11-08,2026-11-30,752,4,6,6,593.606000,11,85.019100,148.4015000000,14.3224798941,3.0000,0,0,0,0,0,0
MZ-17515,"Mary Zewe",Corporate,6,2023-04-04,2026-03-23,1084,6,10,10,2462.776000,39,787.750300,81.2424000000,0.7244493023,3.8333,1,0,0,1,0,1
NB-18580,"Nicole Brennan",Corporate,2,2023-09-26,2023-10-22,26,2,2,2,273.872000,7,24.788800,136.9360000000,9.0512356137,4.5000,0,0,0,0,0,0
NB-18655,"Nona Balk",Corporate,9,2023-12-05,2026-12-11,1102,9,17,17,1582.621000,61,117.642900,226.0887142857,17.8692877195,3.2222,2,1,0,2,0,2
NC-18340,"Nat Carroll",Consumer,5,2023-03-30,2026-05-20,1147,5,17,17,2461.404000,212,469.685500,492.2808000000,21.7869069609,2.2000,0,0,3,0,2,0
NC-18415,"Nathan Cano",Consumer,6,2023-05-03,2026-11-19,1296,6,14,14,2218.990000,38,-2425.508400,369.8316666667,-119.3470070678,4.0000,0,0,1,0,1,2
NC-18535,"Nick Crebassa",Corporate,7,2023-07-23,2026-12-24,1250,7,15,15,7741.499000,64,1267.705800,1137.3981666667,10.6973535902,3.2857,1,0,2,1,2,0
NC-18625,"Noah Childs",Corporate,5,2023-10-29,2026-06-09,954,5,9,9,1821.742000,29,-359.021000,364.3484000000,-19.7075656158,3.8000,0,0,0,0,0,2
NC-19470,"Neil Cohen","Home Office",6,2023-06-18,2026-12-02,1263,1,6,6,382.144000,26,-52.742000,63.6906666667,-13.8016035840,3.3333,0,0,0,0,0,4
ND-18370,"Natalie DeCherney",Consumer,9,2023-01-13,2026-12-03,1420,9,18,18,4326.139000,63,353.645500,480.6821111111,8.1746217586,3.8889,0,0,0,0,0,4
ND-18460,"Neil Ducich",Corporate,6,2023-02-06,2026-06-30,1240,6,8,8,2819.540000,36,443.336800,563.9080000000,17.3490746718,3.6667,1,0,0,1,0,1
NF-18385,"Natalie Fritzler",Consumer,7,2023-02-11,2026-10-12,1339,7,14,14,8322.826000,50,-1764.973200,1188.9751428571,6.8820264142,3.2857,0,1,1,0,1,2
NF-18475,"Neil Französisch","Home Office",4,2023-03-14,2025-07-23,862,4,4,4,377.162000,13,85.927800,94.2905000000,22.7827299675,4.0000,0,0,0,0,0,1
NF-18595,"Nicole Fjeld","Home Office",11,2023-03-13,2026-09-07,1274,7,20,20,7003.068000,573,972.378700,636.6425454545,17.2152438155,4.1818,0,1,2,0,2,0
NG-18355,"Nat Gilpin",Corporate,5,2023-11-24,2026-11-12,1084,5,16,16,1869.580000,282,258.298900,373.9160000000,14.3823833289,3.0000,0,0,1,0,1,1
NG-18430,"Nathan Gelder",Consumer,5,2023-11-24,2026-11-12,1084,5,9,9,1395.938000,41,140.941500,279.1876000000,30.5509972293,4.2000,0,0,2,0,2,0
NH-18610,"Nicole Hansen",Corporate,7,2023-03-02,2026-06-24,1210,7,11,11,2673.290000,210,760.166600,381.8985714286,28.4356205275,5.0000,0,0,0,0,0,0
NK-18490,"Neil Knudson","Home Office",7,2024-05-28,2026-10-21,876,6,11,11,571.058000,47,121.217700,78.2030000000,17.8733765542,3.7143,1,2,0,1,0,0
NL-18310,"Nancy Lomonaco","Home Office",4,2023-10-31,2026-11-02,1098,4,10,10,1418.090000,44,343.638100,354.5225000000,24.2324605632,3.2500,0,0,0,0,0,0
NM-18445,"Nathan Mautz","Home Office",7,2023-02-08,2026-07-23,1261,7,14,14,6459.344000,44,2671.662300,922.7634285714,30.8022472536,3.7143,0,0,1,0,1,0
NM-18520,"Neoma Murray",Consumer,10,2024-09-08,2026-04-30,599,10,15,15,2135.579000,292,709.536200,232.6332222222,37.0183938324,3.6000,1,1,3,1,2,3
NP-18325,"Naresj Patel",Consumer,6,2023-05-13,2026-12-05,1302,6,21,21,5026.664000,77,1362.011400,451.1680000000,19.7259945298,3.3333,2,0,1,2,1,0
NP-18670,"Nora Paige",Consumer,5,2024-02-27,2026-11-02,979,5,10,10,3908.402000,46,514.600200,781.6804000000,13.1665115308,3.6000,0,0,0,0,0,0
NP-18685,"Nora Pelletier","Home Office",6,2023-03-07,2025-11-19,988,6,7,7,1228.698000,23,514.501700,204.7830000000,41.8737313807,3.3333,0,0,0,0,0,1
NP-18700,"Nora Preis",Consumer,7,2023-09-05,2026-08-14,1074,7,13,13,7771.022500,61,697.458400,1271.5144166667,6.6484580287,4.1429,1,1,1,1,1,0
NR-18550,"Nick Radford",Consumer,5,2023-06-07,2026-06-03,1092,5,13,13,2161.285000,37,-1748.845600,313.8947500000,-143.1131693028,4.4000,1,0,0,1,0,2
NS-18505,"Neola Schneider",Consumer,4,2025-11-24,2026-12-24,395,4,15,15,2202.935000,52,-12.304000,948.8795000000,-6.5063372114,2.7500,2,0,0,2,0,1
NS-18640,"Noel Staavos",Corporate,13,2023-06-25,2026-07-09,1110,12,26,26,2904.473000,113,-2605.864500,238.1460833333,-147.9819290432,3.7692,1,0,1,1,1,5
NW-18400,"Natalie Webber",Consumer,7,2023-06-21,2026-07-11,1116,7,22,22,7234.014000,78,-4400.396400,1033.4305714286,-70.6617557780,4.7143,0,0,1,0,1,3
NZ-18565,"Nick Zandusky","Home Office",9,2023-08-02,2026-10-06,1161,9,20,20,2488.310000,630,402.423600,276.4788888889,16.1725669229,3.5556,0,0,0,0,0,2
ON-18715,"Odella Nelson",Corporate,9,2023-09-13,2025-11-15,794,9,15,15,1534.240000,56,44.031000,190.0190000000,2.5721243665,4.0000,1,1,1,1,1,1
OT-18730,"Olvera Toch",Consumer,5,2024-04-20,2026-10-26,919,5,10,10,3818.624000,51,-925.831300,763.7248000000,2.8923397276,4.4000,0,0,1,0,1,1
PA-19060,"Pete Armstrong","Home Office",6,2023-05-17,2026-09-18,1220,6,7,7,729.408000,27,225.858800,121.5680000000,30.9646727209,4.0000,0,0,0,0,0,1
PB-18805,"Patrick Bzostek","Home Office",3,2024-11-20,2026-12-05,745,3,10,10,740.356000,212,236.240300,246.7853333333,42.4984793187,3.6667,0,0,1,0,1,0
PB-19105,"Peter Bühler",Consumer,4,2023-11-15,2026-11-03,1084,4,5,5,688.324000,18,218.159700,172.0810000000,31.6943329014,4.7500,0,0,0,0,0,0
PB-19150,"Philip Brown",Consumer,8,2023-07-14,2026-09-24,1168,7,11,11,1456.950000,54,280.660600,182.1187500000,19.2635711589,4.6250,0,0,0,0,0,1
PB-19210,"Phillip Breyer",Corporate,2,2023-11-23,2025-02-11,446,2,2,2,132.738000,10,21.897000,66.3690000000,16.4964064548,3.5000,0,0,0,0,0,0
PC-18745,"Pamela Coakley",Corporate,4,2023-12-31,2026-12-28,1093,4,5,5,1676.244000,22,272.685000,535.4120000000,12.8319126206,3.5000,1,0,0,1,0,1
PC-19000,"Pauline Chand","Home Office",2,2023-04-08,2024-08-01,481,2,3,3,1061.488000,10,-184.336400,530.7440000000,-17.3658486954,5.5000,0,1,0,0,0,2
PF-19120,"Peter Fuller",Consumer,4,2023-05-05,2024-09-17,501,4,19,19,9062.864000,75,-10572.374900,2265.7160000000,-123.3587715948,4.7500,0,0,1,0,1,2
PF-19165,"Philip Fox",Consumer,6,2023-09-20,2026-06-17,1001,6,10,10,2770.000000,34,196.873900,461.6666666667,7.1073610108,4.1667,0,0,0,0,0,1
PF-19225,"Phillip Flathmann",Consumer,5,2025-06-26,2026-09-07,438,5,10,10,2206.128000,32,591.311800,441.2256000000,26.8031501345,4.4000,0,0,0,0,0,0
PG-18820,"Patrick Gardner",Consumer,13,2023-05-09,2026-11-24,1295,12,26,26,3086.907000,320,125.146900,237.4543846154,4.1008603992,4.2308,0,0,1,0,1,2
PG-18895,"Paul Gonzalez",Consumer,9,2023-05-11,2026-11-03,1272,9,17,17,1954.764000,61,277.547500,181.3505000000,9.7902390644,5.0000,1,0,2,1,2,1
PH-18790,"Patricia Hirasaki","Home Office",1,2026-10-21,2026-10-21,0,1,2,2,729.648000,6,5.140800,729.6480000000,NULL,5.0000,0,0,1,0,1,0
PJ-18835,"Patrick Jones",Corporate,8,2023-05-28,2026-11-21,1273,8,13,13,1220.090000,46,442.135500,152.5112500000,36.2379414633,4.0000,0,0,0,0,0,0
PJ-19015,"Pauline Johnson",Consumer,7,2023-04-07,2026-08-18,1229,6,10,10,1824.234000,23,682.997900,260.6048571429,37.4402571161,2.0000,0,1,0,0,0,1
PK-18910,"Paul Knutson","Home Office",2,2023-04-04,2025-09-03,883,2,3,3,1441.152000,14,-798.705000,720.5760000000,-55.4212879696,3.5000,0,0,0,0,0,1
PK-19075,"Pete Kriz",Consumer,12,2023-11-11,2026-12-21,1136,12,25,25,4306.653600,101,2038.267600,388.5968727273,13.4262297905,4.6667,1,1,0,1,0,1
PL-18925,"Paul Lucas","Home Office",5,2023-11-01,2026-12-15,1140,5,8,8,239.481000,29,-0.752700,47.8962000000,-0.3143046839,5.4000,0,0,0,0,0,2
PM-18940,"Paul MacIntyre",Consumer,3,2023-05-04,2025-12-09,950,3,4,4,1405.402000,16,157.876800,468.4673333333,11.2335687583,3.3333,0,0,0,0,0,1
PM-19135,"Peter McVee","Home Office",4,2024-12-19,2026-11-09,690,4,7,7,4085.762000,36,526.753700,260.8960000000,12.7687916513,4.5000,1,0,0,1,0,0
PN-18775,"Parhena Norris","Home Office",8,2024-08-07,2026-11-30,845,8,13,13,1467.152000,47,175.989600,183.3940000000,11.9953215481,3.1250,0,0,0,0,0,1
PO-18850,"Patrick O'Brill",Consumer,11,2023-11-02,2026-12-26,1150,11,22,22,7296.900200,249,38.475700,316.6680222222,-11.4607755012,4.3636,2,0,0,2,0,4
PO-18865,"Patrick O'Donnell",Consumer,7,2023-03-23,2026-12-30,1378,7,13,13,2493.214000,54,437.853300,356.1734285714,17.5618017547,3.8571,0,0,0,0,0,0
PO-19180,"Philisse Overcash","Home Office",9,2024-08-11,2026-07-23,711,9,18,18,4873.503000,65,1155.433100,609.1878750000,23.5601229752,3.4444,1,0,0,1,0,1
PO-19195,"Phillina Ober","Home Office",5,2023-01-04,2026-10-05,1370,5,10,10,1056.858000,32,-44.213900,211.3716000000,2.1187880301,3.0000,0,0,1,0,1,1
PP-18955,"Paul Prost","Home Office",10,2023-08-26,2026-09-24,1125,10,34,34,7233.768000,691,1236.772600,575.2331111111,13.0924995599,3.5000,1,0,2,1,2,0
PR-18880,"Patrick Ryan",Consumer,5,2023-09-05,2026-11-24,1176,5,12,12,1840.178000,43,237.229000,368.0356000000,13.6786468684,2.6000,0,0,1,0,1,0
PS-18760,"Pamela Stobb",Consumer,6,2023-06-15,2026-09-14,1187,5,21,21,2106.639000,75,-129.944000,295.7317500000,-35.7955098984,2.1667,2,0,1,2,1,1
PS-18970,"Paul Stevenson","Home Office",8,2023-04-15,2026-10-22,1286,8,13,13,1278.639000,52,187.799900,159.8298750000,20.4072597510,3.5000,0,0,2,0,1,1
PS-19045,"Penelope Sewall","Home Office",7,2023-12-20,2026-05-08,870,7,13,13,6843.634000,47,1771.356900,977.6620000000,26.9502350130,4.1429,0,0,1,0,1,0
PT-19090,"Pete Takahito",Consumer,4,2023-09-12,2026-10-20,1134,4,7,7,160.572000,19,-26.092000,40.1430000000,-28.7164013181,3.7500,0,0,1,0,1,3
PV-18985,"Paul Van Hugh","Home Office",5,2023-07-12,2026-10-02,1178,5,13,13,2849.326000,52,449.167200,696.3615000000,18.0353339787,4.6000,1,0,1,1,1,0
PW-19030,"Pauline Webber",Corporate,10,2023-05-16,2026-11-14,1278,9,13,13,2298.602000,48,734.225100,273.3302500000,20.1187017657,4.4000,2,0,2,2,2,0
PW-19240,"Pierre Wener",Consumer,7,2023-11-18,2025-09-22,674,7,12,12,3922.415000,39,1336.877400,560.3450000000,34.0830177327,3.7143,0,0,0,0,0,3
QJ-19255,"Quincy Jones",Corporate,9,2023-03-17,2026-12-05,1359,8,13,13,6108.338000,61,1203.676800,678.7042222222,19.7054714392,4.6667,0,0,0,0,0,1
RA-19285,"Ralph Arnett",Consumer,9,2023-12-13,2026-12-25,1108,9,17,17,2124.762000,56,546.974400,237.6690000000,17.2186370541,3.2222,1,1,0,1,0,2
RA-19885,"Ruben Ausman",Corporate,7,2023-04-08,2026-11-17,1319,7,15,15,3476.534000,48,976.726400,348.8976000000,27.3199285617,3.4286,2,1,1,2,1,0
RA-19915,"Russell Applegate",Consumer,9,2023-06-30,2026-12-18,1267,9,22,22,4786.799000,312,276.170800,570.6693750000,5.7158801112,4.8889,1,0,1,1,1,3
RA-19945,"Ryan Akin",Consumer,5,2023-08-29,2026-10-30,1158,5,9,9,1686.922500,27,-445.695000,337.3845000000,-26.4205972711,3.4000,0,0,0,0,0,3
RB-19330,"Randy Bradley",Consumer,2,2023-11-17,2026-10-23,1071,2,6,6,1008.196000,16,-164.406200,504.0980000000,-16.3069680895,6.0000,0,0,0,0,0,2
RB-19360,"Raymond Buch",Consumer,6,2025-04-01,2026-09-25,542,6,18,18,1112.931000,69,6975.762300,251.0935000000,23.4363892335,3.3333,2,1,1,2,1,0
RB-19435,"Richard Bierner",Consumer,8,2023-03-11,2026-12-11,1371,8,16,16,2663.086000,66,477.239900,332.8857500000,17.9205590807,3.0000,0,0,0,0,0,2
RB-19465,"Rick Bensley","Home Office",12,2023-03-14,2026-12-21,1378,12,23,23,4619.490000,240,-467.241600,413.9161818182,-16.1958975755,3.0833,1,1,2,1,1,2
RB-19570,"Rob Beeghly",Consumer,5,2025-04-28,2026-12-05,586,5,9,9,498.202000,35,76.887900,124.5505000000,36.3153096595,3.0000,1,0,1,1,1,1
RB-19645,"Robert Barroso",Corporate,5,2023-08-23,2025-03-22,577,5,7,7,221.084000,29,72.679000,44.2168000000,32.8739302708,3.4000,0,0,0,0,0,0
RB-19705,"Roger Barcio","Home Office",4,2024-08-22,2026-11-06,806,4,7,7,2067.450000,22,209.768000,516.8625000000,-37.4039561327,4.2500,0,0,1,0,1,2
RB-19795,"Ross Baird","Home Office",8,2023-06-03,2026-11-28,1274,8,18,17,5605.434000,89,303.213600,687.1008571429,30.7716623933,4.6250,1,1,2,1,2,1
RC-19825,"Roy Collins",Consumer,6,2023-12-05,2025-12-26,752,6,10,10,966.409000,29,63.991400,161.0681666667,6.6215649896,2.6667,0,0,0,0,0,1
RC-19960,"Ryan Crowe",Consumer,6,2023-08-25,2026-09-11,1113,6,11,11,885.752000,44,10.563300,147.6253333333,1.1925798643,4.0000,0,0,0,0,0,1
RD-19480,"Rick Duston",Consumer,8,2023-06-08,2026-10-19,1229,8,15,15,4264.642000,60,480.594000,439.5162857143,12.6298944229,4.8750,1,0,0,1,0,0
RD-19585,"Rob Dowd",Consumer,10,2023-04-02,2026-07-03,1188,10,19,19,2912.894000,73,530.967000,291.2894000000,11.6245012481,4.7000,0,0,1,0,1,1
RD-19660,"Robert Dilbeck","Home Office",5,2024-04-12,2026-09-07,878,5,5,5,2786.632000,23,830.403000,557.3264000000,29.9772355775,5.2000,0,0,1,0,1,1
RD-19720,"Roger Demir",Consumer,10,2023-07-20,2026-12-09,1238,10,20,20,1407.777000,76,-1142.907200,156.4196666667,-81.6015320608,4.5000,1,1,0,1,0,3
RD-19810,"Ross DeVincentis","Home Office",8,2023-10-27,2026-12-16,1146,8,16,16,1137.616000,142,171.672500,142.2020000000,27.5360976764,4.2500,0,0,1,0,1,0
RD-19900,"Ruben Dartt",Consumer,9,2023-04-05,2026-09-07,1251,9,21,21,3069.544000,85,438.278200,292.2414285714,14.9441762708,3.5556,2,0,2,2,2,1
RD-19930,"Russell D'Ascenzo",Consumer,4,2023-10-03,2026-11-18,1142,4,10,10,970.942000,33,31.428600,242.7355000000,1.2817082506,3.5000,0,0,1,0,1,2
RE-19405,"Ricardo Emerson",Consumer,1,2023-12-29,2023-12-29,0,1,1,1,48.360000,NULL,6.045000,48.3600000000,12.5000000000,2.0000,0,1,0,0,0,0
RE-19450,"Richard Eichhorn",Consumer,5,2023-06-03,2026-03-03,1004,5,9,9,744.000000,47,209.229400,166.6300000000,35.1229670528,3.6000,1,0,0,1,0,1
RF-19345,"Randy Ferguson",Corporate,8,2023-05-20,2025-12-05,930,8,16,16,2012.570000,141,633.707200,70.6333333333,28.5760972157,3.6250,2,2,0,2,0,1
RF-19735,"Roland Fjeld",Consumer,7,2023-08-06,2026-10-02,1153,7,14,14,2341.296000,53,684.913800,334.4708571429,29.2365778067,4.0000,0,0,1,0,1,0
RF-19840,"Roy Französisch",Consumer,8,2023-11-12,2026-12-24,1138,8,11,11,922.902000,42,280.026100,117.0431428571,26.5485132466,3.6250,1,1,0,1,0,1
RH-19495,"Rick Hansen",Consumer,5,2023-08-23,2026-11-28,1193,5,8,8,3621.376000,591,563.787700,724.2752000000,15.5683281714,2.6000,0,0,0,0,0,0
RH-19510,"Rick Huthwaite","Home Office",6,2023-11-16,2025-09-19,673,6,12,12,6979.180000,43,911.723500,1163.1966666667,25.2208649885,3.5000,0,0,1,0,1,0
RH-19555,"Ritsa Hightower",Consumer,2,2024-12-04,2025-07-29,237,2,3,3,740.382000,11,0.305700,370.1910000000,0.0412894965,4.5000,0,0,0,0,0,1
RH-19600,"Rob Haberlin",Consumer,3,2024-07-02,2025-07-14,377,3,11,11,2085.740000,43,172.626100,695.2466666667,8.2764917967,3.0000,0,0,0,0,0,1
RK-19300,"Ralph Kennedy",Consumer,3,2024-07-20,2026-09-02,774,3,8,8,1460.192000,29,269.688000,486.7306666667,18.4693519756,4.6667,0,0,0,0,0,1
RL-19615,"Rob Lucas",Consumer,8,2023-12-05,2026-08-31,1000,8,24,24,6140.788000,101,313.585800,524.1121666667,10.0273764554,3.7500,2,0,1,2,1,2
RM-19375,"Raymond Messe",Consumer,6,2023-05-11,2026-01-19,984,6,9,9,1453.474000,29,392.149900,242.2456666667,26.9801799000,4.1667,0,0,0,0,0,0
RM-19675,"Robert Marley","Home Office",5,2023-11-14,2026-12-24,1136,5,11,11,5979.096000,829,1902.543800,1195.8192000000,31.8199239484,3.6000,0,0,0,0,0,0
RM-19750,"Roland Murray",Consumer,1,2026-03-06,2026-03-06,0,1,2,2,98.350000,4,28.687900,98.3500000000,29.1691916624,5.0000,0,0,0,0,0,0
RO-19780,"Rose O'Brian",Consumer,7,2024-05-12,2026-11-25,927,7,12,12,3625.596000,48,-1238.173600,604.2660000000,-42.1221896227,3.8571,1,0,1,1,1,3
RP-19270,"Rachel Payne",Corporate,4,2023-10-19,2025-08-21,672,4,12,12,807.915200,44,59.538400,216.1777333333,-5.9097514206,3.5000,1,1,0,1,0,1
RP-19390,"Resi Pölking",Consumer,12,2023-05-24,2026-11-27,1283,12,25,25,5153.084000,88,470.238100,429.4236666667,9.2269385110,3.4167,0,0,1,0,1,1
RP-19855,"Roy Phan",Corporate,8,2023-04-05,2026-12-02,1337,8,15,15,2170.716000,61,594.586800,271.3395000000,27.3912755054,4.8750,0,0,0,0,0,1
RR-19315,"Ralph Ritter",Consumer,2,2025-11-14,2026-12-11,392,2,4,4,538.212000,7,-73.835000,7.3800000000,47.0000000000,2.5000,1,0,0,1,0,1
RR-19525,"Rick Reed",Corporate,6,2023-09-09,2026-07-13,1038,6,10,10,3302.262000,36,721.682600,550.3770000000,21.8541896433,4.1667,0,0,0,0,0,0
RS-19420,"Ricardo Sperren",Corporate,5,2023-08-05,2026-10-15,1167,5,9,9,3221.290000,24,338.780400,644.2580000000,15.6954354237,3.2000,0,1,1,0,1,0
RS-19765,"Roland Schwarz",Corporate,8,2023-04-07,2026-11-24,1327,8,14,14,4159.770000,54,1206.385100,519.9712500000,29.0012452612,3.0000,0,0,0,0,0,1
RS-19870,"Roy Skaria","Home Office",2,2025-06-07,2026-12-11,552,2,3,3,22.328000,10,9.583800,11.1640000000,42.9227875314,3.5000,0,0,0,0,0,0
RW-19540,"Rick Wilson",Corporate,7,2024-02-03,2026-09-01,941,6,23,23,7397.401000,89,1547.050100,1056.7715714286,26.8979519677,3.5714,0,0,2,0,2,0
RW-19630,"Rob Williams",Corporate,9,2023-06-28,2026-10-02,1192,9,16,16,2161.118000,53,681.911900,302.2020000000,30.1372543122,4.5556,2,0,2,2,2,0
RW-19690,"Robert Waldorf",Consumer,5,2025-05-30,2026-10-12,500,5,15,15,3495.646000,61,707.550300,699.1292000000,20.2409025399,3.0000,0,0,0,0,0,1
SA-20830,"Sue Ann Reed",Consumer,10,2023-02-22,2026-10-28,1344,10,21,21,4434.401500,75,679.636800,470.2201666667,11.4834906139,3.4000,1,0,3,1,3,1
SB-20170,"Sarah Bern",Consumer,3,2023-06-06,2026-06-12,1102,3,7,7,1315.852000,24,157.665800,196.7360000000,-3.9765980807,5.3333,2,0,0,1,0,1
SB-20185,"Sarah Brown",Consumer,6,2023-09-20,2026-06-25,1009,6,12,12,6410.996000,598,885.462400,1068.4993333333,13.8116199105,3.1667,0,0,0,0,0,2
SB-20290,"Sean Braxton",Corporate,7,2023-05-09,2026-11-13,1284,7,17,17,5537.933000,84,-2091.218700,412.9918333333,-39.1778900879,3.8571,1,0,1,1,1,2
SC-20020,"Sam Craven",Consumer,5,2023-03-03,2024-11-10,618,4,17,17,3350.123600,62,-322.494000,542.0234000000,-48.6728360203,4.4000,1,0,1,1,1,1
SC-20050,"Sample Company A","Home Office",9,2023-03-18,2026-11-20,1343,9,15,15,4187.626000,57,438.892700,616.3196666667,7.4573557337,5.3333,3,1,1,3,1,2
SC-20095,"Sanjit Chand",Consumer,9,2023-02-12,2026-01-15,1068,9,22,22,14142.334000,87,5757.411900,1571.3704444444,40.7104789068,4.6667,0,0,0,0,0,2
SC-20230,"Scot Coram",Corporate,4,2025-06-06,2026-08-03,423,4,11,11,1437.382000,49,448.137000,344.2786666667,15.9019437742,4.2500,2,0,1,1,1,0
SC-20260,"Scott Cohen",Corporate,12,2023-04-06,2026-11-14,1318,9,22,22,2170.062000,71,611.909000,175.6336000000,13.8526928283,4.0000,2,0,3,2,3,2
SC-20305,"Sean Christensen",Consumer,7,2023-12-16,2026-12-01,1081,7,12,12,3979.065000,64,229.161700,568.4378571429,5.7591846326,3.5714,0,0,0,0,0,1
SC-20380,"Shahid Collister",Consumer,9,2023-03-01,2026-11-30,1370,9,20,20,5973.696000,80,-289.521700,677.2927500000,-4.2146472113,4.0000,1,0,0,1,0,4
SC-20440,"Shaun Chance",Corporate,7,2024-08-17,2026-11-24,829,6,10,10,1874.998000,44,379.561100,267.8568571429,20.2432802595,4.1429,0,0,0,0,0,2
SC-20575,"Sonia Cooley",Consumer,5,2023-06-16,2026-09-29,1201,5,7,7,254.888000,30,100.225300,63.7220000000,26.6129829572,4.0000,1,0,0,1,0,2
SC-20680,"Steve Carroll","Home Office",6,2023-11-21,2026-08-26,1009,6,8,8,1144.720000,105,156.453400,224.8560000000,30.8905867566,5.3333,1,0,1,1,1,0
SC-20695,"Steve Chapman",Corporate,10,2023-12-16,2026-10-02,1021,9,14,14,2576.408000,66,-3127.996700,257.6408000000,-120.9805253623,4.5000,0,0,1,0,1,1
SC-20725,"Steven Cartwright",Consumer,11,2023-06-03,2026-06-26,1119,10,26,26,5044.860000,361,1280.083300,503.6220000000,21.7048885895,3.7273,1,1,1,1,1,1
SC-20770,"Stewart Carmichael",Corporate,7,2024-06-20,2026-11-19,882,6,21,21,4475.917000,310,-671.187400,711.2928333333,-17.2321385683,3.8571,1,1,0,1,0,3
SC-20800,"Stuart Calhoun",Consumer,4,2024-12-11,2026-11-30,719,4,5,5,279.256000,11,51.825200,69.8140000000,18.5583120864,3.2500,0,0,0,0,0,0
SC-20845,"Sung Chung",Consumer,2,2025-11-11,2026-08-21,283,2,4,4,280.632000,13,31.175700,140.3160000000,11.1091037373,4.0000,0,0,0,0,0,0
SD-20485,"Shirley Daniels","Home Office",9,2023-01-26,2026-06-13,1234,9,21,21,5965.764000,82,1889.911800,647.0630000000,36.5736411501,3.6667,1,0,1,1,1,2
SE-20110,"Sanjit Engle",Consumer,11,2023-04-11,2026-12-21,1350,11,19,19,12209.438000,76,-149.307100,1109.9489090909,-5.1289332211,4.7273,0,1,1,0,1,2
SF-20065,"Sandra Flanagan",Consumer,7,2023-09-10,2026-11-01,1148,7,9,9,750.426000,35,228.162300,125.0710000000,30.2076820366,2.2857,1,0,0,1,0,1
SF-20200,"Sarah Foster",Consumer,9,2023-12-23,2026-11-01,1044,9,15,15,3422.786000,74,286.904600,380.3095555556,8.3821950890,3.3333,0,0,0,0,0,1
SF-20965,"Sylvia Foulston",Corporate,9,2023-10-21,2026-11-12,1118,9,17,17,3336.535000,64,537.065200,370.7261111111,17.1218805080,4.4444,0,1,1,0,1,2
SG-20080,"Sandra Glassco",Consumer,3,2024-10-31,2026-12-22,782,3,11,11,3406.581000,29,569.178000,1135.5270000000,26.1238497886,2.6667,0,1,1,0,1,0
SG-20470,"Sheri Gordon",Consumer,8,2023-07-26,2026-06-30,1070,8,14,14,1884.798000,62,-119.010500,235.5997500000,-6.3142310210,3.3750,0,0,0,0,0,2
SG-20605,"Speros Goranitis",Consumer,6,2023-01-23,2026-09-13,1329,5,13,13,3109.280000,49,421.378500,550.5424000000,15.5889573628,4.3333,1,0,2,1,1,0
SG-20890,"Susan Gilcrest",Corporate,3,2023-03-30,2026-05-18,1145,3,5,5,47.946000,17,6.947400,15.9820000000,31.7473795940,3.3333,0,0,1,0,1,0
SH-19975,"Sally Hughsby",Corporate,13,2023-12-10,2026-12-01,1087,13,29,29,3406.839500,113,577.000200,262.0645769231,16.9113270147,5.2308,0,0,1,0,1,1
SH-20395,"Shahid Hopkins",Consumer,10,2023-11-02,2026-12-07,1131,10,15,15,2178.504000,121,-2144.988900,242.0560000000,-98.3938014344,3.0000,1,1,0,1,0,3
SH-20635,"Stefanie Holloman",Corporate,2,2023-12-16,2024-11-26,346,2,2,2,1403.920000,16,260.625800,1403.9200000000,5.0000000000,4.5000,1,0,0,1,0,0
SJ-20125,"Sanjit Jacobs","Home Office",12,2024-09-22,2026-09-26,734,12,24,23,3940.800000,104,-118.474100,342.4080000000,-4.3033802311,4.1667,1,0,0,1,0,4
SJ-20215,"Sarah Jordon",Consumer,6,2024-02-09,2026-12-01,1026,6,10,10,1341.036000,30,-23.513700,223.5060000000,-1.7533981191,3.8333,0,1,0,0,0,4
SJ-20500,"Shirley Jackson",Consumer,5,2023-08-31,2026-04-21,964,5,7,7,1318.776000,30,-413.007700,263.7552000000,-31.3175019867,4.4000,0,0,0,0,0,2
SK-19990,"Sally Knutson",Consumer,3,2025-11-28,2026-12-22,389,3,5,5,883.409000,19,-481.569700,294.4696666667,-54.5126549537,4.0000,0,0,0,0,0,1
SL-20155,"Sara Luxemburg","Home Office",7,2023-09-21,2026-10-21,1126,7,9,9,3053.012000,188,527.971500,436.1445714286,17.2934629802,2.8571,0,0,0,0,0,1
SM-20005,"Sally Matthias",Consumer,4,2023-11-23,2025-11-04,712,4,6,6,244.494000,26,-26.592700,61.1235000000,-10.8766268293,4.5000,0,0,0,0,0,1
SM-20320,"Sean Miller","Home Office",5,2023-03-18,2026-10-12,1304,5,15,15,25033.090000,50,-1996.033300,6258.2725000000,-14.2789143514,3.6000,1,0,1,1,1,1
SM-20905,"Susan MacKendrick",Consumer,1,2025-05-03,2025-05-03,0,1,6,6,1043.041000,20,-237.288500,1043.0410000000,-22.7496809809,2.0000,0,0,0,0,0,1
SM-20950,"Suzanne McNair",Corporate,14,2023-09-29,2026-12-05,1163,13,24,24,5623.136000,99,610.114200,272.3906666667,31.0546433309,4.7143,2,2,0,2,0,2
SN-20560,"Skye Norling","Home Office",6,2024-06-18,2026-09-10,814,6,15,15,1860.418000,67,-716.856500,310.0696666667,-38.5320126982,5.0000,0,0,0,0,0,1
SN-20710,"Steve Nguyen","Home Office",7,2023-05-06,2026-10-12,1255,7,19,19,3127.959200,89,-3.798900,446.8513142857,-0.1214497938,4.2857,0,0,0,0,0,2
SO-20335,"Sean O'Donnell",Consumer,6,2024-10-11,2026-12-01,781,6,15,15,2574.135500,49,230.258600,361.6003000000,23.9274969161,5.5000,1,1,3,1,3,0
SP-20545,"Sibella Parks",Corporate,6,2023-10-13,2026-02-06,847,6,10,10,1306.086000,43,-118.775700,217.6810000000,-9.0940183112,4.3333,0,0,0,0,0,2
SP-20620,"Stefania Perrino",Corporate,9,2023-09-08,2026-11-13,1162,9,24,24,5168.639000,77,-534.973200,339.0805714286,0.1563563683,4.0000,2,0,3,2,2,3
SP-20650,"Stephanie Phelps",Corporate,9,2023-04-16,2025-12-09,968,9,15,15,1872.436000,58,268.478200,208.0484444444,14.3384446785,3.8889,0,2,0,0,0,2
SP-20860,"Sung Pak",Corporate,10,2023-12-15,2026-10-12,1032,10,24,24,3581.472000,74,549.407800,150.1325714286,-8.2510505001,4.3000,3,2,1,3,1,3
SP-20920,"Susan Pistek",Consumer,6,2023-11-22,2026-10-21,1064,6,14,14,4001.066000,768,14.692400,666.8443333333,0.3672121380,3.1667,0,0,0,0,0,1
SR-20425,"Sharelle Roach","Home Office",5,2023-06-14,2026-12-22,1287,5,9,9,3233.481000,34,-3366.884400,646.6962000000,-107.7892457407,5.2000,0,0,1,0,1,2
SR-20740,"Steven Roelle","Home Office",8,2023-02-20,2026-06-17,1213,6,12,12,4345.886000,50,1982.317200,543.2357500000,37.3922618523,3.7500,0,0,1,0,1,1
SS-20140,"Saphhira Shifley",Corporate,8,2023-11-23,2026-12-15,1118,8,21,21,1317.660000,84,73.056300,182.5628571429,12.6053727092,4.0000,1,1,0,1,0,2
SS-20410,"Shahid Shariari",Consumer,6,2023-05-30,2026-09-11,1200,6,12,12,3056.807000,46,-1010.973800,509.4678333333,-33.0728698279,4.3333,0,0,0,0,0,3
SS-20515,"Shirley Schmidt","Home Office",3,2023-07-14,2025-08-26,774,3,6,5,613.400000,36,199.934500,204.4666666667,32.5944734268,4.6667,0,0,0,0,0,0
SS-20590,"Sonia Sunley",Consumer,6,2023-08-05,2025-10-24,811,6,9,9,418.490000,17,135.540100,69.7483333333,32.3878945733,3.6667,0,0,0,0,0,0
SS-20875,"Sung Shariari",Consumer,5,2023-12-14,2026-09-01,992,5,15,15,962.012000,39,-86.105200,140.3805000000,-14.5942141540,5.8000,1,0,2,1,2,2
ST-20530,"Shui Tom",Consumer,7,2023-02-14,2026-08-27,1290,7,12,12,404.104000,33,84.441900,57.1876000000,29.1425064175,4.2857,2,0,0,2,0,1
SU-20665,"Stephanie Ulpright","Home Office",7,2024-12-05,2026-12-10,735,7,18,18,2520.304000,61,721.868500,409.8223333333,33.1496962006,2.4286,1,0,3,1,2,1
SV-20365,"Seth Vernon",Consumer,10,2023-01-11,2026-09-20,1348,10,32,32,11470.950000,109,1390.283600,1147.0950000000,16.9600302300,3.5000,0,0,3,0,2,2
SV-20785,"Stewart Visinsky",Consumer,9,2023-04-12,2026-02-13,1038,9,25,25,3732.561000,82,306.571600,372.5115714286,14.5520960103,4.1111,2,3,2,2,2,1
SV-20815,"Stuart Van",Corporate,4,2024-05-04,2026-10-15,894,4,6,6,1271.090000,24,199.650200,317.7725000000,15.7070073716,4.0000,0,0,0,0,0,0
SV-20935,"Susan Vittorini",Consumer,8,2025-03-19,2026-12-28,649,8,13,13,1785.241000,61,153.921600,254.4230000000,7.6143365707,3.3750,1,1,1,1,1,2
SW-20245,"Scot Wooten",Consumer,7,2023-07-20,2026-10-10,1178,7,10,10,1085.078000,28,-19.606200,155.0111428571,-1.8068931450,3.8571,0,2,0,0,0,4
SW-20275,"Scott Williamson",Consumer,6,2023-03-10,2026-11-30,1361,6,7,7,1944.270000,28,332.872500,388.8540000000,16.5681772593,4.5000,1,0,0,1,0,0
SW-20350,"Sean Wendt","Home Office",3,2025-04-09,2026-07-21,468,3,6,6,586.160000,25,68.398500,276.1150000000,31.0000000000,4.6667,2,0,2,1,2,0
SW-20455,"Shaun Weien",Consumer,7,2024-06-22,2026-07-21,759,7,9,9,2921.544000,18,785.975000,417.3634285714,28.3630468414,4.0000,0,0,1,0,1,0
SW-20755,"Steven Ward",Corporate,2,2023-11-02,2025-07-14,620,2,8,8,758.696000,27,68.241600,379.3480000000,8.9945907188,4.5000,0,0,0,0,0,0
SZ-20035,"Sam Zeldin","Home Office",11,2023-09-07,2026-11-25,1175,11,20,20,2821.084000,306,366.430300,200.7395555556,6.9463915654,3.7273,3,0,0,2,0,2
TA-21385,"Tom Ashbrook","Home Office",4,2023-09-12,2026-10-22,1136,4,10,10,14595.620000,36,4703.788300,3648.9050000000,32.2273963011,3.0000,0,0,0,0,0,1
TB-21055,"Ted Butterfield",Consumer,5,2025-06-17,2026-09-02,442,5,18,18,1467.881000,66,390.211300,293.5762000000,26.5833061399,3.2000,0,0,0,0,0,0
TB-21175,"Thomas Boland",Corporate,4,2023-12-08,2026-11-02,1060,4,11,11,3589.296000,33,512.785900,897.3240000000,14.2865313978,4.2500,0,1,0,0,0,1
TB-21190,"Thomas Brumley","Home Office",4,2023-12-27,2026-11-11,1050,4,4,4,816.174000,23,179.003800,204.0435000000,21.9320635061,3.0000,0,0,0,0,0,0
TB-21250,"Tim Brockman",Consumer,7,2023-12-08,2026-01-15,769,6,19,19,1592.008000,74,260.615500,222.7653333333,18.4649765972,3.8571,1,0,0,1,0,2
TB-21280,"Toby Braunhardt",Consumer,6,2023-06-21,2025-05-26,705,6,11,11,2179.010000,32,490.956700,423.0600000000,21.4614333664,3.6667,1,1,0,1,0,1
TB-21355,"Todd Boyes",Corporate,5,2025-01-25,2026-08-06,558,5,13,13,475.408000,360,240.995000,77.3695000000,34.2215340904,2.8000,2,0,1,1,1,0
TB-21400,"Tom Boeckenhauer",Consumer,7,2023-01-21,2026-06-11,1237,7,17,17,9077.908000,55,2798.368900,1599.3376000000,30.9479974710,3.4286,2,0,0,2,0,0
TB-21520,"Tracy Blumstein",Consumer,9,2023-10-17,2026-09-14,1063,9,20,20,4737.486000,85,-1656.272900,526.3873333333,0.8536874129,3.6667,0,0,3,0,2,2
TB-21595,"Troy Blackwell",Consumer,5,2023-02-18,2026-03-20,1126,5,7,7,1387.559000,24,-125.087100,277.5118000000,-9.1813851889,3.4000,0,1,1,0,1,1
TB-21625,"Trudy Brown",Consumer,9,2023-08-06,2026-11-30,1212,9,15,15,2797.668000,60,379.882000,310.8520000000,13.5785232558,3.6667,0,0,0,0,0,3
TC-20980,"Tamara Chand",Corporate,5,2023-11-07,2025-11-26,750,5,12,12,1552.268000,42,8981.323900,178.8695000000,30.5997948225,5.6000,1,0,0,1,0,1
TC-21145,"Theresa Coyne",Corporate,1,2026-09-15,2026-09-15,0,1,4,4,1038.260000,17,265.533200,1038.2600000000,25.5748271146,4.0000,0,0,0,0,0,0
TC-21295,"Toby Carlisle",Consumer,8,2023-10-14,2026-12-03,1146,8,16,16,4266.812000,63,-2667.626100,533.3515000000,-63.4000021865,2.3750,0,0,1,0,1,4
TC-21475,"Tony Chapman","Home Office",9,2023-11-22,2026-07-30,981,9,11,11,1006.800000,45,119.104000,167.8000000000,13.9851410409,3.6667,3,0,0,3,0,3
TC-21535,"Tracy Collins","Home Office",7,2023-11-03,2026-12-26,1149,7,10,10,681.366000,28,-134.359000,102.2543333333,-26.0151639761,3.7143,1,0,1,1,1,1
TD-20995,"Tamara Dahlen",Consumer,9,2023-05-19,2026-11-23,1284,9,16,16,1428.852100,67,88.189700,158.7613444444,6.1720663741,3.0000,0,0,0,0,0,3
TG-21310,"Toby Gnade",Consumer,5,2024-03-09,2026-01-27,689,5,9,9,3058.372000,28,682.170400,611.6744000000,22.3050171791,3.8000,0,1,0,0,0,1
TG-21640,"Trudy Glocke",Consumer,4,2023-03-31,2026-09-07,1256,4,10,10,2074.661000,50,355.959700,518.6652500000,14.5764477101,1.5000,0,0,1,0,1,0
TH-21100,"Thea Hendricks",Consumer,5,2023-09-27,2026-01-20,846,5,7,7,2422.824000,29,-135.212500,484.5648000000,-5.5807809399,4.6000,0,0,0,0,0,1
TH-21115,"Thea Hudgings",Corporate,4,2023-09-23,2026-11-02,1136,4,9,9,2942.772000,29,-252.553900,735.6930000000,-8.5821769407,4.2500,0,0,0,0,0,2
TH-21235,"Tiffany House",Corporate,8,2023-11-04,2026-09-04,1035,8,13,13,1022.201000,40,92.729000,127.7751250000,9.0715035497,4.3750,0,0,0,0,0,2
TH-21550,"Tracy Hopkins","Home Office",7,2023-04-05,2026-10-19,1293,7,13,13,3956.696000,44,-571.967800,639.9360000000,-19.4010807331,3.5714,1,0,0,1,0,1
TM-21010,"Tamara Manning",Consumer,8,2023-02-21,2026-09-18,1305,8,19,19,2955.226000,67,459.865300,369.4032500000,15.5610873754,3.8750,0,0,0,0,0,2
TM-21490,"Tony Molinari",Consumer,3,2026-03-30,2026-08-22,145,3,4,4,1094.678000,12,142.625400,364.8926666667,18.5512566043,2.0000,0,0,1,0,1,0
TN-21040,"Tanja Norvell","Home Office",7,2023-10-10,2026-10-01,1087,7,12,12,3130.221000,48,-692.045200,447.1744285714,-22.1085092714,4.7143,0,0,0,0,0,2
TP-21130,"Theone Pippenger",Consumer,9,2024-04-14,2026-12-22,982,9,16,16,2464.608000,50,933.131700,269.3780000000,34.3316096878,3.8889,3,1,1,3,1,1
TP-21415,"Tom Prescott",Consumer,5,2024-11-28,2026-09-17,658,5,10,10,5302.904800,39,-670.296200,1712.1693333333,-11.9517241205,3.8000,2,0,1,2,1,2
TP-21565,"Tracy Poddar",Corporate,4,2024-03-01,2026-01-14,684,4,10,10,1767.576000,41,126.621700,532.9840000000,3.9053166069,2.2500,1,1,2,1,1,2
TR-21325,"Toby Ritter",Consumer,5,2023-12-01,2026-06-20,932,5,7,7,675.942000,22,139.628400,135.1884000000,35.1229304074,3.8000,0,0,1,0,1,0
TS-21085,"Thais Sissman",Consumer,2,2024-07-19,2026-01-07,537,2,2,2,4.833000,4,-3.315600,2.4165000000,-68.6033519553,3.5000,0,0,0,0,0,2
TS-21160,"Theresa Swint",Corporate,6,2023-04-23,2025-08-13,843,6,17,17,2163.624000,60,260.874400,360.6040000000,12.0572890669,3.3333,0,0,0,0,0,3
TS-21205,"Thomas Seio",Corporate,7,2023-03-21,2026-06-15,1182,7,19,19,5371.090000,67,862.887700,767.2985714286,16.0654113039,3.8571,0,0,0,0,0,2
TS-21340,"Toby Swindell",Consumer,5,2023-01-19,2026-05-18,1215,5,12,12,971.734000,48,-184.978900,239.2935000000,-20.0870897036,3.2000,1,2,0,1,0,2
TS-21370,"Todd Sumrall",Corporate,6,2023-10-28,2026-11-24,1123,5,15,15,11891.751000,53,2134.494400,1981.9585000000,13.5969924393,3.0000,0,2,2,0,2,1
TS-21430,"Tom Stivers",Corporate,5,2023-07-30,2026-07-11,1077,5,7,7,2054.140000,347,35.646900,410.8280000000,1.7614019310,4.2000,0,0,1,0,1,1
TS-21505,"Tony Sayre",Consumer,6,2023-12-20,2026-12-19,1095,6,14,14,1911.738000,291,-6.513100,320.2516000000,5.0719933952,3.8333,1,0,1,1,1,1
TS-21610,"Troy Staebel",Consumer,7,2023-08-16,2026-11-05,1177,7,11,11,2757.112000,41,-294.698100,441.6420000000,-6.1621969831,3.4286,1,1,0,1,0,4
TS-21655,"Trudy Schmidt",Consumer,5,2024-02-06,2026-05-06,820,5,14,14,2691.910000,52,234.496300,451.0433333333,36.8484846245,4.2000,2,0,1,2,1,1
TT-21070,"Ted Trevino",Consumer,7,2023-05-18,2026-11-29,1291,7,14,14,4251.058000,66,615.089200,220.4872000000,1.0145503998,3.7143,2,0,1,2,1,1
TT-21220,"Thomas Thornton",Consumer,8,2023-09-23,2026-06-30,1011,7,15,15,1427.044000,55,274.276700,178.3805000000,22.1043496890,3.2500,0,0,1,0,1,0
TT-21265,"Tim Taslimi",Corporate,3,2024-08-15,2025-11-19,461,3,3,3,439.500000,8,93.916200,146.5000000000,21.3688737201,3.6667,0,0,0,0,0,0
TT-21460,"Tonja Turnell","Home Office",7,2024-12-08,2026-12-18,740,7,14,14,3646.408000,48,1124.499900,547.6160000000,25.6682845887,4.4286,1,0,0,1,0,1
TW-21025,"Tamara Willingham","Home Office",7,2023-12-22,2026-10-27,1040,7,12,12,4987.690000,768,725.157700,831.2816666667,15.2575873066,4.7143,1,0,1,1,1,1
TZ-21580,"Tracy Zic",Consumer,8,2023-11-11,2026-12-04,1119,5,17,17,2218.050000,69,249.671500,313.2814285714,14.8252525581,4.7500,1,0,1,1,1,0
VB-21745,"Victoria Brennan",Corporate,6,2024-07-17,2026-11-06,842,6,10,10,1190.464000,37,253.807800,292.4410000000,10.7210740531,3.5000,2,0,1,2,1,0
VD-21670,"Valerie Dominguez",Consumer,6,2023-08-04,2025-05-28,663,6,16,16,5908.374000,703,1186.667400,524.0400000000,9.5072179605,4.8333,3,0,2,2,2,0
VF-21715,"Vicky Freymann","Home Office",5,2023-03-01,2026-12-17,1387,5,11,11,841.464000,35,-96.278000,206.4860000000,-12.5860833180,3.8000,1,0,0,1,0,1
VG-21790,"Vivek Gonzalez",Consumer,6,2023-08-08,2026-07-29,1086,6,8,8,846.010000,32,143.626800,141.0016666667,16.9769624473,3.5000,0,0,0,0,0,1
VG-21805,"Vivek Grady",Corporate,5,2023-09-22,2026-03-19,909,5,6,6,95.836000,16,-52.333000,23.9590000000,31.8784172962,3.8000,1,0,0,1,0,1
VM-21685,"Valerie Mitchum","Home Office",7,2023-04-07,2026-11-06,1309,7,12,12,2454.866000,116,513.526900,350.6951428571,20.9187344645,3.1429,0,0,0,0,0,1
VM-21835,"Vivian Mathis",Consumer,5,2023-03-22,2026-09-04,1262,5,8,8,380.690000,25,69.837300,76.1380000000,26.7821601460,1.8000,0,0,1,0,1,1
VP-21730,"Victor Preis","Home Office",3,2024-07-05,2026-11-30,878,3,5,5,447.842000,18,203.717600,47.3960000000,36.4058148367,4.6667,1,0,1,1,1,0
VP-21760,"Victoria Pisteka",Corporate,7,2023-09-06,2026-10-16,1136,7,14,14,3360.526000,65,-146.933900,480.0751428571,-3.7016717346,3.7143,0,0,1,0,1,2
VS-21820,"Vivek Sundaresam",Consumer,4,2023-01-07,2026-05-23,1232,4,8,8,979.253000,38,-273.687700,322.9410000000,-23.4156052687,4.5000,1,0,1,1,1,3
VT-21700,"Valerie Takahito","Home Office",2,2023-06-06,2024-04-05,304,2,9,9,1384.146000,42,-266.059400,100.2400000000,33.7500000000,4.5000,1,0,1,1,1,0
VW-21775,"Victoria Wilson",Corporate,10,2023-05-11,2026-12-02,1301,10,18,18,6134.038000,77,-874.664500,613.4038000000,-14.2591959815,4.9000,0,0,0,0,0,3
WB-21850,"William Brown",Consumer,13,2023-11-04,2026-12-10,1132,12,41,41,6230.278000,154,-101.501800,479.2521538462,-6.1124362063,3.6923,0,0,1,0,1,5
XP-21865,"Xylona Preis",Consumer,13,2023-01-20,2026-11-17,1397,12,34,34,2386.876000,121,659.414400,161.7855000000,21.1921461569,4.3077,1,0,1,1,1,1
YC-21895,"Yoseph Carroll",Corporate,5,2023-11-17,2026-12-26,1135,5,8,8,5454.350000,31,513.359900,1090.8700000000,20.1836594150,3.0000,0,0,1,0,1,0
YS-21880,"Yana Sorensen",Corporate,8,2024-01-12,2026-12-21,1074,8,12,12,5925.160000,58,-3511.813500,971.1166666667,-61.1371050509,4.3750,2,0,0,2,0,2
ZC-21910,"Zuschuss Carroll",Consumer,13,2023-10-13,2026-11-06,1120,13,31,31,6661.303000,258,-1026.941800,582.7730000000,-18.0133758615,4.8462,2,1,1,2,1,6
ZD-21925,"Zuschuss Donatelli",Consumer,5,2023-08-27,2026-06-11,1019,5,9,9,1493.944000,32,249.130700,298.7888000000,16.6760400658,3.6000,0,0,0,0,0,0
