product_key,product_id,product_name,category,sub_category,first_order_date,last_order_date,total_order_lines,total_orders,distinct_customers,total_sales,total_quantity,total_profit,average_line_discount,comparable_average_unit_sales,comparable_profit_margin_percentage,unknown_sales_lines,unknown_quantity_lines,unknown_profit_lines,loss_making_lines
1,FUR-BO-10000112,"Bush Birmingham Collection Bookcase  Dark Cherry",Furniture,Bookcases,2026-09-04,2026-09-04,1,1,1,825.174000,9,-117.882000,0.300000,91.6860000000,-14.2857142857,0,0,0,1
2,FUR-BO-10000330,"Sauder Camden County Barrister Bookcase  Planked Cherry Finish",Furniture,Bookcases,2023-11-28,2026-05-30,3,3,3,653.292000,6,24.196000,0.100000,108.8820000000,4.4444444444,1,1,0,2
3,FUR-BO-10000362,"Sauder Inglewood Library Bookcases",Furniture,Bookcases,2023-05-26,2025-06-04,5,5,5,1658.506000,14,75.231200,0.130000,165.8506000000,16.7567567568,2,0,1,1
4,FUR-BO-10000468,"O'Sullivan 2-Shelf Heavy-Duty Bookcases",Furniture,Bookcases,2023-08-08,2026-12-19,6,6,6,723.842000,21,-133.109200,0.183333,34.4686666667,-18.3892617450,0,0,0,3
5,FUR-BO-10000711,"Hon Metal Bookcases  Gray",Furniture,Bookcases,2023-06-14,2023-08-19,2,2,2,851.760000,12,57.493800,0.000000,70.9800000000,27.0000000000,0,0,1,0
6,FUR-BO-10000780,"O'Sullivan Plantations 2-Door Library in Landvery Oak",Furniture,Bookcases,2024-08-16,2026-11-24,5,5,5,2946.366800,22,-751.665200,0.332000,133.9257636364,-28.6370597243,0,0,1,4
7,FUR-BO-10001337,"O'Sullivan Living Dimensions 2-Shelf Bookcases",Furniture,Bookcases,2023-03-30,2026-06-10,10,10,10,2970.059000,28,-78.637000,0.110000,106.0735357143,-2.6476578411,0,0,0,7
8,FUR-BO-10001519,"O'Sullivan 3-Shelf Heavy-Duty Bookcases",Furniture,Bookcases,2024-04-16,2026-12-09,5,5,5,1031.985000,22,147.094200,0.170000,54.3150000000,18.6478873239,1,0,0,1
9,FUR-BO-10001567,"Bush Westfield Collection Bookcases  Dark Cherry Finish  Fully Assembled",Furniture,Bookcases,2025-10-10,2025-10-10,1,1,1,90.882000,3,-190.852200,0.700000,30.2940000000,-210.0000000000,0,0,0,1
10,FUR-BO-10001601,"Sauder Mission Library with Doors  Fruitwood Finish",Furniture,Bookcases,2023-11-09,2026-05-06,3,3,3,935.197200,10,-125.740800,0.263333,93.5197200000,-13.4453781513,0,0,0,2
11,FUR-BO-10001608,"Hon Metal Bookcases  Black",Furniture,Bookcases,2023-06-20,2026-01-13,5,5,5,1570.077600,30,-26.972400,0.244000,52.3359200000,-1.7179023508,0,0,0,2
12,FUR-BO-10001619,"O'Sullivan Cherrywood Estates Traditional Bookcase",Furniture,Bookcases,2025-11-24,2026-01-21,2,2,2,424.900000,6,27.193600,0.100000,70.8166666667,6.4000000000,0,0,0,0
13,FUR-BO-10001798,"Bush Somerset Collection Bookcase",Furniture,Bookcases,2025-04-09,2026-08-25,4,4,4,949.605000,12,-40.603800,0.212500,105.5116666667,-4.2758620690,1,0,1,1
14,FUR-BO-10001811,"Atlantic Metals Mobile 5-Shelf Bookcases  Custom Colors",Furniture,Bookcases,2024-03-01,2026-09-23,8,8,8,5492.885000,26,15.049000,0.316250,211.2648076923,0.2739726027,0,0,0,5
15,FUR-BO-10001918,"Sauder Forest Hills Library with Doors  Woodland Oak Finish",Furniture,Bookcases,2024-06-28,2026-03-26,3,3,3,1014.174000,10,-418.548000,0.283333,101.4174000000,-41.2698412698,0,0,0,3
16,FUR-BO-10001972,"O'Sullivan 4-Shelf Bookcase in Odessa Pine",Furniture,Bookcases,2023-01-19,2026-12-08,7,7,7,2437.747000,37,-1016.232000,0.421429,76.1795937500,-37.1900826446,1,0,1,5
17,FUR-BO-10002202,"Atlantic Metals Mobile 2-Shelf Bookcases  Custom Colors",Furniture,Bookcases,2025-03-19,2026-11-17,4,4,3,544.614800,5,-310.864200,0.605000,108.9229600000,-57.0796460177,0,0,0,4
18,FUR-BO-10002206,"Bush Saratoga Collection 5-Shelf Bookcase  Hanover Cherry  *Special Order",Furniture,Bookcases,2026-12-18,2026-12-18,1,1,1,119.833000,1,-12.688200,0.150000,119.8330000000,-10.5882352941,0,0,0,1
19,FUR-BO-10002213,"DMI Eclipse Executive Suite Bookcases",Furniture,Bookcases,2023-09-20,2026-06-25,6,6,6,11046.609000,18,-9904.374600,0.183333,400.7840000000,-89.6598639456,0,2,0,4
20,FUR-BO-10002213-1,"Sauder Forest Hills Library  Woodland Oak Finish",Furniture,Bookcases,2024-07-25,2026-11-25,4,4,4,1170.134000,15,22.556800,0.125000,117.0134000000,-2.8915662651,1,0,0,1
21,FUR-BO-10002268,"Sauder Barrister Bookcases",Furniture,Bookcases,2024-11-20,2026-04-27,3,3,3,145.764000,16,-294.767200,0.406667,24.2940000000,-170.0000000000,2,0,0,3
22,FUR-BO-10002545,"Atlantic Metals Mobile 3-Shelf Bookcases  Custom Colors",Furniture,Bookcases,2023-11-11,2026-09-15,8,8,8,5986.881200,351,780.330200,0.183750,17.4037244186,9.6774193548,1,0,0,3
23,FUR-BO-10002598,"Hon Metal Bookcases  Putty",Furniture,Bookcases,2024-02-06,2026-12-01,5,5,5,1320.228000,19,362.707800,0.040000,69.4856842105,27.4731182796,0,0,0,0
24,FUR-BO-10002613,"Atlantic Metals Mobile 4-Shelf Bookcases  Custom Colors",Furniture,Bookcases,2023-12-31,2026-07-17,6,6,6,4706.415000,25,-126.441000,0.325000,188.2566000000,-4.4776119403,1,1,0,1
25,FUR-BO-10002824,"Bush Mission Pointe Library",Furniture,Bookcases,2024-07-06,2026-06-03,3,3,3,748.860800,6,-36.235200,0.290000,124.8101333333,-8.1081081081,0,0,1,1
26,FUR-BO-10002853,"O'Sullivan 5-Shelf Heavy-Duty Bookcases",Furniture,Bookcases,2024-12-27,2025-12-05,4,4,4,540.804000,9,-12.291000,0.175000,60.0893333333,-2.2727272727,0,0,0,1
27,FUR-BO-10002916,"Rush Hierlooms Collection 1" Thick Stackable Bookcases",Furniture,Bookcases,2023-07-30,2024-11-27,4,4,4,2487.759000,15,410.352000,0.037500,165.8506000000,16.4948453608,0,0,0,0
28,FUR-BO-10003034,"O'Sullivan Elevations Bookcase  Cherry Finish",Furniture,Bookcases,2023-01-13,2026-10-27,5,5,5,1912.308000,18,-68.109600,0.200000,106.2393333333,-3.5616438356,0,0,0,3
29,FUR-BO-10003159,"Sauder Camden County Collection Libraries  Planked Cherry Finish",Furniture,Bookcases,2023-11-25,2026-12-08,7,7,7,1909.817800,19,-78.186400,0.145714,100.5167263158,-4.0939193257,0,0,0,5
30,FUR-BO-10003272,"O'Sullivan Living Dimensions 5-Shelf Bookcases",Furniture,Bookcases,2023-06-04,2025-06-21,6,6,6,3420.770400,21,-755.751600,0.240000,162.8938285714,-22.0930232558,0,0,0,6
31,FUR-BO-10003404,"Global Adaptabilites Bookcase  Cherry/Storm Gray Finish",Furniture,Bookcases,2026-09-17,2026-10-12,2,2,2,3447.840000,8,206.870400,0.000000,430.9800000000,6.0000000000,0,0,0,0
32,FUR-BO-10003433,"Sauder Cornerstone Collection Library",Furniture,Bookcases,2023-01-14,2026-04-14,3,3,3,322.192000,14,-81.167600,0.233333,23.0137142857,-25.1923076923,0,0,0,2
33,FUR-BO-10003441,"Bush Westfield Collection Bookcases  Fully Assembled",Furniture,Bookcases,2025-04-17,2026-12-30,8,8,6,1220.195000,23,125.938600,0.196250,61.1503333333,11.8108171235,3,1,1,1
34,FUR-BO-10003450,"Bush Westfield Collection Bookcases  Dark Cherry Finish",Furniture,Bookcases,2024-12-11,2025-12-08,3,3,3,649.376000,14,46.384000,0.233333,46.3840000000,8.0000000000,0,0,1,0
35,FUR-BO-10003546,"Hon 4-Shelf Metal Bookcases",Furniture,Bookcases,2023-11-18,2026-12-02,4,4,4,1171.368000,17,-191.862000,0.250000,47.6048571429,-22.8448275862,1,1,0,2
36,FUR-BO-10003660,"Bush Cubix Collection Bookcases  Fully Assembled",Furniture,Bookcases,2024-10-05,2026-12-22,3,3,3,729.234000,4,-53.035200,0.233333,182.3085000000,-18.4615384615,0,0,1,1
37,FUR-BO-10003893,"Sauder Camden County Collection Library",Furniture,Bookcases,2024-08-21,2025-12-02,2,2,2,1368.262000,16,-103.482000,0.235000,85.5163750000,-7.5630252101,0,0,0,1
38,FUR-BO-10003894,"Safco Value Mate Steel Bookcase  Baked Enamel Finish on Steel  Black",Furniture,Bookcases,2025-09-03,2026-04-01,3,3,3,802.074000,14,106.470000,0.200000,57.2910000000,17.6470588235,0,0,1,0
39,FUR-BO-10003965,"O'Sullivan Manor Hill 2-Door Library in Brianna Oak",Furniture,Bookcases,2024-08-06,2026-11-25,4,4,4,1646.918000,12,-285.948400,0.247500,137.2431666667,-17.3626373626,0,0,0,4
40,FUR-BO-10003966,"Sauder Facets Collection Library  Sky Alder Finish",Furniture,Bookcases,2023-01-31,2026-06-30,4,4,4,1068.625000,10,-8.549000,0.150000,152.6607142857,5.9200000000,1,0,0,1
41,FUR-BO-10004015,"Bush Andora Bookcase  Maple/Graphite Gray Finish",Furniture,Bookcases,2023-11-16,2026-12-25,9,9,9,3317.723500,29,135.588700,0.166667,104.0602931034,4.0867992767,0,1,0,1
42,FUR-BO-10004218,"Bush Heritage Pine Collection 5-Shelf Bookcase  Albany Pine Finish  *Special Order",Furniture,Bookcases,2023-03-18,2026-09-03,8,8,8,3273.555600,34,-208.650400,0.233750,112.8812275862,0.0861326443,1,0,0,3
43,FUR-BO-10004357,"O'Sullivan Living Dimensions 3-Shelf Bookcases",Furniture,Bookcases,2024-05-31,2025-03-24,4,4,4,2904.161000,17,-170.833000,0.200000,170.8330000000,-5.8823529412,0,0,0,3
44,FUR-BO-10004360,"Rush Hierlooms Collection Rich Wood Bookcases",Furniture,Bookcases,2024-12-25,2026-10-19,2,2,2,489.379200,3,-70.831200,0.160000,109.4664000000,-14.4736842105,0,1,0,1
45,FUR-BO-10004409,"Safco Value Mate Series Steel Bookcases  Baked Enamel Finish on Steel  Gray",Furniture,Bookcases,2023-01-26,2025-07-28,6,6,6,617.526000,17,4.258800,0.253333,51.4605000000,0.6896551724,1,0,1,2
46,FUR-BO-10004467,"Bestar Classic Bookcase",Furniture,Bookcases,2023-05-10,2026-10-30,8,8,8,1897.810200,31,-650.934900,0.315000,61.2196838710,-38.3392226148,0,0,1,4
47,FUR-BO-10004690,"O'Sullivan Cherrywood Estates Traditional Barrister Bookcase",Furniture,Bookcases,2024-07-20,2024-08-09,2,2,2,1072.344000,9,-78.363600,0.150000,119.1493333333,-7.3076923077,0,0,0,1
48,FUR-BO-10004695,"O'Sullivan 2-Door Barrister Bookcase in Odessa Pine",Furniture,Bookcases,2024-01-02,2026-05-19,7,7,7,4886.460000,31,566.467400,0.150000,157.6277419355,11.5925925926,0,0,0,1
49,FUR-BO-10004709,"Bush Westfield Collection Bookcases  Medium Cherry Finish",Furniture,Bookcases,2024-07-17,2026-12-28,9,9,8,1426.887800,30,-20.293000,0.230000,44.9345000000,-1.4221861032,0,1,0,3
50,FUR-BO-10004834,"Riverside Palais Royal Lawyers Bookcase  Royale Cherry Finish",Furniture,Bookcases,2024-09-17,2026-06-08,5,5,5,15610.965600,24,-669.544800,0.234000,650.4569000000,-4.2889390519,0,0,0,2
51,FUR-CH-10000015,"Hon Multipurpose Stacking Arm Chairs",Furniture,Chairs,2023-05-11,2026-08-21,6,6,6,6584.640000,36,814.416000,0.133333,182.9066666667,12.3684210526,0,0,0,2
52,FUR-CH-10000155,"Global Comet Stacking Armless Chair",Furniture,Chairs,2023-07-06,2026-12-01,6,6,6,3050.310000,251,514.366000,0.166667,12.2502409639,15.2941176471,1,0,0,0
53,FUR-CH-10000225,"Global Geo Office Task Chair  Gray",Furniture,Chairs,2023-02-12,2026-12-11,9,9,7,1951.616000,38,-242.944000,0.177778,65.0538666667,-17.3532569454,2,1,2,6
54,FUR-CH-10000229,"Global Enterprise Series Seating High-Back Swivel/Tilt Chairs",Furniture,Chairs,2023-10-11,2026-06-30,4,4,4,2032.350000,10,-460.666000,0.250000,203.2350000000,-22.6666666667,0,0,0,4
55,FUR-CH-10000309,"Global Comet Stacking Arm Chair",Furniture,Chairs,2024-04-27,2026-01-19,5,5,5,6084.144000,17,697.141500,0.160000,357.8908235294,11.4583333333,0,0,0,2
56,FUR-CH-10000422,"Global Highback Leather Tilter in Burgundy",Furniture,Chairs,2023-01-13,2026-11-18,9,9,9,2647.809000,34,27.297000,0.144444,77.8767352941,1.1764705882,0,0,1,5
57,FUR-CH-10000454,"Hon Deluxe Fabric Upholstered Stacking Chairs  Rounded Back",Furniture,Chairs,2023-06-22,2026-11-29,12,12,12,10637.528000,51,1927.442000,0.141667,208.5789803922,18.1192660550,0,0,0,0
58,FUR-CH-10000513,"High-Back Leather Manager's Chair",Furniture,Chairs,2023-12-19,2026-07-18,9,9,9,4770.633000,42,-2182.532100,0.205556,113.5865000000,-45.7493188011,0,0,0,7
59,FUR-CH-10000553,"Metal Folding Chairs  Beige  4/Carton",Furniture,Chairs,2023-07-26,2026-10-30,5,5,5,576.980000,23,117.771800,0.120000,30.3673684211,20.4487179487,1,0,1,0
60,FUR-CH-10000595,"Safco Contoured Stacking Chairs",Furniture,Chairs,2023-11-23,2026-06-12,8,8,8,5697.760000,27,691.360000,0.125000,211.0281481481,13.8755980861,0,0,1,0
61,FUR-CH-10000665,"Global Airflow Leather Mesh Back Chair  Black",Furniture,Chairs,2023-11-11,2026-09-24,9,9,9,3412.148000,30,573.724000,0.155556,121.8624285714,13.2743362832,2,1,0,0
62,FUR-CH-10000749,"Office Star - Ergonomic Mid Back Chair with 2-Way Adjustable Arms",Furniture,Chairs,2023-10-14,2026-10-22,2,2,2,2207.956000,13,231.654400,0.100000,169.8427692308,10.4918032787,0,0,0,1
63,FUR-CH-10000785,"Global Ergonomic Managers Chair",Furniture,Chairs,2024-08-08,2026-11-24,11,11,11,6008.536000,39,785.453200,0.136364,154.0650256410,13.0722891566,0,0,0,3
64,FUR-CH-10000847,"Global Executive Mid-Back Manager's Chair",Furniture,Chairs,2023-11-24,2026-12-09,6,6,5,4626.582000,18,750.728400,0.116667,257.0323333333,16.2264150943,0,0,0,1
65,FUR-CH-10000863,"Novimex Swivel Fabric Task Chair",Furniture,Chairs,2023-03-01,2026-05-28,8,8,8,2913.914000,25,-445.391000,0.243750,116.5565600000,-15.2849740933,0,0,0,6
66,FUR-CH-10000988,"Hon Olson Stacker Stools",Furniture,Chairs,2023-05-26,2026-07-21,10,10,10,5294.456000,44,833.595200,0.160000,120.3285454545,15.7446808511,0,0,0,1
67,FUR-CH-10001146,"Global Value Mid-Back Manager's Chair  Gray",Furniture,Chairs,2023-02-11,2026-12-25,10,10,9,1315.224000,39,133.958000,0.160000,50.5855384615,9.7222222222,3,0,1,3
68,FUR-CH-10001146-1,"Global Task Chair  Black",Furniture,Chairs,2025-09-05,2026-07-06,5,5,5,463.099000,12,-80.406200,0.240000,38.5915833333,-17.3626373626,0,0,0,5
69,FUR-CH-10001190,"Global Deluxe High-Back Office Chair in Storm",Furniture,Chairs,2023-10-05,2026-10-05,5,5,3,1744.472000,16,-206.969200,0.180000,109.0295000000,-11.8642890227,0,0,0,4
70,FUR-CH-10001215,"Global Troy Executive Leather Low-Back Tilter",Furniture,Chairs,2023-07-21,2026-11-13,9,9,9,12975.382000,32,951.862000,0.200000,405.4806875000,7.3359073359,0,0,0,1
71,FUR-CH-10001270,"Harbour Creations Steel Folding Chair",Furniture,Chairs,2023-03-01,2026-12-29,10,10,9,2271.045000,34,446.097600,0.130000,62.6266071429,13.8091187097,2,1,0,0
72,FUR-CH-10001394,"Global Leather Executive Chair",Furniture,Chairs,2023-04-29,2026-12-24,7,7,7,4597.969000,21,701.980000,0.185714,270.4687647059,9.1603053435,2,0,0,0
73,FUR-CH-10001482,"Office Star - Mesh Screen back chair with Vinyl seat",Furniture,Chairs,2023-03-22,2026-11-20,7,7,7,2200.464000,20,-130.980000,0.142857,110.0232000000,-5.9523809524,0,0,0,4
74,FUR-CH-10001545,"Hon Comfortask Task/Swivel Chairs",Furniture,Chairs,2024-09-25,2026-10-10,6,6,6,1686.904000,15,-36.473600,0.150000,96.5030666667,-2.1621621622,0,1,0,3
75,FUR-CH-10001708,"Office Star - Contemporary Swivel Chair with Padded Adjustable Arms and Flex Back",Furniture,Chairs,2023-12-10,2026-12-18,7,7,7,2720.914000,32,425.759600,0.157143,118.3006086957,5.8549222798,1,0,0,1
76,FUR-CH-10001714,"Global Leather & Oak Executive Chair  Burgundy",Furniture,Chairs,2023-11-24,2026-11-10,5,5,5,1689.968000,13,-114.676400,0.180000,129.9975384615,-6.7857142857,0,0,0,4
77,FUR-CH-10001797,"Safco Chair Connectors  6/Carton",Furniture,Chairs,2023-07-12,2026-12-04,4,4,4,380.952000,26,170.851200,0.150000,29.3040000000,6.7676767677,1,0,0,1
78,FUR-CH-10001802,"Hon Every-Day Chair Series Swivel Task Chairs",Furniture,Chairs,2025-02-16,2026-10-09,3,3,3,967.840000,6,12.098000,0.200000,96.7840000000,1.2500000000,0,1,0,1
79,FUR-CH-10001854,"Office Star - Professional Matrix Back Chair with 2-to-1 Synchro Tilt and Mesh Fabric Seat",Furniture,Chairs,2023-12-01,2026-12-02,8,8,8,8774.500000,28,1305.645600,0.100000,313.3750000000,14.8800000000,0,0,0,0
80,FUR-CH-10001891,"Global Deluxe Office Fabric Chairs",Furniture,Chairs,2023-12-26,2026-11-03,6,6,6,1113.368000,254,196.759000,0.116667,4.4534720000,18.0612244898,1,0,1,0
81,FUR-CH-10001973,"Office Star Flex Back Scooter Chair with White Frame",Furniture,Chairs,2023-11-23,2026-11-19,7,7,7,1775.680000,21,-244.156000,0.214286,84.5561904762,-14.6666666667,0,0,1,5
82,FUR-CH-10002017,"SAFCO Optional Arm Kit for Workspace Cribbage Stacking Chair",Furniture,Chairs,2023-11-16,2026-08-17,5,5,5,245.088000,12,14.918400,0.200000,20.4240000000,6.0869565217,0,0,0,2
83,FUR-CH-10002024,"HON 5400 Series Task Chairs for Big and Tall",Furniture,Chairs,2023-07-20,2026-08-17,8,8,8,18365.676000,39,0.000000,0.200000,540.1669411765,-3.8167938931,1,0,0,3
84,FUR-CH-10002044,"Office Star - Contemporary Task Swivel chair with 2-way adjustable arms  Plum",Furniture,Chairs,2024-12-26,2026-01-30,2,2,2,694.194000,7,-158.485800,0.250000,99.1705714286,-22.8301886792,0,0,0,2
85,FUR-CH-10002073,"Hon Olson Stacker Chairs",Furniture,Chairs,2024-11-02,2026-08-13,4,4,4,5427.990000,22,1292.126400,0.075000,246.7268181818,23.8048780488,0,0,0,0
86,FUR-CH-10002084,"Hon Mobius Operator's Chair",Furniture,Chairs,2024-03-08,2026-07-15,5,5,5,2041.634000,13,410.786600,0.040000,122.9900000000,20.1204819277,1,2,1,0
87,FUR-CH-10002126,"Hon Deluxe Fabric Upholstered Stacking Chairs",Furniture,Chairs,2023-07-12,2026-11-25,4,4,4,2586.188000,15,-9.759200,0.275000,172.4125333333,-0.8000000000,0,0,2,1
88,FUR-CH-10002304,"Global Stack Chair without Arms  Black",Furniture,Chairs,2023-03-30,2026-10-12,7,7,7,901.506000,44,5.196000,0.171429,20.4887727273,0.6968641115,0,0,1,2
89,FUR-CH-10002317,"Global Enterprise Series Seating Low-Back Swivel/Tilt Chairs",Furniture,Chairs,2026-08-07,2026-08-07,1,1,1,207.184000,1,25.898000,0.200000,207.1840000000,12.5000000000,0,0,0,0
90,FUR-CH-10002320,"Hon Pagoda Stacking Chairs",Furniture,Chairs,2023-05-10,2026-09-11,4,4,4,6483.796000,22,1283.920000,0.100000,294.7180000000,28.9855072464,0,0,1,0
91,FUR-CH-10002331,"Hon 4700 Series Mobuis Mid-Back Task Chairs with Adjustable Arms",Furniture,Chairs,2023-01-20,2026-08-31,6,6,6,5019.318000,24,832.993200,0.133333,313.7073750000,10.3546099291,1,0,0,1
92,FUR-CH-10002335,"Hon GuestStacker Chair",Furniture,Chairs,2023-08-05,2026-12-22,9,9,9,4669.402000,29,938.413800,0.111111,186.1080000000,9.8717948718,2,1,1,0
93,FUR-CH-10002372,"Office Star - Ergonomically Designed Knee Chair",Furniture,Chairs,2023-07-18,2026-10-08,7,7,7,1311.876000,19,-29.152800,0.171429,69.0461052632,-2.4657534247,0,0,1,3
94,FUR-CH-10002439,"Iceberg Nesting Folding Chair  19w x 6d x 43h",Furniture,Chairs,2023-03-25,2026-12-24,6,6,6,1589.406000,31,178.153200,0.116667,51.2711612903,13.7219730942,0,0,1,0
95,FUR-CH-10002602,"DMI Arturo Collection Mission-style Design Wood Chair",Furniture,Chairs,2023-04-18,2026-12-29,11,11,10,4619.988000,37,486.155600,0.190909,124.8645405405,10.5228758170,0,0,0,3
96,FUR-CH-10002647,"Situations Contoured Folding Chairs  4/Set",Furniture,Chairs,2023-06-08,2026-12-22,15,15,14,3641.274000,64,234.234000,0.180000,56.8949062500,6.4327485380,0,0,0,6
97,FUR-CH-10002758,"Hon Deluxe Fabric Upholstered Stacking Chairs  Squared Back",Furniture,Chairs,2023-06-08,2023-11-07,2,2,2,683.144000,4,73.194000,0.250000,170.7860000000,0.0000000000,1,1,0,0
98,FUR-CH-10002774,"Global Deluxe Stacking Chair  Gray",Furniture,Chairs,2023-10-03,2026-12-16,7,7,7,764.700000,19,76.979800,0.214286,40.2473684211,10.0666666667,0,0,0,1
99,FUR-CH-10002780,"Office Star - Task Chair with Contemporary Loop Arms",Furniture,Chairs,2023-03-07,2026-07-20,2,2,2,600.468000,8,47.309600,0.150000,75.0585000000,7.8787878788,0,0,0,0
100,FUR-CH-10002880,"Global High-Back Leather Tilter  Burgundy",Furniture,Chairs,2023-07-07,2026-12-29,14,14,14,5436.158000,54,-474.741400,0.185714,100.6695925926,-8.7330316742,0,0,0,10
101,FUR-CH-10002961,"Leather Task Chair  Black",Furniture,Chairs,2023-09-26,2026-12-11,6,6,6,864.310000,19,54.588000,0.200000,72.0258333333,-1.0526315789,1,0,0,1
102,FUR-CH-10002965,"Global Leather Highback Executive Chair with Pneumatic Height Adjustment  Black",Furniture,Chairs,2023-03-31,2026-11-14,11,10,10,5989.204000,197,198.970200,0.227273,30.4020507614,3.5357142857,0,0,1,5
103,FUR-CH-10003061,"Global Leather Task Chair  Black",Furniture,Chairs,2024-04-18,2026-11-09,8,8,8,1448.839000,19,63.892900,0.137500,76.2546842105,4.4099378882,0,0,0,5
104,FUR-CH-10003199,"Office Star - Contemporary Task Swivel Chair",Furniture,Chairs,2024-06-26,2026-09-11,6,6,6,1509.328000,20,182.007200,0.241667,88.7840000000,8.5185185185,1,0,1,1
105,FUR-CH-10003298,"Office Star - Contemporary Task Swivel chair with Loop Arms  Charcoal",Furniture,Chairs,2023-10-04,2026-09-26,9,9,9,3418.578000,35,-2214.871800,0.188889,103.5932727273,-65.4789272031,1,0,0,8
106,FUR-CH-10003312,"Hon 2090 “Pillow Soft” Series Mid Back Swivel/Tilt Chairs",Furniture,Chairs,2023-07-26,2026-11-10,6,6,6,5282.424000,24,-989.049600,0.216667,220.1010000000,-18.7234042553,0,0,0,6
107,FUR-CH-10003379,"Global Commerce Series High-Back Swivel/Tilt Chairs",Furniture,Chairs,2023-03-14,2026-12-01,9,9,9,7979.440000,33,883.438000,0.166667,241.8012121212,12.1093750000,0,0,1,4
108,FUR-CH-10003396,"Global Deluxe Steno Chair",Furniture,Chairs,2023-05-21,2026-12-08,10,10,10,1562.694000,26,-1119.289200,0.210000,60.1036153846,-71.7733990148,1,1,0,8
109,FUR-CH-10003535,"Global Armless Task Chair  Royal Blue",Furniture,Chairs,2024-04-25,2026-09-08,8,8,8,725.662000,263,-20.733200,0.175000,2.4537768924,-11.5966386555,3,1,0,4
110,FUR-CH-10003606,"SAFCO Folding Chair Trolley",Furniture,Chairs,2025-10-14,2026-09-15,3,3,3,705.320000,6,141.064000,0.166667,117.5533333333,23.4042553191,0,0,1,1
111,FUR-CH-10003746,"Hon 4070 Series Pagoda Round Back Stacking Chairs",Furniture,Chairs,2023-12-01,2026-06-01,7,7,7,3338.192000,21,937.261600,0.142857,256.7840000000,7.9069767442,2,0,1,2
112,FUR-CH-10003761,"Global Italian Leather Office Chair",Furniture,Chairs,2023-09-09,2023-10-15,2,2,2,969.252000,8,204.328800,0.150000,121.1565000000,21.0810810811,0,0,0,1
113,FUR-CH-10003774,"Global Wood Trimmed Manager's Task Chair  Khaki",Furniture,Chairs,2023-10-18,2026-11-19,14,14,14,3439.044000,296,-503.119400,0.228571,12.0246293706,-12.7777777778,2,0,0,12
114,FUR-CH-10003817,"Global Value Steno Chair  Gray",Furniture,Chairs,2023-08-05,2026-12-16,10,10,9,1633.906000,34,200.442000,0.160000,45.3019166667,7.9925650558,3,1,1,3
115,FUR-CH-10003833,"Novimex Fabric Task Chair",Furniture,Chairs,2023-08-15,2026-10-30,9,9,9,1890.380000,671,-131.107000,0.188889,2.8172578241,-6.9354838710,0,0,0,8
116,FUR-CH-10003846,"Hon Valutask Swivel Chairs",Furniture,Chairs,2024-12-17,2026-12-17,4,4,4,1242.054000,13,139.352400,0.075000,95.5426153846,11.2195121951,0,0,0,1
117,FUR-CH-10003956,"Novimex High-Tech Fabric Mesh Task Chair",Furniture,Chairs,2024-07-03,2026-12-08,4,4,4,922.740000,16,-133.442400,0.150000,57.6712500000,-14.4615384615,0,0,0,3
118,FUR-CH-10003968,"Novimex Turbo Task Chair",Furniture,Chairs,2024-04-16,2026-12-28,6,6,6,1341.522000,22,-32.650800,0.133333,60.9782727273,-2.4338624339,0,0,0,3
119,FUR-CH-10003973,"GuestStacker Chair with Chrome Finish Legs",Furniture,Chairs,2023-04-25,2026-12-11,8,8,8,9070.944000,31,773.260800,0.225000,292.6110967742,8.5245901639,0,0,0,2
120,FUR-CH-10003981,"Global Commerce Series Low-Back Swivel/Tilt Chairs",Furniture,Chairs,2023-05-26,2026-11-30,7,7,7,4420.056000,24,41.116800,0.271429,184.1690000000,0.9302325581,0,0,0,6
121,FUR-CH-10004063,"Global Deluxe High-Back Manager's Chair",Furniture,Chairs,2023-01-06,2026-03-27,12,12,8,11410.614000,43,1867.443800,0.237500,244.0808837209,16.8119229298,1,2,1,3
122,FUR-CH-10004086,"Hon 4070 Series Pagoda Armless Upholstered Stacking Chairs",Furniture,Chairs,2024-03-29,2026-09-20,8,8,8,7497.461000,271,1388.634800,0.187500,28.0803782772,17.1206225681,1,0,0,2
123,FUR-CH-10004218,"Global Fabric Manager's Chair  Dark Gray",Furniture,Chairs,2023-12-31,2026-07-18,9,9,9,3150.576000,35,484.704000,0.133333,90.0164571429,15.8415841584,0,0,1,1
124,FUR-CH-10004287,"SAFCO Arco Folding Chair",Furniture,Chairs,2023-09-08,2026-11-30,15,15,13,11620.396000,296,1182.941200,0.200000,39.6600546075,10.1151684378,1,0,1,3
125,FUR-CH-10004289,"Global Super Steno Chair",Furniture,Chairs,2023-09-08,2026-10-30,7,7,7,2389.902000,30,0.000000,0.142857,79.6634000000,0.0000000000,0,0,0,4
126,FUR-CH-10004477,"Global Push Button Manager's Chair  Indigo",Furniture,Chairs,2023-03-07,2025-12-01,9,9,9,2185.951000,44,283.747400,0.200000,49.6807045455,12.9805013928,0,0,0,3
127,FUR-CH-10004495,"Global Leather and Oak Executive Chair  Black",Furniture,Chairs,2023-03-07,2026-12-29,10,10,9,6450.234000,32,-1232.281200,0.180000,171.4718125000,-19.1044417923,0,1,0,2
128,FUR-CH-10004540,"Global Chrome Stack Chair",Furniture,Chairs,2024-05-11,2026-12-04,6,6,6,815.864000,32,15.083200,0.266667,25.4957500000,1.8487394958,0,0,0,4
129,FUR-CH-10004626,"Office Star Flex Back Scooter Chair with Aluminum Finish Frame",Furniture,Chairs,2023-10-18,2026-09-03,6,6,6,1947.177000,20,413.649000,0.141667,97.3588500000,21.2435233161,0,0,0,0
130,FUR-CH-10004675,"Lifetime Advantage Folding Chairs  4/Carton",Furniture,Chairs,2023-05-07,2026-11-19,10,10,7,6146.412000,42,1209.403600,0.100000,146.3431428571,20.8608354935,0,0,1,2
131,FUR-CH-10004698,"Padded Folding Chairs  Black  4/Carton",Furniture,Chairs,2023-06-22,2026-12-28,8,8,8,1830.148000,30,80.980000,0.225000,61.0049333333,4.4247787611,0,0,0,4
132,FUR-CH-10004754,"Global Stack Chair with Arms  Black",Furniture,Chairs,2023-11-05,2025-12-25,7,7,7,803.464000,31,129.513600,0.142857,25.9181935484,18.5407725322,0,0,1,1
133,FUR-CH-10004853,"Global Manager's Adjustable Task Chair  Storm",Furniture,Chairs,2024-07-16,2025-12-27,6,6,6,2959.208000,23,-5097.084800,0.158333,128.6612173913,-172.2448979592,0,0,0,2
134,FUR-CH-10004860,"Global Low Back Tilter Chair",Furniture,Chairs,2023-12-20,2026-12-04,8,8,8,1565.190000,21,-246.391200,0.187500,82.3784210526,-15.2258064516,1,0,0,7
135,FUR-CH-10004875,"Harbour Creations 67200 Series Stacking Chairs",Furniture,Chairs,2023-12-20,2026-11-12,8,8,8,1501.898000,24,81.857000,0.181250,62.5790833333,9.5041322314,0,0,2,1
136,FUR-CH-10004886,"Bevis Steel Folding Chairs",Furniture,Chairs,2023-04-26,2026-08-27,6,6,6,1775.075000,24,117.059000,0.216667,73.9614583333,6.5945945946,0,0,0,1
137,FUR-CH-10004983,"Office Star - Mid Back Dual function Ergonomic High Back Chair with 2-Way Adjustable Arms",Furniture,Chairs,2023-09-22,2026-12-02,5,5,5,4185.480000,31,342.887400,0.160000,135.0154838710,8.1923076923,0,0,0,1
138,FUR-CH-10004997,"Hon Every-Day Series Multi-Task Chairs",Furniture,Chairs,2023-07-21,2026-10-01,10,10,10,6748.482000,43,281.970000,0.160000,156.9414418605,4.9504950495,0,0,2,3
139,FUR-FU-10000010,"DAX Value U-Channel Document Frames  Easel Back",Furniture,Furnishings,2023-01-11,2026-08-18,10,10,10,136.178000,28,-0.298200,0.115000,4.8635000000,-9.2700729927,1,1,0,2
140,FUR-FU-10000023,"Eldon Wave Desk Accessories",Furniture,Furnishings,2023-10-31,2026-12-01,9,9,9,236.778000,45,88.350000,0.200000,5.2617333333,37.3134328358,0,0,0,2
141,FUR-FU-10000073,"Deflect-O Glasstique Clear Desk Accessories",Furniture,Furnishings,2024-09-11,2025-07-25,3,3,3,124.740000,13,37.037000,0.066667,7.7000000000,29.6913580247,0,1,0,0
142,FUR-FU-10000076,"24-Hour Round Wall Clock",Furniture,Furnishings,2023-05-20,2026-10-04,6,6,6,327.672000,17,180.019800,0.066667,19.2748235294,40.9146341463,1,1,0,0
143,FUR-FU-10000087,"Executive Impressions 14" Two-Color Numerals Wall Clock",Furniture,Furnishings,2024-04-11,2026-12-23,6,6,6,308.992000,16,94.515200,0.133333,19.3120000000,30.5882352941,0,0,0,0
144,FUR-FU-10000175,"DAX Wood Document Frame",Furniture,Furnishings,2023-11-11,2026-12-07,4,4,4,159.268000,16,1.647600,0.350000,9.9542500000,1.4285714286,0,0,1,2
145,FUR-FU-10000193,"Tenex Chairmats For Use with Hard Floors",Furniture,Furnishings,2023-10-22,2026-08-21,6,6,6,467.712000,20,-55.865600,0.266667,23.3856000000,-20.4761904762,0,0,2,3
146,FUR-FU-10000206,"GE General Purpose  Extra Long Life  Showcase & Floodlight Incandescent Bulbs",Furniture,Furnishings,2025-04-17,2026-11-20,7,7,7,45.396000,20,14.550000,0.228571,2.2698000000,32.0512820513,0,0,0,2
147,FUR-FU-10000221,"Master Caster Door Stop  Brown",Furniture,Furnishings,2023-02-20,2026-09-15,9,9,9,170.688000,38,53.340000,0.111111,4.8768000000,31.2500000000,1,0,1,0
148,FUR-FU-10000222,"Seth Thomas 16" Steel Case Clock",Furniture,Furnishings,2023-09-15,2026-08-26,5,5,5,376.768000,19,28.257600,0.240000,22.1628235294,1.8103448276,1,0,0,1
149,FUR-FU-10000246,"Aluminum Document Frame",Furniture,Furnishings,2023-06-02,2026-09-23,7,7,5,308.368000,28,84.752000,0.114286,13.2876190476,24.7113838012,1,1,0,0
150,FUR-FU-10000260,"6" Cubicle Wall Clock  Black",Furniture,Furnishings,2025-09-04,2026-12-09,4,4,4,66.338000,19,14.562000,0.200000,6.6338000000,8.5714285714,1,0,1,1
151,FUR-FU-10000277,"Deflect-o DuraMat Antistatic Studded Beveled Mat for Medium Pile Carpeting",Furniture,Furnishings,2023-09-28,2026-10-23,5,5,5,1685.440000,18,-4171.464000,0.160000,93.6355555556,-247.5000000000,0,0,0,2
152,FUR-FU-10000293,"Eldon Antistatic Chair Mats for Low to Medium Pile Carpets",Furniture,Furnishings,2024-07-03,2026-07-09,4,4,4,1431.944000,14,46.327600,0.050000,102.2817142857,3.2352941176,0,0,0,1
153,FUR-FU-10000305,"Tenex V2T-RE Standard Weight Series Chair Mat  45" x 53"  Lip 25" x 12"",Furniture,Furnishings,2024-08-07,2026-11-12,3,3,3,212.940000,4,56.784000,0.066667,NULL,16.0000000000,2,1,1,0
154,FUR-FU-10000308,"Deflect-o Glass Clear Studded Chair Mats",Furniture,Furnishings,2023-05-18,2026-12-17,7,7,7,1579.372000,26,318.361600,0.028571,60.7450769231,20.1574803150,0,0,0,0
155,FUR-FU-10000320,"OIC Stacking Trays",Furniture,Furnishings,2023-11-05,2026-12-19,6,6,6,82.832000,30,26.720000,0.166667,2.7610666667,32.2580645161,0,0,0,1
156,FUR-FU-10000397,"Luxo Economy Swing Arm Lamp",Furniture,Furnishings,2023-11-10,2026-04-27,5,5,5,338.980000,17,94.914400,0.000000,19.9400000000,28.0000000000,0,0,0,0
157,FUR-FU-10000409,"GE 4 Foot Flourescent Tube  40 Watt",Furniture,Furnishings,2023-04-20,2025-03-19,3,3,3,98.868000,7,42.243600,0.066667,14.1240000000,42.7272727273,0,0,0,0
158,FUR-FU-10000448,"Tenex Chairmats For Use With Carpeted Floors",Furniture,Furnishings,2023-10-26,2026-09-07,4,4,4,175.780000,11,8.789000,0.000000,15.9800000000,5.0000000000,0,0,0,0
159,FUR-FU-10000521,"Seth Thomas 14" Putty-Colored Wall Clock",Furniture,Furnishings,2023-09-29,2026-12-05,4,4,4,357.948000,250,94.768200,0.050000,1.4317920000,26.4754098361,0,0,0,0
160,FUR-FU-10000550,"Stacking Trays by OIC",Furniture,Furnishings,2023-06-21,2026-02-09,6,6,6,72.708000,19,9.312600,0.233333,3.8267368421,12.8082191781,0,0,0,2
161,FUR-FU-10000576,"Luxo Professional Fluorescent Magnifier Lamp with Clamp-Mount Base",Furniture,Furnishings,2024-11-30,2026-11-28,5,5,5,3861.056000,23,289.579200,0.200000,167.8720000000,7.5000000000,0,0,0,1
162,FUR-FU-10000629,"9-3/4 Diameter Round Wall Clock",Furniture,Furnishings,2023-07-11,2026-11-20,8,8,8,455.070000,34,183.131200,0.050000,13.3844117647,40.2424242424,0,0,0,0
163,FUR-FU-10000672,"Executive Impressions 10" Spectator Wall Clock",Furniture,Furnishings,2023-12-29,2025-12-29,5,5,5,258.720000,22,-100.430400,0.000000,11.7600000000,-38.8181818182,0,0,0,1
164,FUR-FU-10000719,"DAX Cubicle Frames  8-1/2 x 11",Furniture,Furnishings,2023-07-26,2026-05-12,4,4,4,145.690000,17,52.448400,0.000000,8.5700000000,36.0000000000,0,0,0,0
165,FUR-FU-10000723,"Deflect-o EconoMat Studded  No Bevel Mat for Low Pile Carpeting",Furniture,Furnishings,2023-05-11,2026-09-09,9,9,9,1115.640000,33,-125.199600,0.177778,33.8072727273,-11.2222222222,0,0,0,4
166,FUR-FU-10000732,"Eldon 200 Class Desk Accessories",Furniture,Furnishings,2024-06-19,2026-11-27,7,7,7,133.136000,22,-61.041600,0.028571,6.0516363636,-45.8490566038,0,0,0,1
167,FUR-FU-10000747,"Tenex B1-RE Series Chair Mats for Low Pile Carpets",Furniture,Furnishings,2023-04-06,2026-07-20,7,7,7,781.660000,23,124.605800,0.028571,45.9800000000,17.0000000000,1,0,0,1
168,FUR-FU-10000755,"Eldon Expressions Mahogany Wood Desk Collection",Furniture,Furnishings,2025-05-25,2025-09-25,2,2,2,93.600000,15,23.400000,0.000000,6.2400000000,25.0000000000,0,0,0,0
169,FUR-FU-10000758,"DAX Natural Wood-Tone Poster Frame",Furniture,Furnishings,2023-09-07,2026-03-23,5,5,5,513.712000,23,115.452800,0.200000,22.3353043478,24.4943820225,0,0,1,1
170,FUR-FU-10000771,"Eldon 200 Class Desk Accessories  Smoke",Furniture,Furnishings,2023-08-25,2026-10-23,4,4,4,138.160000,22,58.027200,0.000000,6.2800000000,42.0000000000,0,0,0,0
171,FUR-FU-10000794,"Eldon Stackable Tray  Side-Load  Legal  Smoke",Furniture,Furnishings,2024-06-23,2026-05-14,5,5,5,155.380000,17,52.829200,0.000000,9.1400000000,34.0000000000,0,0,0,0
172,FUR-FU-10000820,"Tensor Brushed Steel Torchiere Floor Lamp",Furniture,Furnishings,2024-09-05,2026-12-03,4,4,4,146.114000,10,-5.436800,0.200000,14.6114000000,-6.9565217391,0,0,1,2
173,FUR-FU-10000965,"Howard Miller 11-1/2" Diameter Ridgewood Wall Clock",Furniture,Furnishings,2023-01-10,2025-11-24,6,6,6,1184.232000,24,448.761600,0.100000,49.3430000000,37.8947368421,0,0,0,1
174,FUR-FU-10001025,"Eldon Imàge Series Desk Accessories  Clear",Furniture,Furnishings,2023-01-21,2026-04-23,7,7,3,133.164000,37,52.249000,0.114286,4.7558571429,43.0032921811,1,0,2,0
175,FUR-FU-10001037,"DAX Charcoal/Nickel-Tone Document Frame  5 x 7",Furniture,Furnishings,2024-04-05,2026-12-18,7,7,7,168.744000,17,48.822000,0.171429,8.5877647059,28.9325842697,0,1,0,1
176,FUR-FU-10001057,"Tensor Track Tree Floor Lamp",Furniture,Furnishings,2023-07-14,2026-12-18,4,4,3,299.850000,17,28.985500,0.100000,17.6382352941,11.1538461538,0,0,1,0
177,FUR-FU-10001085,"3M Polarizing Light Filter Sleeves",Furniture,Furnishings,2024-03-31,2025-12-03,4,4,4,216.340000,14,58.188000,0.200000,15.4528571429,32.5000000000,0,0,1,1
178,FUR-FU-10001095,"DAX Black Cherry Wood-Tone Poster Frame",Furniture,Furnishings,2023-01-16,2026-09-08,8,8,8,455.456000,24,18.536000,0.225000,18.9773333333,7.0000000000,0,0,2,2
179,FUR-FU-10001185,"Advantus Employee of the Month Certificate Frame  11 x 13-1/2",Furniture,Furnishings,2024-06-08,2026-05-28,5,5,5,822.738000,28,311.774400,0.040000,29.3835000000,37.8947368421,0,0,0,0
180,FUR-FU-10001196,"DAX Cubicle Frames - 8x10",Furniture,Furnishings,2023-10-11,2026-11-16,5,5,5,125.786000,26,20.772000,0.120000,4.8379230769,16.5137614679,0,0,0,1
181,FUR-FU-10001215,"Howard Miller 11-1/2" Diameter Brentwood Wall Clock",Furniture,Furnishings,2024-03-16,2026-07-03,4,4,4,646.950000,17,256.192200,0.150000,43.1300000000,42.0000000000,1,0,0,1
182,FUR-FU-10001290,"Executive Impressions Supervisor Wall Clock",Furniture,Furnishings,2024-04-11,2026-11-26,4,4,4,867.260000,21,266.072000,0.050000,41.2980952381,30.6796116505,0,0,0,0
183,FUR-FU-10001379,"Executive Impressions 16-1/2" Circular Wall Clock",Furniture,Furnishings,2025-05-31,2026-03-11,2,2,2,32.064000,4,-1.068800,0.300000,10.6880000000,-40.0000000000,1,0,0,1
184,FUR-FU-10001424,"Dax Clear Box Frame",Furniture,Furnishings,2023-04-29,2026-11-11,6,6,6,96.030000,14,15.364800,0.200000,6.8592857143,16.0000000000,0,0,0,2
185,FUR-FU-10001468,"Tenex Antistatic Computer Chair Mats",Furniture,Furnishings,2023-11-03,2026-11-10,6,6,6,1846.584000,23,-2530.504000,0.233333,115.4115000000,-141.6666666667,2,1,0,5
186,FUR-FU-10001473,"DAX Wood Document Frame",Furniture,Furnishings,2023-03-21,2026-12-23,9,9,9,477.804000,38,126.316000,0.111111,11.8511578947,26.4367816092,0,1,0,1
187,FUR-FU-10001473-1,"Eldon Executive Woodline II Desk Accessories  Mahogany",Furniture,Furnishings,2023-11-18,2026-12-13,5,5,5,361.872000,254,50.008700,0.240000,1.4246929134,13.8194444444,0,0,0,1
188,FUR-FU-10001475,"Contract Clock  14"  Brown",Furniture,Furnishings,2023-06-03,2026-12-10,5,5,5,334.096000,21,29.453200,0.280000,15.9093333333,8.8157894737,0,0,0,2
189,FUR-FU-10001487,"Eldon Expressions Wood and Plastic Desk Accessories  Cherry Wood",Furniture,Furnishings,2023-06-09,2026-12-05,5,5,5,160.540000,23,46.556600,0.000000,6.9800000000,29.0000000000,0,0,0,0
190,FUR-FU-10001488,"Tenex 46" x 60" Computer Anti-Static Chairmat  Rectangular Shaped",Furniture,Furnishings,2024-08-16,2026-12-02,7,7,7,2267.972000,25,105.980000,0.142857,90.7188800000,5.1546391753,0,0,1,0
191,FUR-FU-10001546,"Dana Swing-Arm Lamps",Furniture,Furnishings,2023-09-21,2026-06-12,7,7,7,108.936000,15,-11.214000,0.342857,7.2624000000,-10.2941176471,0,0,0,3
192,FUR-FU-10001588,"Deflect-o SuperTray Unbreakable Stackable Tray  Letter  Black",Furniture,Furnishings,2023-09-27,2026-12-02,8,8,5,671.140000,38,39.101200,0.375000,17.6615789474,5.8260869565,0,0,0,5
193,FUR-FU-10001591,"Advantus Panel Wall Certificate Holder - 8.5x11",Furniture,Furnishings,2023-07-05,2026-06-30,6,6,6,270.840000,23,108.092000,0.066667,11.7756521739,39.9099099099,0,0,0,0
194,FUR-FU-10001602,"Eldon Delta Triangular Chair Mat  52" x 58"  Clear",Furniture,Furnishings,2023-08-08,2026-12-24,6,6,6,515.848000,17,17.447800,0.166667,34.3898666667,9.5588235294,1,0,0,3
195,FUR-FU-10001617,"Executive Impressions 8-1/2" Career Panel/Partition Cubicle Clock",Furniture,Furnishings,2025-05-06,2025-10-13,2,2,2,66.560000,7,18.512000,0.100000,9.5085714286,27.8125000000,0,0,0,0
196,FUR-FU-10001706,"Longer-Life Soft White Bulbs",Furniture,Furnishings,2023-09-29,2026-09-28,10,10,10,115.192000,44,44.721600,0.120000,2.6180000000,38.8235294118,0,0,0,2
197,FUR-FU-10001731,"Acrylic Self-Standing Desk Frames",Furniture,Furnishings,2023-06-24,2026-12-24,8,8,8,93.984000,37,32.734200,0.075000,2.5401081081,34.8295454545,0,0,0,0
198,FUR-FU-10001756,"Eldon Expressions Desk Accessory  Wood Photo Frame  Mahogany",Furniture,Furnishings,2023-03-15,2026-11-12,6,6,6,262.752000,20,-7.616000,0.300000,13.1376000000,-2.8985507246,0,0,0,2
199,FUR-FU-10001847,"Eldon Image Series Black Desk Accessories",Furniture,Furnishings,2023-01-26,2026-11-16,5,5,5,48.852000,12,17.056800,0.040000,4.0710000000,34.9152542373,0,0,0,0
200,FUR-FU-10001852,"Eldon Regeneration Recycled Desk Accessories  Smoke",Furniture,Furnishings,2023-05-04,2026-08-23,5,5,5,33.756000,21,7.656000,0.080000,1.6074285714,30.1369863014,0,0,1,0
201,FUR-FU-10001861,"Floodlight Indoor Halogen Bulbs  1 Bulb per Pack  60 Watts",Furniture,Furnishings,2023-12-01,2026-11-20,6,6,6,434.560000,24,197.104000,0.133333,18.1066666667,45.3571428571,0,0,0,1
202,FUR-FU-10001867,"Eldon Expressions Punched Metal & Wood Desk Accessories  Pewter & Cherry",Furniture,Furnishings,2023-11-10,2026-09-09,3,3,3,121.296000,13,5.107200,0.133333,9.3304615385,10.0000000000,0,0,2,0
203,FUR-FU-10001876,"Computer Room Manger  14"",Furniture,Furnishings,2023-09-22,2026-10-28,7,7,7,636.608000,22,179.289600,0.142857,28.9367272727,28.1632653061,0,0,0,0
204,FUR-FU-10001889,"Ultra Door Pull Handle",Furniture,Furnishings,2023-01-21,2025-11-27,6,6,6,265.104000,27,-185.888400,0.066667,9.8186666667,-70.1190476190,0,0,0,1
205,FUR-FU-10001918,"C-Line Cubicle Keepers Polyproplyene Holder With Velcro Backings",Furniture,Furnishings,2023-04-06,2026-12-04,8,8,8,137.170000,31,44.130900,0.125000,4.4248387097,36.1627906977,0,0,1,1
206,FUR-FU-10001934,"Magnifier Swing Arm Lamp",Furniture,Furnishings,2025-11-11,2026-12-25,5,5,5,251.760000,170,65.457600,0.000000,1.4809411765,26.0000000000,0,0,0,0
207,FUR-FU-10001935,"3M Hangers With Command Adhesive",Furniture,Furnishings,2023-06-01,2026-12-28,8,8,8,108.040000,33,36.001000,0.193750,3.2739393939,33.3219178082,0,0,0,1
208,FUR-FU-10001940,"Staple-based wall hangings",Furniture,Furnishings,2023-11-23,2026-12-21,10,10,10,213.328000,512,44.576000,0.280000,0.4182901961,24.2622950820,1,0,1,4
209,FUR-FU-10001967,"Telescoping Adjustable Floor Lamp",Furniture,Furnishings,2023-09-05,2026-11-19,6,6,6,103.948000,10,-5.997000,0.300000,12.9935000000,-15.3846153846,1,0,0,2
210,FUR-FU-10001979,"Dana Halogen Swing-Arm Architect Lamp",Furniture,Furnishings,2023-03-13,2026-09-28,10,10,6,2425.424000,60,560.464000,0.130000,40.4237333333,27.1425859417,0,0,2,0
211,FUR-FU-10001986,"Dana Fluorescent Magnifying Lamp  White  36"",Furniture,Furnishings,2023-03-18,2024-05-20,4,4,4,581.172000,14,66.274000,0.250000,41.5122857143,14.4444444444,0,0,1,1
212,FUR-FU-10002030,"Executive Impressions 14" Contract Wall Clock with Quartz Movement",Furniture,Furnishings,2024-12-27,2025-11-07,2,2,2,97.812000,5,16.005600,0.400000,8.8920000000,30.0000000000,0,1,1,0
213,FUR-FU-10002045,"Executive Impressions 14"",Furniture,Furnishings,2023-11-24,2026-06-30,4,4,4,377.910000,17,166.280400,0.000000,22.2300000000,44.0000000000,0,0,0,0
214,FUR-FU-10002088,"Nu-Dell Float Frame 11 x 14 1/2",Furniture,Furnishings,2023-08-08,2025-11-23,7,7,7,170.620000,22,56.035200,0.171429,7.7554545455,32.8421052632,0,0,0,1
215,FUR-FU-10002107,"Eldon Pizzaz Desk Accessories",Furniture,Furnishings,2023-10-11,2025-09-18,4,4,4,37.464000,19,13.736800,0.100000,1.9717894737,36.6666666667,0,0,0,0
216,FUR-FU-10002111,"Master Caster Door Stop  Large Brown",Furniture,Furnishings,2023-02-08,2024-12-04,3,3,3,59.696000,10,19.364800,0.200000,5.9696000000,38.0000000000,0,0,1,0
217,FUR-FU-10002116,"Tenex Carpeted  Granite-Look or Clear Contemporary Contour Shape Chair Mats",Furniture,Furnishings,2023-09-02,2026-01-01,5,5,5,763.668000,15,-35.355000,0.240000,50.9112000000,-5.6818181818,0,0,1,1
218,FUR-FU-10002157,"Artistic Insta-Plaque",Furniture,Furnishings,2024-08-09,2026-01-26,3,3,3,156.800000,10,61.152000,0.183333,15.6800000000,39.0000000000,0,0,0,0
219,FUR-FU-10002191,"G.E. Halogen Desk Lamp Bulbs",Furniture,Furnishings,2023-04-23,2026-05-20,7,7,5,76.780000,329,29.594800,0.114286,0.2333738602,38.5449335765,0,0,0,1
220,FUR-FU-10002240,"Nu-Dell EZ-Mount Plastic Wall Frames",Furniture,Furnishings,2024-08-25,2024-11-08,2,2,2,19.700000,5,-3.940000,0.300000,1.5760000000,-50.0000000000,0,1,1,1
221,FUR-FU-10002253,"Howard Miller 13" Diameter Pewter Finish Round Wall Clock",Furniture,Furnishings,2023-11-01,2026-09-24,7,7,7,1047.736000,27,340.514200,0.114286,38.8050370370,32.5000000000,0,0,0,0
222,FUR-FU-10002268,"Ultra Door Push Plate",Furniture,Furnishings,2023-01-20,2026-09-18,7,7,7,149.264000,34,34.861000,0.135714,4.3901176471,26.1029411765,0,0,1,0
223,FUR-FU-10002298,"Rubbermaid ClusterMat Chairmats  Mat Size- 66" x 60"  Lip 20" x 11" -90 Degree Angle",Furniture,Furnishings,2023-02-11,2026-12-14,5,5,5,2064.228000,24,119.858400,0.200000,86.0095000000,6.6666666667,0,0,1,2
224,FUR-FU-10002364,"Eldon Expressions Wood Desk Accessories  Oak",Furniture,Furnishings,2023-10-31,2026-12-10,12,12,12,183.024000,33,10.110600,0.166667,5.5461818182,5.5241935484,0,0,0,3
225,FUR-FU-10002379,"Eldon Econocleat Chair Mats for Low Pile Carpets",Furniture,Furnishings,2023-11-17,2024-09-13,2,2,2,331.760000,8,14.929200,0.000000,41.4700000000,12.0000000000,0,0,1,0
226,FUR-FU-10002396,"DAX Copper Panel Document Frame  5 x 7 Size",Furniture,Furnishings,2023-02-18,2026-09-07,5,5,5,171.088000,18,51.074800,0.200000,9.5048888889,35.0000000000,0,0,1,0
227,FUR-FU-10002445,"DAX Two-Tone Rosewood/Black Document Frame  Desktop  5 x 7",Furniture,Furnishings,2023-01-21,2026-12-16,12,12,8,225.624000,26,89.104000,0.066667,8.6778461538,34.4502357905,1,1,0,1
228,FUR-FU-10002456,"Master Caster Door Stop  Large Neon Orange",Furniture,Furnishings,2023-08-27,2026-05-18,7,7,7,154.336000,22,42.296800,0.171429,6.3534545455,27.4056603774,0,1,0,1
229,FUR-FU-10002501,"Nu-Dell Executive Frame",Furniture,Furnishings,2023-09-09,2026-12-29,12,11,7,825.616000,558,285.647200,0.129167,1.5011200000,30.3086180500,1,0,0,1
230,FUR-FU-10002505,"Eldon 100 Class Desk Accessories",Furniture,Furnishings,2023-11-15,2025-06-04,4,4,4,36.396000,18,-4.852800,0.300000,2.0220000000,-13.3333333333,0,0,0,2
231,FUR-FU-10002506,"Tensor "Hersey Kiss" Styled Floor Lamp",Furniture,Furnishings,2024-05-29,2026-12-04,3,3,3,93.528000,8,2.078400,0.066667,11.6910000000,2.2222222222,0,0,0,1
232,FUR-FU-10002508,"Document Clip Frames",Furniture,Furnishings,2023-03-19,2026-11-02,2,2,2,45.036000,6,16.012800,0.100000,7.5060000000,35.5555555556,0,0,0,0
233,FUR-FU-10002553,"Electrix Incandescent Magnifying Lamp  Black",Furniture,Furnishings,2023-05-25,2023-12-13,2,2,2,117.280000,5,-16.492500,0.400000,23.4560000000,-14.0625000000,0,0,0,1
234,FUR-FU-10002554,"Westinghouse Floor Lamp with Metal Mesh Shade  Black",Furniture,Furnishings,2023-12-24,2026-07-03,4,4,4,167.930000,7,38.623900,0.000000,23.9900000000,23.0000000000,0,0,0,0
235,FUR-FU-10002597,"C-Line Magnetic Cubicle Keepers  Clear Polypropylene",Furniture,Furnishings,2025-04-08,2026-11-18,7,7,7,136.344000,28,56.118400,0.028571,4.8694285714,41.1594202899,0,0,0,0
236,FUR-FU-10002671,"Electrix 20W Halogen Replacement Bulb for Zoom-In Desk Lamp",Furniture,Furnishings,2024-05-04,2025-12-05,5,5,5,168.840000,13,78.256000,0.040000,12.9876923077,46.3492063492,0,0,0,0
237,FUR-FU-10002685,"Executive Impressions 13-1/2" Indoor/Outdoor Wall Clock",Furniture,Furnishings,2023-06-09,2026-11-19,2,2,2,56.100000,3,21.318000,0.000000,18.7000000000,38.0000000000,0,0,0,0
238,FUR-FU-10002703,"Tenex Traditional Chairmats for Hard Floors  Average Lip  36" x 48"",Furniture,Furnishings,2024-05-31,2026-12-08,2,2,2,180.460000,4,15.468000,0.300000,45.1150000000,12.0000000000,0,0,1,0
239,FUR-FU-10002759,"12-1/2 Diameter Round Wall Clock",Furniture,Furnishings,2023-12-02,2026-12-02,12,12,9,711.288000,56,-0.787200,0.383333,12.7015714286,-0.1368034701,0,0,2,6
240,FUR-FU-10002813,"DAX Contemporary Wood Frame with Silver Metal Mat  Desktop  11 x 14 Size",Furniture,Furnishings,2023-03-24,2025-11-14,5,5,5,291.456000,15,97.152000,0.040000,19.4304000000,33.3333333333,0,0,0,0
241,FUR-FU-10002874,"Ultra Commercial Grade Dual Valve Door Closer",Furniture,Furnishings,2024-11-20,2024-11-20,1,1,1,63.824000,2,NULL,0.200000,31.9120000000,NULL,0,0,1,0
242,FUR-FU-10002878,"Seth Thomas 14" Day/Date Wall Clock",Furniture,Furnishings,2023-06-04,2025-12-22,6,6,6,324.672000,12,162.051200,0.066667,27.0560000000,33.6842105263,1,1,0,0
243,FUR-FU-10002885,"Magna Visual Magnetic Picture Hangers",Furniture,Furnishings,2024-10-28,2026-12-01,6,6,6,84.832000,19,28.052400,0.100000,4.4648421053,33.0681818182,0,0,0,0
244,FUR-FU-10002918,"Eldon ClusterMat Chair Mat with Cordless Antistatic Protection",Furniture,Furnishings,2023-01-20,2025-07-31,5,5,5,1200.936000,18,-256.563600,0.160000,66.7186666667,-21.3636363636,0,0,0,2
245,FUR-FU-10002937,"GE 48" Fluorescent Tube  Cool White Energy Saver  34 Watts  30/Box",Furniture,Furnishings,2024-04-20,2026-08-27,8,8,8,2699.056000,29,1260.221000,0.143750,93.0708965517,46.6911764706,0,0,0,0
246,FUR-FU-10002960,"Eldon 200 Class Desk Accessories  Burgundy",Furniture,Furnishings,2023-01-21,2026-09-02,9,9,5,261.248000,45,84.158000,0.066667,5.8055111111,36.6146322787,0,0,1,0
247,FUR-FU-10002963,"Master Caster Door Stop  Gray",Furniture,Furnishings,2024-12-14,2026-12-14,4,4,4,47.752000,10,14.224000,0.150000,4.7752000000,29.7872340426,0,0,0,1
248,FUR-FU-10003026,"Eldon Regeneration Recycled Desk Accessories  Black",Furniture,Furnishings,2024-10-30,2025-12-02,3,3,3,24.200000,9,-39.058800,0.066667,4.8400000000,-176.6000000000,1,0,0,1
249,FUR-FU-10003039,"Howard Miller 11-1/2" Diameter Grantwood Wall Clock",Furniture,Furnishings,2023-07-07,2026-09-11,6,6,5,500.308000,14,101.786800,0.166667,35.7362857143,20.3448275862,0,0,0,1
250,FUR-FU-10003095,"Linden 12" Wall Clock With Oak Frame",Furniture,Furnishings,2025-10-22,2025-10-22,1,1,1,101.940000,3,30.582000,0.000000,33.9800000000,30.0000000000,0,0,0,0
251,FUR-FU-10003096,"Master Giant Foot Doorstop  Safety Yellow",Furniture,Furnishings,2023-12-24,2026-12-15,3,3,3,83.490000,12,18.519600,0.066667,6.9575000000,34.8571428571,0,0,1,0
252,FUR-FU-10003142,"Master Big Foot Doorstop  Beige",Furniture,Furnishings,2023-11-01,2026-07-31,6,6,6,152.064000,30,42.768000,0.033333,5.0688000000,28.1250000000,0,0,0,0
253,FUR-FU-10003192,"Luxo Adjustable Task Clamp Lamp",Furniture,Furnishings,2023-04-02,2025-12-24,4,4,4,1545.816000,18,362.467200,0.050000,85.8786666667,23.4482758621,0,0,0,0
254,FUR-FU-10003194,"Eldon Expressions Desk Accessory  Wood Pencil Holder  Oak",Furniture,Furnishings,2023-01-20,2024-03-12,4,4,4,88.780000,13,6.755000,0.200000,6.8292307692,1.0869565217,1,1,0,1
255,FUR-FU-10003247,"36X48 HARDFLOOR CHAIRMAT",Furniture,Furnishings,2024-03-05,2026-10-06,6,6,6,369.248000,21,-68.814400,0.233333,17.5832380952,-20.0000000000,0,0,1,2
256,FUR-FU-10003268,"Eldon Radial Chair Mat for Low to Medium Pile Carpets",Furniture,Furnishings,2023-11-27,2026-12-05,6,6,6,775.612000,20,135.932000,0.066667,38.7806000000,17.5257731959,0,0,0,0
257,FUR-FU-10003274,"Regeneration Desk Collection",Furniture,Furnishings,2023-08-23,2026-07-21,5,5,5,35.904000,21,15.206400,0.040000,1.7097142857,42.3529411765,0,0,0,0
258,FUR-FU-10003347,"Coloredge Poster Frame",Furniture,Furnishings,2024-02-03,2026-11-23,6,6,6,184.600000,13,71.994000,0.000000,14.2000000000,39.0000000000,1,1,1,0
259,FUR-FU-10003374,"Electrix Fluorescent Magnifier Lamps & Weighted Base",Furniture,Furnishings,2025-01-14,2026-08-29,2,2,2,463.796000,11,73.023200,0.100000,42.1632727273,15.7446808511,0,0,0,0
260,FUR-FU-10003394,"Tenex "The Solids" Textured Chair Mats",Furniture,Furnishings,2024-04-21,2026-12-01,7,7,7,1469.160000,26,-40.576800,0.200000,56.5061538462,-2.7619047619,0,0,0,3
261,FUR-FU-10003424,"Nu-Dell Oak Frame",Furniture,Furnishings,2024-10-20,2026-03-16,3,3,3,151.656000,16,35.457600,0.133333,9.4785000000,23.3802816901,0,0,0,0
262,FUR-FU-10003464,"Seth Thomas 8 1/2" Cubicle Clock",Furniture,Furnishings,2023-09-12,2024-09-19,4,4,4,210.912000,11,59.217600,0.050000,19.1738181818,28.0769230769,0,0,0,0
263,FUR-FU-10003489,"Contemporary Borderless Frame",Furniture,Furnishings,2023-05-20,2026-11-30,2,2,2,36.162000,6,9.557100,0.300000,6.0270000000,37.0000000000,0,0,1,0
264,FUR-FU-10003535,"Howard Miller Distant Time Traveler Alarm Clock",Furniture,Furnishings,2024-09-17,2026-11-21,6,6,6,531.948000,19,192.214200,0.133333,26.8427368421,36.1340206186,0,1,0,1
265,FUR-FU-10003553,"Howard Miller 13-1/2" Diameter Rosebrook Wall Clock",Furniture,Furnishings,2023-11-18,2026-11-15,5,5,5,949.026000,17,-907.764000,0.200000,55.8250588235,-95.6521739130,0,0,0,2
266,FUR-FU-10003577,"Nu-Dell Leatherette Frames",Furniture,Furnishings,2023-07-20,2026-10-09,3,3,3,200.760000,18,81.451200,0.066667,14.3400000000,36.0000000000,1,0,0,0
267,FUR-FU-10003601,"Deflect-o RollaMat Studded  Beveled Mat for Medium Pile Carpeting",Furniture,Furnishings,2025-02-02,2026-11-28,6,6,6,1623.248000,26,-343.095600,0.266667,62.4326153846,-21.1363636364,0,0,0,4
268,FUR-FU-10003623,"DataProducts Ampli Magnifier Task Lamp  Black ",Furniture,Furnishings,2023-07-28,2026-11-26,5,5,5,508.728000,21,99.580800,0.120000,24.2251428571,19.5744680851,0,0,0,0
269,FUR-FU-10003664,"Electrix Architect's Clamp-On Swing Arm Lamp  Black",Furniture,Furnishings,2025-09-13,2026-05-27,5,4,4,2863.800000,33,627.172200,0.120000,86.7818181818,21.9000000000,0,0,0,1
270,FUR-FU-10003691,"Eldon Image Series Desk Accessories  Ebony",Furniture,Furnishings,2023-08-11,2026-10-02,5,5,5,180.310000,18,55.822000,0.160000,10.0172222222,30.9589041096,0,0,0,1
271,FUR-FU-10003708,"Tenex Traditional Chairmats for Medium Pile Carpet  Standard Lip  36" x 48"",Furniture,Furnishings,2023-04-25,2026-12-23,6,6,6,1225.130000,24,172.246000,0.133333,55.6877272727,13.9603960396,1,0,0,1
272,FUR-FU-10003724,"Westinghouse Clip-On Gooseneck Lamps",Furniture,Furnishings,2023-07-20,2026-04-02,9,9,9,279.558000,38,40.678200,0.111111,7.3567894737,17.4820143885,0,0,1,1
273,FUR-FU-10003731,"Eldon Expressions Wood and Plastic Desk Accessories  Oak",Furniture,Furnishings,2025-03-27,2025-12-18,5,5,5,149.700000,15,41.916000,0.000000,9.9800000000,28.0000000000,0,0,0,0
274,FUR-FU-10003773,"Eldon Cleatmat Plus Chair Mats for High Pile Carpets",Furniture,Furnishings,2023-11-28,2025-11-06,5,5,5,1304.128000,20,-111.328000,0.160000,65.2064000000,-8.5365853659,0,0,0,2
275,FUR-FU-10003798,"Ultra Door Kickplate  8"H x 34"W",Furniture,Furnishings,2025-04-17,2026-12-01,2,2,2,158.240000,10,27.692000,0.200000,15.8240000000,17.5000000000,0,0,0,0
276,FUR-FU-10003799,"Seth Thomas 13 1/2" Wall Clock",Furniture,Furnishings,2024-01-31,2026-06-30,5,5,5,316.484000,20,71.120000,0.160000,15.8242000000,22.4719101124,0,0,0,1
277,FUR-FU-10003806,"Tenex Chairmat w/ Average Lip  45" x 53"",Furniture,Furnishings,2025-07-28,2025-11-29,4,4,4,2058.496000,19,-151.360000,0.437500,108.3418947368,-8.6206896552,0,0,1,1
278,FUR-FU-10003829,"Stackable Trays",Furniture,Furnishings,2023-12-15,2026-09-26,7,7,7,65.296000,23,17.124800,0.085714,2.8389565217,26.2264150943,0,0,0,0
279,FUR-FU-10003832,"Eldon Expressions Punched Metal & Wood Desk Accessories  Black & Cherry",Furniture,Furnishings,2024-03-24,2026-09-16,5,5,5,140.887600,257,20.636000,0.200000,0.5482007782,14.6471371505,0,0,0,1
280,FUR-FU-10003849,"DAX Metal Frame  Desktop  Stepped-Edge",Furniture,Furnishings,2023-12-02,2026-10-30,5,5,5,161.920000,11,26.109600,0.240000,14.7200000000,16.1250000000,0,0,0,2
281,FUR-FU-10003878,"Linden 10" Round Wall Clock  Black",Furniture,Furnishings,2023-12-01,2026-11-06,6,6,6,223.088000,21,41.867200,0.166667,13.9430000000,27.6712328767,1,0,0,1
282,FUR-FU-10003919,"Eldon Executive Woodline II Cherry Finish Desk Accessories",Furniture,Furnishings,2025-06-25,2026-05-29,2,2,2,98.136000,6,-78.508800,0.600000,16.3560000000,-80.0000000000,0,0,0,2
283,FUR-FU-10003930,"Howard Miller 12-3/4 Diameter Accuwave DS  Wall Clock",Furniture,Furnishings,2023-12-13,2024-11-26,2,2,2,94.428000,14,147.937200,0.400000,31.4760000000,-45.0000000000,1,0,0,1
284,FUR-FU-10003975,"Eldon Advantage Chair Mats for Low to Medium Pile Carpets",Furniture,Furnishings,2023-12-12,2026-05-02,5,5,5,563.030000,13,56.303000,0.000000,43.3100000000,10.0000000000,0,0,0,0
285,FUR-FU-10003976,"DAX Executive Solid Wood Document Frame  Desktop or Hang  Mahogany  5 x 7",Furniture,Furnishings,2025-06-26,2026-08-21,5,5,5,196.248000,17,55.100400,0.040000,11.5440000000,28.0769230769,0,0,0,0
286,FUR-FU-10003981,"Eldon Wave Desk Accessories",Furniture,Furnishings,2023-03-11,2026-05-29,5,5,5,29.952000,16,-15.683200,0.080000,1.8720000000,-52.3611111111,0,0,0,1
287,FUR-FU-10004006,"Deflect-o DuraMat Lighweight  Studded  Beveled Mat for Low Pile Carpeting",Furniture,Furnishings,2023-09-11,2026-04-01,6,6,6,673.870000,17,72.078500,0.066667,39.6394117647,10.6962025316,0,0,0,2
288,FUR-FU-10004017,"Tenex Contemporary Contur Chairmats for Low and Medium Pile Carpet  Computer  39" x 49"",Furniture,Furnishings,2024-11-28,2026-04-07,4,4,4,752.710000,10,150.542000,0.050000,107.5300000000,20.0000000000,1,0,0,0
289,FUR-FU-10004017-1,"Executive Impressions 13" Chairman Wall Clock",Furniture,Furnishings,2023-04-19,2026-11-29,3,3,3,152.280000,11,45.684000,0.066667,25.3800000000,35.0000000000,1,0,1,0
290,FUR-FU-10004018,"Tensor Computer Mounted Lamp",Furniture,Furnishings,2023-07-26,2026-07-27,8,8,8,536.040000,36,144.730800,0.000000,14.8900000000,27.0000000000,0,0,0,0
291,FUR-FU-10004020,"Advantus Panel Wall Acrylic Frame",Furniture,Furnishings,2023-04-04,2026-12-02,5,5,5,87.520000,20,25.162000,0.200000,4.3760000000,28.7500000000,0,0,0,1
292,FUR-FU-10004053,"DAX Two-Tone Silver Metal Document Frame",Furniture,Furnishings,2025-02-27,2026-12-03,6,6,6,234.784000,13,84.805600,0.133333,18.0603076923,36.1206896552,0,0,0,1
293,FUR-FU-10004071,"Luxo Professional Magnifying Clamp-On Fluorescent Lamps",Furniture,Furnishings,2023-06-21,2026-05-21,4,4,4,1268.922000,13,106.090200,0.050000,97.6093846154,8.3606557377,0,0,0,1
294,FUR-FU-10004090,"Executive Impressions 14" Contract Wall Clock",Furniture,Furnishings,2023-12-16,2026-11-11,7,7,7,222.300000,17,93.588300,0.057143,22.2300000000,33.0000000000,2,0,0,0
295,FUR-FU-10004091,"Howard Miller 13" Diameter Goldtone Round Wall Clock",Furniture,Furnishings,2023-04-15,2026-12-14,6,6,6,1042.068000,27,206.066600,0.258333,38.5951111111,28.1410256410,0,0,2,1
296,FUR-FU-10004091-1,"Eldon 200 Class Desk Accessories  Black",Furniture,Furnishings,2023-11-09,2025-02-05,2,2,2,56.520000,12,28.636800,0.000000,6.2800000000,38.0000000000,1,0,0,0
297,FUR-FU-10004093,"Hand-Finished Solid Wood Document Frame",Furniture,Furnishings,2023-12-29,2026-12-29,9,8,4,635.108000,24,126.412400,0.022222,25.7567272727,29.3063321412,1,1,3,0
298,FUR-FU-10004164,"Eldon 300 Class Desk Accessories  Black",Furniture,Furnishings,2025-07-17,2026-06-06,2,2,2,29.700000,6,2.178000,0.000000,4.9500000000,44.0000000000,0,0,1,0
299,FUR-FU-10004188,"Luxo Professional Combination Clamp-On Lamps",Furniture,Furnishings,2023-09-29,2026-09-02,5,5,5,1329.900000,13,345.774000,0.000000,102.3000000000,26.0000000000,0,0,0,0
300,FUR-FU-10004245,"Career Cubicle Clock  8 1/4"  Black",Furniture,Furnishings,2026-03-26,2026-11-05,3,3,3,194.688000,10,68.952000,0.066667,19.4688000000,35.4166666667,0,0,0,0
301,FUR-FU-10004270,"Eldon Image Series Desk Accessories  Burgundy",Furniture,Furnishings,2023-12-04,2026-12-04,12,12,8,539.832000,51,114.650000,0.091667,11.0169795918,21.6881915952,1,0,1,1
302,FUR-FU-10004270-1,"Executive Impressions 13" Clairmont Wall Clock",Furniture,Furnishings,2023-03-18,2026-02-16,8,8,8,269.220000,16,103.072800,0.225000,14.7923076923,38.1451612903,1,1,2,0
303,FUR-FU-10004306,"Electrix Halogen Magnifier Lamp",Furniture,Furnishings,2023-05-14,2026-12-11,6,6,6,2681.340000,17,314.766000,0.233333,167.5837500000,14.2028985507,1,0,0,1
304,FUR-FU-10004351,"Staple-based wall hangings",Furniture,Furnishings,2023-07-25,2026-12-03,6,6,5,202.592000,24,17.921600,0.166667,8.4413333333,8.8461538462,0,0,0,1
305,FUR-FU-10004415,"Stacking Tray  Side-Loading  Legal  Smoke",Furniture,Furnishings,2023-04-07,2026-10-30,4,4,4,46.592000,14,-2.867200,0.250000,2.6880000000,-6.1538461538,0,1,0,1
306,FUR-FU-10004460,"Howard Miller 12" Round Wall Clock",Furniture,Furnishings,2024-07-03,2026-04-15,2,2,2,479.338000,14,127.299600,0.375000,34.2384285714,26.5573770492,0,0,0,0
307,FUR-FU-10004586,"G.E. Longer-Life Indoor Recessed Floodlight Bulbs",Furniture,Furnishings,2023-08-24,2026-12-28,6,6,6,59.760000,11,25.763200,0.233333,5.4327272727,36.4444444444,2,2,0,2
308,FUR-FU-10004587,"GE General Use Halogen Bulbs  100 Watts  1 Bulb per Pack",Furniture,Furnishings,2023-01-26,2024-06-25,3,3,3,163.332000,15,3.141000,0.400000,10.8888000000,1.9230769231,0,0,0,2
309,FUR-FU-10004597,"Eldon Cleatmat Chair Mats for Medium Pile Carpets",Furniture,Furnishings,2023-03-18,2026-04-20,4,4,4,344.100000,87,-611.610000,0.300000,3.9551724138,-177.7419354839,0,0,0,3
310,FUR-FU-10004622,"Eldon Advantage Foldable Chair Mats for Low Pile Carpets",Furniture,Furnishings,2024-04-04,2026-09-03,3,3,3,379.400000,10,-48.780000,0.200000,37.9400000000,-12.8571428571,0,0,0,1
311,FUR-FU-10004665,"3M Polarizing Task Lamp with Clamp Arm  Light Gray",Furniture,Furnishings,2023-09-07,2026-11-19,4,4,4,2191.680000,174,569.836800,0.000000,12.5958620690,26.0000000000,0,0,0,0
312,FUR-FU-10004666,"DAX Clear Channel Poster Frame",Furniture,Furnishings,2023-07-26,2026-10-05,5,5,3,232.376000,15,68.145000,0.160000,12.8304000000,29.3253175887,0,1,0,1
313,FUR-FU-10004671,"Executive Impressions 12" Wall Clock",Furniture,Furnishings,2023-09-17,2026-11-06,6,6,6,176.700000,14,34.986600,0.266667,12.6214285714,22.5000000000,0,0,1,1
314,FUR-FU-10004712,"Westinghouse Mesh Shade Clip-On Gooseneck Lamp  Black",Furniture,Furnishings,2023-10-19,2026-10-19,4,4,2,226.784000,11,23.112600,0.100000,20.6167272727,11.6433925765,0,0,1,1
315,FUR-FU-10004748,"Howard Miller 16" Diameter Gallery Wall Clock",Furniture,Furnishings,2024-09-06,2025-12-05,4,4,4,575.460000,12,107.419200,0.150000,47.9550000000,18.6666666667,0,0,0,1
316,FUR-FU-10004845,"Deflect-o EconoMat Nonstudded  No Bevel Mat",Furniture,Furnishings,2024-01-13,2026-11-13,3,3,3,702.440000,14,123.960000,0.066667,50.1742857143,17.6470588235,0,0,0,0
317,FUR-FU-10004848,"Howard Miller 13-3/4" Diameter Brushed Chrome Round Wall Clock",Furniture,Furnishings,2024-07-11,2026-09-29,9,9,9,1324.800000,30,186.300000,0.133333,42.4350000000,15.5172413793,0,1,1,1
318,FUR-FU-10004848-1,"DAX Solid Wood Frames",Furniture,Furnishings,2025-05-06,2026-07-17,3,3,3,93.792000,6,30.580100,0.066667,9.7700000000,24.8958333333,1,1,0,0
319,FUR-FU-10004864,"Howard Miller 14-1/2" Diameter Chrome Round Wall Clock",Furniture,Furnishings,2023-01-07,2026-09-19,7,7,7,1150.920000,258,335.045600,0.114286,4.5134117647,32.0000000000,2,1,1,1
320,FUR-FU-10004864-1,"Eldon 500 Class Desk Accessories",Furniture,Furnishings,2025-08-01,2026-10-02,6,6,6,65.178000,17,57.332500,0.066667,10.8630000000,29.4736842105,2,0,1,0
321,FUR-FU-10004904,"Eldon "L" Workstation Diamond Chairmat",Furniture,Furnishings,2023-12-27,2025-12-19,4,4,4,1002.936000,19,-182.352000,0.300000,52.7861052632,-120.0000000000,0,0,3,1
322,FUR-FU-10004909,"Contemporary Wood/Metal Frame",Furniture,Furnishings,2024-11-02,2026-11-23,4,4,4,193.920000,12,8.888000,0.350000,8.0800000000,4.7413793103,0,1,1,1
323,FUR-FU-10004952,"C-Line Cubicle Keepers Polyproplyene Holder w/Velcro Back  8-1/2x11  25/Bx",Furniture,Furnishings,2023-09-20,2026-12-08,4,4,4,383.180000,7,23.538200,0.150000,54.7400000000,31.0000000000,1,1,0,1
324,FUR-FU-10004960,"Seth Thomas 12" Clock w/ Goldtone Case",Furniture,Furnishings,2025-12-18,2026-09-01,3,3,3,390.660000,17,132.824400,0.000000,22.9800000000,34.0000000000,0,0,0,0
325,FUR-FU-10004963,"Eldon 400 Class Desk Accessories  Black Carbon",Furniture,Furnishings,2025-09-23,2026-12-25,8,8,6,180.250000,27,38.301500,0.225000,6.6759259259,21.2490984743,0,0,0,3
326,FUR-FU-10004973,"Flat Face Poster Frame",Furniture,Furnishings,2023-12-20,2026-12-20,14,14,12,787.512000,57,162.869900,0.271429,13.8160000000,20.6815769157,0,0,0,5
327,FUR-TA-10000198,"Chromcraft Bull-Nose Wood Oval Conference Tables & Bases",Furniture,Tables,2023-03-28,2026-10-02,5,5,5,9917.640000,27,-2876.115600,0.280000,367.3200000000,-29.0000000000,0,0,0,4
328,FUR-TA-10000577,"Bretford CR4500 Series Slim Rectangular Table",Furniture,Tables,2023-11-25,2026-12-14,8,8,8,6128.496000,29,-73.124100,0.262500,245.1398400000,-2.3076923077,1,0,2,3
329,FUR-TA-10000617,"Hon Practical Foundations 30 x 60 Training Table  Light Gray/Charcoal",Furniture,Tables,2023-10-21,2026-11-24,6,6,6,4334.827500,22,430.069500,0.175000,197.0376136364,9.9212598425,0,0,0,2
330,FUR-TA-10000688,"Chromcraft Bull-Nose Wood Round Conference Table Top  Wood Base",Furniture,Tables,2023-04-06,2026-06-25,6,6,6,3354.890000,18,213.493000,0.183333,186.3827777778,7.7777777778,0,0,1,2
331,FUR-TA-10000849,"Bevis Rectangular Conference Tables",Furniture,Tables,2023-11-18,2026-11-07,4,4,4,1007.262000,13,-586.839600,0.475000,77.4816923077,-58.2608695652,0,0,0,4
332,FUR-TA-10001039,"KI Adjustable-Height Table",Furniture,Tables,2023-04-06,2026-11-26,11,11,11,2046.324000,47,-226.127400,0.222727,66.0104516129,3.6134453782,2,0,0,6
333,FUR-TA-10001086,"SAFCO PlanMaster Boards  60w x 37-1/2d  White Melamine",Furniture,Tables,2023-04-08,2026-11-03,5,5,5,2127.860000,26,-261.422800,0.260000,111.9926315789,-35.6666666667,2,0,1,2
334,FUR-TA-10001095,"Chromcraft Round Conference Tables",Furniture,Tables,2024-05-07,2026-11-03,13,13,13,7825.621000,61,-1776.015100,0.257692,137.2915964912,-22.7901234568,1,0,3,4
335,FUR-TA-10001307,"SAFCO PlanMaster Heigh-Adjustable Drafting Table Base  43w x 30d x 30-37h  Black",Furniture,Tables,2023-08-05,2026-04-29,5,5,5,3739.115000,14,608.043000,0.280000,267.0796428571,16.2616822430,0,0,0,2
336,FUR-TA-10001520,"Lesro Sheffield Collection Coffee Table  End Table  Center Table  Corner Table",Furniture,Tables,2023-06-15,2026-10-26,9,9,9,2298.114000,39,-12.132900,0.216667,58.9260000000,-0.5279503106,0,0,0,7
337,FUR-TA-10001539,"Chromcraft Rectangular Conference Tables",Furniture,Tables,2023-05-30,2026-10-27,9,9,9,4952.673000,30,-450.243000,0.322222,165.0891000000,-9.0909090909,0,0,0,5
338,FUR-TA-10001676,"Hon 61000 Series Interactive Training Tables",Furniture,Tables,2023-12-23,2026-11-24,9,9,9,653.121000,22,-148.396200,0.311111,29.6873181818,-22.7210884354,0,0,0,9
339,FUR-TA-10001691,"Barricks Non-Folding Utility Table with Steel Legs  Laminate Tops",Furniture,Tables,2025-08-02,2025-08-02,1,1,1,136.464000,2,15.352200,0.200000,68.2320000000,11.2500000000,0,0,0,0
340,FUR-TA-10001705,"Bush Advantage Collection Round Conference Table",Furniture,Tables,2023-04-20,2026-10-15,4,4,4,3401.600000,730,306.144000,0.237500,4.6597260274,11.5200000000,0,0,1,1
341,FUR-TA-10001768,"Hon Racetrack Conference Tables",Furniture,Tables,2023-11-03,2026-08-22,6,6,6,3963.901000,22,-598.522800,0.283333,180.1773181818,-15.0993377483,0,0,0,4
342,FUR-TA-10001771,"Bush Cubix Conference Tables  Fully Assembled",Furniture,Tables,2025-06-09,2026-09-04,4,4,4,3603.288000,18,311.823000,0.200000,192.4833333333,8.6538461538,0,1,0,1
343,FUR-TA-10001857,"Balt Solid Wood Rectangular Table",Furniture,Tables,2023-08-29,2026-01-23,4,4,4,638.214500,11,-216.254500,0.262500,79.7768125000,-19.0082644628,1,0,0,3
344,FUR-TA-10001866,"Bevis Round Conference Room Tables and Bases",Furniture,Tables,2023-03-01,2023-10-03,2,2,2,376.509000,4,-39.443800,0.250000,125.5030000000,-11.4285714286,1,0,0,1
345,FUR-TA-10001889,"Bush Advantage Collection Racetrack Conference Table",Furniture,Tables,2023-03-29,2026-11-30,7,7,7,9544.725000,33,-2545.260000,0.350000,289.2340909091,-41.3793103448,0,0,1,6
346,FUR-TA-10001932,"Chromcraft 48" x 96" Racetrack Double Pedestal Table",Furniture,Tables,2023-12-20,2026-10-12,6,6,6,5098.176000,22,-404.006400,0.316667,231.7352727273,-7.9245283019,0,0,0,4
347,FUR-TA-10001950,"Balt Solid Wood Round Tables",Furniture,Tables,2023-03-17,2026-10-16,4,4,4,6518.754000,19,321.472800,0.200000,343.0923157895,9.0000000000,0,0,2,0
348,FUR-TA-10002041,"Bevis Round Conference Table Top  X-Base",Furniture,Tables,2023-06-07,2026-12-08,6,6,6,2312.841000,20,-519.941000,0.266667,128.4911666667,-24.1860465116,1,0,0,5
349,FUR-TA-10002228,"Bevis Traditional Conference Table Top  Plinth Base",Furniture,Tables,2023-05-12,2026-03-10,3,3,3,2033.496000,9,-456.703200,0.333333,225.9440000000,-22.4590163934,0,0,0,3
350,FUR-TA-10002356,"Bevis Boat-Shaped Conference Table",Furniture,Tables,2023-11-12,2026-10-21,6,6,6,2542.467000,15,-361.711800,0.316667,169.4978000000,-16.2352941176,0,0,1,3
351,FUR-TA-10002530,"Iceberg OfficeWorks 42" Round Tables",Furniture,Tables,2024-04-13,2026-06-12,7,7,7,3215.874000,30,-392.548000,0.200000,114.8526428571,-11.7370892019,1,0,0,4
352,FUR-TA-10002533,"BPI Conference Tables",Furniture,Tables,2023-11-18,2026-11-19,5,5,5,2241.867500,26,-795.972500,0.370000,86.2256730769,-35.5048859935,0,0,0,4
353,FUR-TA-10002607,"KI Conference Tables",Furniture,Tables,2023-05-27,2026-10-22,8,8,8,1758.072000,44,-317.587200,0.325000,50.2306285714,-20.0000000000,1,0,2,5
354,FUR-TA-10002622,"Bush Andora Conference Table  Maple/Graphite Gray Finish",Furniture,Tables,2024-12-14,2026-11-19,4,4,4,1162.664000,12,-143.623200,0.300000,116.2664000000,-13.2352941176,1,0,0,3
355,FUR-TA-10002645,"Hon Rectangular Conference Tables",Furniture,Tables,2023-12-14,2026-12-25,4,4,4,3481.515000,20,-295.815000,0.325000,174.0757500000,-8.4967320261,0,0,0,3
356,FUR-TA-10002774,"Laminate Occasional Tables",Furniture,Tables,2024-04-09,2025-11-05,3,3,3,2096.168000,10,-206.534200,0.233333,123.3040000000,-9.8529411765,0,1,0,3
357,FUR-TA-10002855,"Bevis Round Conference Table Top & Single Column Base",Furniture,Tables,2023-07-13,2026-09-11,5,5,5,2297.538000,19,100.974600,0.220000,120.9230526316,4.3949044586,0,0,0,3
358,FUR-TA-10002903,"Bevis Round Bullnose 29" High Table Top",Furniture,Tables,2023-10-13,2026-12-22,5,5,5,4544.925000,24,-192.185400,0.260000,189.3718750000,-4.2285714286,0,0,0,3
359,FUR-TA-10002958,"Bevis Oval Conference Table  Walnut",Furniture,Tables,2023-03-03,2026-12-03,8,8,8,6942.068000,31,-856.014400,0.293750,202.8909032258,-12.3308270677,0,1,0,6
360,FUR-TA-10003008,"Lesro Round Back Collection Coffee Table  End Table",Furniture,Tables,2023-10-20,2026-12-22,8,8,8,2847.780000,20,-297.556500,0.287500,142.3890000000,-10.9395973154,0,0,1,5
361,FUR-TA-10003238,"Chromcraft Bull-Nose Wood 48" x 96" Rectangular Conference Tables",Furniture,Tables,2023-06-06,2025-10-21,6,6,6,4297.644000,11,-611.587800,0.333333,390.6949090909,-14.2307692308,0,0,0,5
362,FUR-TA-10003392,"Global Adaptabilities Conference Tables",Furniture,Tables,2025-05-05,2025-11-12,4,4,4,3203.172000,14,33.717600,0.150000,266.9310000000,10.0000000000,1,0,1,2
363,FUR-TA-10003469,"Balt Split Level Computer Training Table",Furniture,Tables,2023-01-27,2026-11-05,8,8,5,1090.185000,20,-369.971000,0.275000,60.5658333333,-40.0656378560,1,0,1,5
364,FUR-TA-10003473,"Bretford Rectangular Conference Table Tops",Furniture,Tables,2023-03-17,2026-12-14,14,14,11,13565.571500,53,-2939.605900,0.257143,255.9541792453,-21.6696060317,0,0,0,6
365,FUR-TA-10003569,"Bretford CR8500 Series Meeting Room Furniture",Furniture,Tables,2023-08-27,2025-09-08,6,6,6,3408.330000,21,461.127000,0.183333,340.8330000000,11.7647058824,2,0,0,2
366,FUR-TA-10003715,"Hon 2111 Invitation Series Corner Table",Furniture,Tables,2023-02-11,2025-06-17,4,4,4,3140.550000,18,-2826.495000,0.200000,174.4750000000,-90.0000000000,0,0,0,3
367,FUR-TA-10003748,"Bevis 36 x 72 Conference Tables",Furniture,Tables,2023-04-08,2026-12-09,8,8,8,4157.966000,40,448.164000,0.162500,109.4201578947,11.2574850299,1,0,0,2
368,FUR-TA-10003837,"Anderson Hickey Conga Table Tops & Accessories",Furniture,Tables,2024-09-07,2026-10-19,2,2,2,51.782000,5,-14.163900,0.300000,10.3564000000,-51.6666666667,0,0,1,1
369,FUR-TA-10003954,"Hon 94000 Series Round Tables",Furniture,Tables,2023-03-28,2026-11-01,5,5,5,7404.500000,30,-681.214000,0.160000,246.8166666667,-9.2000000000,0,0,0,3
370,FUR-TA-10004086,"KI Adjustable-Height Table",Furniture,Tables,2023-06-03,2026-10-05,9,9,7,1951.744000,32,211.880400,0.222222,72.2868148148,14.1626549915,1,0,3,1
371,FUR-TA-10004147,"Hon 4060 Series Tables",Furniture,Tables,2023-06-25,2025-12-03,4,4,4,1231.560000,12,-3504.348000,0.200000,97.0320000000,-284.5454545455,0,1,0,3
372,FUR-TA-10004152,"Barricks 18" x 48" Non-Folding Utility Table with Bottom Storage Shelf",Furniture,Tables,2023-07-19,2026-06-15,5,5,5,1088.640000,16,-104.832000,0.320000,68.0400000000,-9.6296296296,0,0,0,4
373,FUR-TA-10004154,"Riverside Furniture Oval Coffee Table  Oval End Table  End Table with Drawer",Furniture,Tables,2023-09-07,2026-11-28,5,5,5,3901.160000,23,-424.538000,0.300000,177.3254545455,-21.8750000000,2,1,2,2
374,FUR-TA-10004175,"Hon 30" x 60" Table with Locking Drawer",Furniture,Tables,2023-03-17,2023-09-29,3,3,3,1296.028000,6,-177.351200,0.333333,216.0046666667,-13.6842105263,0,0,0,2
375,FUR-TA-10004256,"Bretford “Just In Time” Height-Adjustable Multi-Task Work Tables",Furniture,Tables,2025-01-30,2026-12-10,4,4,4,5634.900000,17,-964.194000,0.225000,331.4647058824,-17.1111111111,0,0,0,3
376,FUR-TA-10004289,"BoxOffice By Design Rectangular and Half-Moon Meeting Room Tables",Furniture,Tables,2023-08-03,2026-12-11,3,3,3,984.375000,15,-1148.437500,0.483333,109.3750000000,-74.0000000000,1,0,0,3
377,FUR-TA-10004442,"Riverside Furniture Stanwyck Manor Table Series",Furniture,Tables,2023-04-08,2026-09-29,3,3,3,917.920000,5,-415.932500,0.366667,183.5840000000,-45.3125000000,0,0,0,3
378,FUR-TA-10004534,"Bevis 44 x 96 Conference Tables",Furniture,Tables,2023-06-09,2026-12-22,5,5,5,2882.600000,20,-22.649000,0.290000,169.5647058824,-0.7857142857,1,0,1,1
379,FUR-TA-10004575,"Hon 5100 Series Wood Tables",Furniture,Tables,2023-07-12,2026-11-06,7,7,7,5965.090000,26,-238.603600,0.214286,229.4265384615,-4.0000000000,0,0,0,4
380,FUR-TA-10004607,"Hon 2111 Invitation Series Straight Table",Furniture,Tables,2023-09-19,2026-10-24,7,7,7,1966.139000,334,-115.307400,0.271429,5.9043213213,-3.5338345865,1,0,0,6
381,FUR-TA-10004619,"Hon Non-Folding Utility Tables",Furniture,Tables,2023-12-12,2025-12-11,5,5,5,2660.477000,29,430.137000,0.200000,120.9307727273,5.4054054054,1,0,1,0
382,FUR-TA-10004767,"Safco Drafting Table",Furniture,Tables,2023-07-22,2026-11-21,4,4,4,567.840000,12,34.070400,0.200000,51.6218181818,2.3750000000,1,0,0,2
383,FUR-TA-10004915,"Office Impressions End Table  20-1/2"H x 24"W x 20"D",Furniture,Tables,2025-03-03,2026-12-22,5,5,5,5801.816000,23,-66.827200,0.180000,252.2528695652,-1.1518324607,0,0,0,3
384,OFF-AP-10000026,"Tripp Lite Isotel 6 Outlet Surge Protector with Fax/Modem Protection","Office Supplies",Appliances,2024-10-18,2026-12-10,6,6,6,1243.788000,27,261.561300,0.200000,46.0662222222,22.3437500000,0,0,1,0
385,OFF-AP-10000027,"Hoover Commercial SteamVac","Office Supplies",Appliances,2026-01-02,2026-12-15,4,4,4,162.960000,14,48.888000,0.200000,13.5800000000,30.0000000000,1,0,1,0
386,OFF-AP-10000055,"Belkin F9S820V06 8 Outlet Surge","Office Supplies",Appliances,2025-11-10,2026-07-09,4,4,4,266.336000,17,-120.176000,0.400000,15.6668235294,-45.1219512195,0,0,0,2
387,OFF-AP-10000124,"Acco 6 Outlet Guardian Basic Surge Suppressor","Office Supplies",Appliances,2023-05-20,2023-07-21,2,2,2,4.992000,7,-3.660800,0.400000,1.6640000000,-260.0000000000,1,0,0,1
388,OFF-AP-10000159,"Belkin F9M820V08 8 Outlet Surge","Office Supplies",Appliances,2025-09-02,2026-12-09,3,3,3,558.740000,15,101.003000,0.133333,37.2493333333,18.0769230769,0,0,0,0
389,OFF-AP-10000179,"Honeywell Enviracaire Portable HEPA Air Cleaner for up to 10 x 16 Room","Office Supplies",Appliances,2024-04-09,2025-12-03,3,3,3,950.026000,12,417.024400,0.100000,105.5584444444,28.7012987013,1,0,0,0
390,OFF-AP-10000240,"Belkin F9G930V10-GRY 9 Outlet Surge","Office Supplies",Appliances,2023-04-15,2026-06-29,5,5,5,770.112000,16,162.579200,0.160000,48.1320000000,21.1111111111,0,0,0,1
391,OFF-AP-10000252,"Harmony HEPA Quiet Air Purifiers","Office Supplies",Appliances,2025-12-10,2026-04-28,4,4,4,128.700000,12,37.440000,0.100000,10.7250000000,29.0909090909,0,0,0,0
392,OFF-AP-10000275,"Sanyo Counter Height Refrigerator with Crisper  3.6 Cubic Foot  Stainless Steel/Black","Office Supplies",Appliances,2024-10-19,2026-02-05,3,3,3,5906.520000,413,1653.825600,0.000000,14.3015012107,28.0000000000,0,0,0,0
393,OFF-AP-10000326,"Belkin 7 Outlet SurgeMaster Surge Protector with Phone Protection","Office Supplies",Appliances,2025-03-13,2025-03-13,1,1,1,157.920000,5,17.766000,0.200000,31.5840000000,11.2500000000,0,0,0,0
394,OFF-AP-10000358,"Fellowes Basic Home/Office Series Surge Protectors","Office Supplies",Appliances,2023-09-21,2026-12-01,9,9,9,436.128000,41,58.280200,0.133333,10.6372682927,13.3630952381,0,0,0,1
395,OFF-AP-10000390,"Euro Pro Shark Stick Mini Vacuum","Office Supplies",Appliances,2025-05-09,2026-09-23,3,3,3,48.784000,11,-325.633200,0.600000,48.7840000000,7.5000000000,2,0,0,2
396,OFF-AP-10000576,"Belkin 325VA UPS Surge Protector  6'","Office Supplies",Appliances,2024-11-05,2026-10-01,4,4,4,1379.172000,13,108.882000,0.100000,106.0901538462,10.7142857143,0,0,1,0
397,OFF-AP-10000576-1,"Belkin 7 Outlet SurgeMaster II","Office Supplies",Appliances,2023-07-14,2025-09-26,3,3,3,631.680000,16,176.870400,0.000000,39.4800000000,28.0000000000,0,0,0,0
398,OFF-AP-10000595,"Disposable Triple-Filter Dust Bags","Office Supplies",Appliances,2024-03-26,2026-02-20,4,4,4,43.700000,10,11.362000,0.000000,4.3700000000,26.0000000000,0,0,0,0
399,OFF-AP-10000692,"Fellowes Mighty 8 Compact Surge Protector","Office Supplies",Appliances,2023-01-18,2026-05-08,6,6,6,344.590000,19,67.296400,0.100000,18.1363157895,19.5294117647,0,0,0,0
400,OFF-AP-10000696,"Holmes Odor Grabber","Office Supplies",Appliances,2023-05-04,2026-11-07,8,8,8,282.704100,267,67.774000,0.225000,1.0831574713,19.9948992604,1,0,0,2
401,OFF-AP-10000804,"Hoover Portapower Portable Vacuum","Office Supplies",Appliances,2024-02-23,2026-10-03,4,4,4,34.944000,18,1.344000,0.300000,2.9120000000,-15.3846153846,1,0,0,1
402,OFF-AP-10000828,"Avanti 4.4 Cu. Ft. Refrigerator","Office Supplies",Appliances,2023-12-24,2026-10-13,7,7,7,3511.012000,24,383.677600,0.142857,146.2921666667,10.9278350515,0,0,0,1
403,OFF-AP-10000891,"Kensington 7 Outlet MasterPiece HOMEOFFICE Power Control Center","Office Supplies",Appliances,2023-09-14,2026-12-18,5,5,5,2491.280000,19,563.816000,0.200000,120.0783157895,22.6315789474,0,1,0,1
404,OFF-AP-10000938,"Avanti 1.7 Cu. Ft. Refrigerator","Office Supplies",Appliances,2025-07-03,2026-10-21,4,4,4,2221.560000,24,262.548000,0.100000,92.5650000000,19.4029850746,0,0,2,0
405,OFF-AP-10001005,"Honeywell Quietcare HEPA Air Cleaner","Office Supplies",Appliances,2023-05-30,2026-09-01,6,6,6,1761.760000,23,549.763500,0.050000,76.5982608696,31.2053571429,0,0,0,0
406,OFF-AP-10001058,"Sanyo 2.5 Cubic Foot Mid-Size Office Refrigerators","Office Supplies",Appliances,2025-06-20,2026-12-22,4,4,4,4476.960000,17,906.584400,0.100000,263.3505882353,23.8235294118,0,0,1,0
407,OFF-AP-10001124,"Belkin 8 Outlet SurgeMaster II Gold Surge Protector with Phone Protection","Office Supplies",Appliances,2026-03-08,2026-03-08,1,1,1,NULL,8,168.438400,0.000000,NULL,NULL,1,0,0,0
408,OFF-AP-10001154,"Bionaire Personal Warm Mist Humidifier/Vaporizer","Office Supplies",Appliances,2023-03-17,2026-05-19,3,3,3,515.790000,11,201.158100,0.000000,46.8900000000,39.0000000000,0,0,0,0
409,OFF-AP-10001205,"Belkin 5 Outlet SurgeMaster Power Centers","Office Supplies",Appliances,2024-01-09,2026-11-27,10,10,10,1776.048000,40,189.590400,0.140000,44.4012000000,11.8367346939,0,0,2,1
410,OFF-AP-10001242,"APC 7 Outlet Network SurgeArrest Surge Protector","Office Supplies",Appliances,2023-11-17,2026-09-23,8,8,8,1142.816000,20,80.480000,0.225000,60.1482105263,6.3380281690,1,0,0,2
411,OFF-AP-10001271,"Eureka The Boss Cordless Rechargeable Stick Vac","Office Supplies",Appliances,2023-08-04,2026-12-05,6,6,6,866.660000,19,241.135400,0.033333,50.9800000000,27.0000000000,1,0,0,0
412,OFF-AP-10001293,"Belkin 8 Outlet Surge Protector","Office Supplies",Appliances,2023-02-14,2026-12-02,9,9,7,1326.036000,37,260.464400,0.172222,35.8388108108,19.6423324857,0,0,0,1
413,OFF-AP-10001303,"Holmes Cool Mist Humidifier for the Whole House with 8-Gallon Output per Day  Extended Life Filter","Office Supplies",Appliances,2023-02-16,2025-12-02,4,4,4,147.260000,9,62.685000,0.200000,16.3622222222,45.0000000000,0,0,1,0
414,OFF-AP-10001366,"Staple holder","Office Supplies",Appliances,2023-09-20,2025-10-27,4,4,4,186.660000,17,50.398200,0.000000,10.9800000000,27.0000000000,0,0,0,0
415,OFF-AP-10001391,"Kensington 6 Outlet MasterPiece HOMEOFFICE Power Control Center","Office Supplies",Appliances,2023-04-25,2024-02-15,2,2,2,812.160000,9,235.526400,0.000000,90.2400000000,29.0000000000,0,0,0,0
416,OFF-AP-10001394,"Harmony Air Purifier","Office Supplies",Appliances,2023-05-25,2026-12-09,5,5,5,1946.700000,13,374.220000,0.220000,149.7461538462,19.2233009709,0,0,0,1
417,OFF-AP-10001469,"Fellowes 8 Outlet Superior Workstation Surge Protector","Office Supplies",Appliances,2023-09-12,2026-05-28,5,5,4,759.122000,20,-534.305100,0.080000,37.9561000000,-90.2112676056,0,0,1,1
418,OFF-AP-10001492,"Acco Six-Outlet Power Strip  4' Cord Length","Office Supplies",Appliances,2023-09-26,2026-11-21,9,9,9,343.076000,41,81.545200,0.022222,8.3677073171,23.7688442211,0,0,0,0
419,OFF-AP-10001563,"Belkin Premiere Surge Master II 8-outlet surge protector","Office Supplies",Appliances,2023-12-20,2026-08-17,7,7,7,680.120000,26,55.381200,0.271429,35.7957894737,3.6428571429,1,0,0,2
420,OFF-AP-10001564,"Hoover Commercial Lightweight Upright Vacuum with E-Z Empty Dirt Cup","Office Supplies",Appliances,2025-09-26,2026-05-29,3,3,3,930.320000,6,-130.244800,0.266667,232.5800000000,26.0000000000,1,0,1,1
421,OFF-AP-10001626,"Commercial WindTunnel Clean Air Upright Vacuum  Replacement Belts  Filtration Bags","Office Supplies",Appliances,2023-06-04,2026-09-30,7,7,7,50.570000,17,1.633800,0.228571,2.9747058824,3.2307692308,0,0,0,2
422,OFF-AP-10001634,"Hoover Commercial Lightweight Upright Vacuum","Office Supplies",Appliances,2023-09-26,2026-12-11,2,2,2,NULL,8,-2.505600,0.500000,NULL,NULL,2,0,0,1
423,OFF-AP-10001947,"Acco 6 Outlet Guardian Premium Plus Surge Suppressor","Office Supplies",Appliances,2024-03-29,2026-12-23,6,6,6,289.456000,31,-113.767200,0.400000,9.3372903226,-39.3037974684,0,0,0,3
424,OFF-AP-10001962,"Black & Decker Filter for Double Action Dustbuster Cordless Vac BLDV7210","Office Supplies",Appliances,2023-09-08,2026-11-26,6,6,6,229.886000,28,53.696000,0.033333,8.2102142857,23.3576642336,0,0,0,0
425,OFF-AP-10002082,"Holmes HEPA Air Purifier","Office Supplies",Appliances,2024-09-28,2026-11-26,6,6,6,239.580000,14,41.382000,0.233333,17.1128571429,17.2727272727,0,0,0,1
426,OFF-AP-10002118,"1.7 Cubic Foot Compact "Cube" Office Refrigerators","Office Supplies",Appliances,2023-05-23,2026-11-06,6,6,6,2706.080000,14,578.684800,0.066667,193.2914285714,21.3846153846,0,0,0,0
427,OFF-AP-10002191,"Belkin 8 Outlet SurgeMaster II Gold Surge Protector","Office Supplies",Appliances,2023-09-26,2026-10-21,5,5,5,737.754000,15,89.970000,0.170000,49.1836000000,12.1951219512,0,0,0,1
428,OFF-AP-10002203,"Eureka Disposable Bags for Sanitaire Vibra Groomer I Upright Vac","Office Supplies",Appliances,2026-06-08,2026-06-08,1,1,1,NULL,2,-4.466000,0.800000,NULL,NULL,1,0,0,1
429,OFF-AP-10002222,"Staple holder","Office Supplies",Appliances,2024-03-05,2026-04-01,4,4,4,107.508000,13,25.229700,0.050000,8.2698461538,23.4677419355,0,0,0,0
430,OFF-AP-10002287,"Eureka Sanitaire  Multi-Pro Heavy-Duty Upright  Disposable Bags","Office Supplies",Appliances,2024-03-24,2026-07-21,5,5,5,83.904000,22,8.215600,0.120000,3.8138181818,12.3684210526,0,0,1,0
431,OFF-AP-10002311,"Holmes Replacement Filter for HEPA Air Cleaner  Very Large Room  HEPA Filter","Office Supplies",Appliances,2023-01-20,2026-11-24,10,10,10,1300.509000,26,381.207400,0.210000,65.0254500000,40.7407407407,2,0,0,2
432,OFF-AP-10002350,"Belkin F9H710-06 7 Outlet SurgeMaster Surge Protector","Office Supplies",Appliances,2023-12-23,2026-12-03,8,8,8,516.216000,29,122.836800,0.075000,17.8005517241,23.7956204380,0,0,0,0
433,OFF-AP-10002403,"Acco Smartsocket Color-Coded Six-Outlet AC Adapter Model Surge Protectors","Office Supplies",Appliances,2023-08-12,2026-03-25,4,4,4,448.902000,14,-67.775400,0.300000,32.0644285714,-15.0980392157,0,0,0,1
434,OFF-AP-10002439,"Tripp Lite Isotel 8 Ultra 8 Outlet Metal Surge","Office Supplies",Appliances,2024-05-10,2026-08-31,3,3,3,823.252000,16,-17.032800,0.333333,51.4532500000,-2.0689655172,0,0,0,1
435,OFF-AP-10002457,"Eureka The Boss Plus 12-Amp Hard Box Upright Vacuum  Red","Office Supplies",Appliances,2024-11-16,2026-12-30,6,6,6,1674.400000,20,312.903500,0.216667,83.7200000000,19.4155844156,0,0,1,0
436,OFF-AP-10002472,"3M Office Air Cleaner","Office Supplies",Appliances,2024-12-15,2026-07-31,2,2,2,155.880000,6,90.930000,0.000000,25.9800000000,35.0000000000,1,1,0,0
437,OFF-AP-10002495,"Acco Smartsocket Table Surge Protector  6 Color-Coded Adapter Outlets","Office Supplies",Appliances,2023-08-08,2026-04-24,3,3,3,452.965000,8,105.485000,0.100000,56.6206250000,23.2876712329,0,0,0,0
438,OFF-AP-10002518,"Kensington 7 Outlet MasterPiece Power Center","Office Supplies",Appliances,2023-09-08,2026-02-19,5,5,5,2883.276000,21,229.594200,0.200000,137.2988571429,7.9629629630,0,0,0,1
439,OFF-AP-10002534,"3.6 Cubic Foot Counter Height Office Refrigerator","Office Supplies",Appliances,2023-03-03,2026-12-02,5,5,5,530.316000,18,-1284.543200,0.520000,58.9240000000,-260.0000000000,2,0,1,3
440,OFF-AP-10002578,"Fellowes Premier Superior Surge Suppressor  10-Outlet  With Phone and Remote","Office Supplies",Appliances,2023-03-11,2026-09-29,7,7,6,929.480000,21,169.263200,0.142857,44.2609523810,18.2105263158,0,0,0,1
441,OFF-AP-10002651,"Hoover Upright Vacuum With Dirt Cup","Office Supplies",Appliances,2023-12-28,2026-11-11,6,6,6,6832.908000,31,460.352700,0.166667,220.4163870968,6.7372881356,0,0,0,1
442,OFF-AP-10002670,"Belkin 8-Outlet Premiere SurgeMaster II Surge Protectors","Office Supplies",Appliances,2026-05-26,2026-12-08,2,2,2,277.920000,4,83.376000,0.000000,69.4800000000,30.0000000000,0,0,0,0
443,OFF-AP-10002684,"Acco 7-Outlet Masterpiece Power Center  Wihtout Fax/Phone Line Protection","Office Supplies",Appliances,2024-07-09,2026-11-18,7,7,7,3039.500000,31,376.898000,0.285714,98.0483870968,13.2478632479,0,0,1,2
444,OFF-AP-10002734,"Holmes Harmony HEPA Air Purifier for 17 x 20 Room","Office Supplies",Appliances,2023-11-22,2023-11-22,1,1,1,675.120000,3,290.301600,0.000000,225.0400000000,43.0000000000,0,0,0,0
445,OFF-AP-10002765,"Fellowes Advanced Computer Series Surge Protectors","Office Supplies",Appliances,2023-03-31,2026-12-02,6,6,6,344.370000,15,100.662000,0.033333,26.4900000000,28.0000000000,1,0,0,0
446,OFF-AP-10002867,"Fellowes Command Center 5-outlet power strip","Office Supplies",Appliances,2024-11-21,2026-11-25,4,4,4,664.832000,15,-78.016000,0.250000,44.3221333333,-11.7346938776,0,0,0,1
447,OFF-AP-10002892,"Belkin F5C206VTEL 6 Outlet Surge","Office Supplies",Appliances,2023-06-09,2025-12-11,7,7,7,464.196000,22,110.304000,0.057143,21.0998181818,23.7623762376,0,0,0,0
448,OFF-AP-10002906,"Hoover Replacement Belt for Commercial Guardsman Heavy-Duty Upright Vacuum","Office Supplies",Appliances,2024-03-01,2026-10-23,4,4,4,7.104000,6,0.444000,0.300000,1.7760000000,12.5000000000,2,0,0,1
449,OFF-AP-10002945,"Honeywell Enviracaire Portable HEPA Air Cleaner for 17' x 22' Room","Office Supplies",Appliances,2023-06-01,2026-06-01,8,8,8,11304.440000,40,3247.020000,0.050000,282.6110000000,28.7234042553,0,0,0,0
450,OFF-AP-10002998,"Holmes 99% HEPA Air Purifier","Office Supplies",Appliances,2023-12-26,2025-11-18,4,4,4,333.564000,17,81.225000,0.100000,19.6214117647,27.1739130435,0,0,1,0
451,OFF-AP-10003040,"Fellowes 8 Outlet Superior Workstation Surge Protector w/o Phone/Fax/Modem Protection","Office Supplies",Appliances,2024-12-13,2026-11-02,5,5,5,470.680000,25,43.706000,0.200000,33.6200000000,26.0000000000,2,0,0,1
452,OFF-AP-10003057,"Honeywell Enviracaire Portable HEPA Air Cleaner for 16' x 20' Room","Office Supplies",Appliances,2024-11-14,2025-11-03,3,3,3,3855.180000,14,1503.520200,0.000000,275.3700000000,39.0000000000,0,0,0,0
453,OFF-AP-10003099,"Eureka Hand Vacuum  Bagless","Office Supplies",Appliances,2024-11-02,2024-11-02,1,1,1,197.720000,4,55.361600,0.000000,49.4300000000,28.0000000000,0,0,0,0
454,OFF-AP-10003217,"Eureka Sanitaire  Commercial Upright","Office Supplies",Appliances,2023-09-30,2026-12-17,3,3,3,1524.532000,10,53.027200,0.333333,145.8248000000,3.4782608696,0,1,0,1
455,OFF-AP-10003266,"Holmes Replacement Filter for HEPA Air Cleaner  Large Room","Office Supplies",Appliances,2024-05-03,2026-12-22,4,4,4,151.062000,12,47.984400,0.150000,12.5885000000,31.7647058824,0,0,0,0
456,OFF-AP-10003278,"Belkin 7-Outlet SurgeMaster Home Series","Office Supplies",Appliances,2023-12-24,2026-09-09,5,5,5,106.172000,10,-10.058400,0.240000,10.6172000000,-9.4736842105,0,0,0,1
457,OFF-AP-10003281,"Acco 6 Outlet Guardian Standard Surge Suppressor","Office Supplies",Appliances,2023-07-26,2026-09-10,5,5,5,149.916000,10,22.971000,0.200000,10.1556000000,15.3225806452,0,1,0,1
458,OFF-AP-10003287,"Tripp Lite TLP810NET Broadband Surge for Modem/Fax","Office Supplies",Appliances,2023-08-15,2026-02-26,6,6,6,937.848000,22,130.483200,0.233333,42.6294545455,13.9130434783,0,0,0,1
459,OFF-AP-10003590,"Hoover WindTunnel Plus Canister Vacuum","Office Supplies",Appliances,2023-08-04,2026-12-08,3,3,3,3051.300000,9,392.310000,0.066667,339.0333333333,20.0000000000,0,0,1,0
460,OFF-AP-10003622,"Bravo II Megaboss 12-Amp Hard Body Upright  Replacement Belts  2 Belts per Pack","Office Supplies",Appliances,2023-08-03,2026-12-11,5,5,5,87.750000,29,20.832500,0.120000,3.0258620690,23.7407407407,0,0,0,0
461,OFF-AP-10003779,"Kensington 7 Outlet MasterPiece Power Center with Fax/Phone Line Protection","Office Supplies",Appliances,2024-04-28,2026-11-30,4,4,4,1473.108000,8,311.220000,0.075000,184.1385000000,21.1267605634,0,0,0,0
462,OFF-AP-10003842,"Euro-Pro Shark Turbo Vacuum","Office Supplies",Appliances,2023-04-02,2025-11-27,6,6,6,402.740000,24,143.747200,0.050000,30.9800000000,26.0000000000,2,0,0,0
463,OFF-AP-10003849,"Hoover Shoulder Vac Commercial Portable Vacuum","Office Supplies",Appliances,2024-04-04,2026-11-19,6,6,6,5009.480000,16,590.403000,0.183333,313.0925000000,14.4736842105,0,0,2,1
464,OFF-AP-10003860,"Fellowes Advanced 8 Outlet Surge Suppressor with Phone/Fax Protection","Office Supplies",Appliances,2023-06-21,2024-12-19,3,3,3,244.288000,10,41.640000,0.133333,24.4288000000,17.0454545455,0,0,0,0
465,OFF-AP-10003884,"Fellowes Smart Surge Ten-Outlet Protector  Platinum","Office Supplies",Appliances,2026-06-16,2026-06-16,1,1,1,180.660000,3,50.584800,0.000000,60.2200000000,28.0000000000,0,0,0,0
466,OFF-AP-10003914,"Sanitaire Vibra Groomer IR Commercial Upright Vacuum  Replacement Belts","Office Supplies",Appliances,2023-09-14,2023-09-14,1,1,1,13.000000,5,NULL,0.200000,2.6000000000,NULL,0,0,1,0
467,OFF-AP-10003971,"Belkin 6 Outlet Metallic Surge Strip","Office Supplies",Appliances,2023-03-17,2026-11-11,9,9,9,258.093000,29,28.749600,0.166667,9.5590000000,15.6962025316,1,0,0,1
468,OFF-AP-10004036,"Bionaire 99.97% HEPA Air Cleaner","Office Supplies",Appliances,2023-12-06,2026-11-17,4,4,4,199.728000,16,17.520000,0.250000,12.4830000000,8.7719298246,0,0,0,1
469,OFF-AP-10004052,"Hoover Replacement Belts For Soft Guard & Commercial Ltweight Upright Vacs  2/Pk","Office Supplies",Appliances,2023-10-05,2026-10-05,7,7,5,135.714000,24,16.329600,0.171429,5.6547500000,14.7867504573,0,0,2,1
470,OFF-AP-10004136,"Kensington 6 Outlet SmartSocket Surge Protector","Office Supplies",Appliances,2023-12-30,2024-11-21,2,2,2,122.940000,6,-36.882000,0.400000,40.9800000000,25.0000000000,1,0,0,1
471,OFF-AP-10004233,"Honeywell Enviracaire Portable Air Cleaner for up to 8 x 10 Room","Office Supplies",Appliances,2025-02-16,2025-03-08,2,2,2,207.144000,9,-177.223200,0.450000,69.0480000000,23.3333333333,1,0,0,1
472,OFF-AP-10004249,"Staple holder","Office Supplies",Appliances,2023-05-11,2026-12-24,5,5,5,234.612000,22,-399.199500,0.200000,10.6641818182,-170.1530612245,0,0,0,2
473,OFF-AP-10004336,"Conquest 14 Commercial Heavy-Duty Upright Vacuum  Collection System  Accessory Kit","Office Supplies",Appliances,2023-08-08,2026-10-06,8,8,4,895.856000,20,163.366800,0.125000,44.7928000000,18.2358325445,0,0,0,1
474,OFF-AP-10004487,"Kensington 4 Outlet MasterPiece Compact Power Control Center","Office Supplies",Appliances,2024-04-11,2026-12-18,7,7,7,2488.392000,36,367.566400,0.171429,69.1220000000,15.5862068966,0,0,1,1
475,OFF-AP-10004532,"Kensington 6 Outlet Guardian Standard Surge Protector","Office Supplies",Appliances,2023-09-10,2026-12-05,6,6,6,409.600000,20,110.592000,0.000000,20.4800000000,27.0000000000,0,0,0,0
476,OFF-AP-10004540,"Eureka The Boss Lite 10-Amp Upright Vacuum  Blue","Office Supplies",Appliances,2024-05-30,2026-12-07,4,4,4,1042.080000,13,291.782400,0.000000,80.1600000000,28.0000000000,0,0,0,0
477,OFF-AP-10004655,"Holmes Visible Mist Ultrasonic Humidifier with 2.3-Gallon Output per Day  Replacement Filter","Office Supplies",Appliances,2024-11-28,2026-06-19,2,2,2,47.544000,5,15.395200,0.400000,9.5088000000,34.0000000000,0,0,1,0
478,OFF-AP-10004708,"Fellowes Superior 10 Outlet Split Surge Protector","Office Supplies",Appliances,2023-08-08,2026-11-26,9,9,9,867.768000,30,95.911200,0.266667,28.9256000000,11.2500000000,0,0,1,1
479,OFF-AP-10004785,"Holmes Replacement Filter for HEPA Air Cleaner  Medium Room","Office Supplies",Appliances,2023-09-08,2026-09-10,4,4,4,203.940000,18,87.694200,0.000000,11.3300000000,43.0000000000,0,0,0,0
480,OFF-AP-10004859,"Acco 6 Outlet Guardian Premium Surge Suppressor","Office Supplies",Appliances,2023-06-01,2026-03-03,8,8,8,420.784000,35,60.424000,0.162500,13.5736774194,21.6955017301,1,0,0,1
481,OFF-AP-10004868,"Hoover Commercial Soft Guard Upright Vacuum And Disposable Filtration Bags","Office Supplies",Appliances,2023-12-20,2026-11-13,4,4,4,91.686000,18,-12.509700,0.250000,5.0936666667,-14.9074074074,0,0,1,1
482,OFF-AP-10004980,"3M Replacement Filter for Office Air Cleaner for 20' x 33' Room","Office Supplies",Appliances,2024-04-13,2025-04-10,4,4,4,303.360000,14,-20.476800,0.250000,21.6685714286,-6.7500000000,0,0,0,1
483,OFF-AR-10000034,"BIC Brite Liner Grip Highlighters  Assorted  5/Pack","Office Supplies",Art,2023-03-25,2026-09-24,6,6,6,118.720000,266,43.714400,0.066667,0.4463157895,36.8214285714,0,0,0,0
484,OFF-AR-10000122,"Newell 314","Office Supplies",Art,2023-04-13,2026-12-09,7,7,7,118.296000,182,-11.439000,0.085714,0.6499780220,-9.6698113208,0,0,0,1
485,OFF-AR-10000127,"Newell 321","Office Supplies",Art,2023-04-05,2026-04-11,4,4,4,65.600000,22,7.708000,0.100000,2.9818181818,18.0769230769,0,0,1,0
486,OFF-AR-10000203,"Newell 336","Office Supplies",Art,2024-08-17,2026-11-20,4,4,4,68.480000,18,13.781600,0.100000,3.8044444444,20.1250000000,0,0,0,0
487,OFF-AR-10000246,"Newell 318","Office Supplies",Art,2025-12-09,2026-11-02,5,5,5,52.820000,23,14.400400,0.040000,2.7800000000,26.0000000000,1,0,0,0
488,OFF-AR-10000255,"Newell 328","Office Supplies",Art,2025-09-29,2026-11-16,3,3,3,75.920000,13,19.739200,0.000000,5.8400000000,26.0000000000,0,0,0,0
489,OFF-AR-10000315,"Dixon Ticonderoga Maple Cedar Pencil  #2","Office Supplies",Art,2025-01-25,2026-11-12,3,3,3,23.332000,8,4.912000,0.066667,2.9165000000,21.0526315789,0,0,0,0
490,OFF-AR-10000369,"Design Ebony Sketching Pencil","Office Supplies",Art,2024-10-31,2026-12-22,3,3,3,13.622000,11,2.307400,0.066667,1.2383636364,16.9387755102,0,0,0,0
491,OFF-AR-10000380,"Hunt PowerHouse Electric Pencil Sharpener  Blue","Office Supplies",Art,2023-09-08,2026-09-18,10,10,10,1466.028000,42,432.972000,0.060000,37.9800000000,29.2746113990,2,1,1,0
492,OFF-AR-10000390,"Newell Chalk Holder","Office Supplies",Art,2023-03-07,2026-11-23,7,7,7,83.426000,21,36.591800,0.057143,3.9726666667,43.8613861386,0,0,0,0
493,OFF-AR-10000411,"Boston 16701 Slimline Battery Pencil Sharpener","Office Supplies",Art,2023-09-17,2024-05-28,2,2,2,38.256000,6,19.128000,0.100000,12.7520000000,12.5000000000,1,0,0,0
494,OFF-AR-10000422,"Pencil and Crayon Sharpener","Office Supplies",Art,2026-04-11,2026-12-23,4,4,4,29.346000,16,3.766800,0.150000,1.8341250000,12.8358208955,0,0,0,0
495,OFF-AR-10000462,"Sanford Pocket Accent Highlighters","Office Supplies",Art,2025-05-09,2026-12-18,3,3,3,22.400000,14,9.632000,0.000000,1.6000000000,43.0000000000,0,0,0,0
496,OFF-AR-10000475,"Hunt BOSTON Vista Battery-Operated Pencil Sharpener  Black","Office Supplies",Art,2023-06-25,2025-12-09,4,4,4,83.952000,8,15.857600,0.150000,10.4940000000,18.8888888889,0,0,0,0
497,OFF-AR-10000538,"Boston Model 1800 Electric Pencil Sharpener  Gray","Office Supplies",Art,2024-06-28,2025-09-10,3,3,3,405.360000,15,67.560000,0.066667,27.0240000000,25.5319148936,0,0,1,0
498,OFF-AR-10000588,"Newell 345","Office Supplies",Art,2023-03-05,2026-08-13,9,9,9,476.160000,26,94.438400,0.066667,18.3138461538,19.8333333333,0,0,0,0
499,OFF-AR-10000614,"Barrel Sharpener","Office Supplies",Art,2024-04-17,2026-09-24,4,4,4,67.830000,19,17.635800,0.000000,3.5700000000,26.0000000000,0,0,0,0
500,OFF-AR-10000634,"Newell 320","Office Supplies",Art,2023-09-09,2026-10-23,7,7,7,81.320000,23,9.458800,0.171429,3.5356521739,11.6315789474,0,0,0,0
501,OFF-AR-10000657,"Binney & Smith inkTank Desk Highlighter  Chisel Tip  Yellow  12/Box","Office Supplies",Art,2023-04-18,2026-11-04,5,5,5,45.150000,22,13.459000,0.080000,2.0522727273,29.8095238095,0,0,0,0
502,OFF-AR-10000658,"Newell 324","Office Supplies",Art,2023-07-23,2026-09-02,7,7,7,254.100000,23,72.072000,0.028571,11.5500000000,28.0000000000,1,0,0,0
503,OFF-AR-10000716,"DIXON Ticonderoga Erasable Checking Pencils","Office Supplies",Art,2023-05-10,2026-12-04,7,7,7,94.860000,20,26.784000,0.114286,4.7430000000,28.2352941176,0,0,0,0
504,OFF-AR-10000799,"Col-Erase Pencils with Erasers","Office Supplies",Art,2026-03-13,2026-12-10,2,2,2,37.696000,7,5.289600,0.100000,5.3851428571,29.0000000000,0,0,1,0
505,OFF-AR-10000817,"Manco Dry-Lighter Erasable Highlighter","Office Supplies",Art,2024-09-10,2026-12-02,7,7,7,88.160000,30,27.968000,0.028571,2.9386666667,31.7241379310,0,0,0,0
506,OFF-AR-10000823,"Newell 307","Office Supplies",Art,2024-12-01,2026-12-15,3,3,3,19.292000,12,3.567200,0.066667,1.6076666667,18.4905660377,0,0,0,0
507,OFF-AR-10000896,"Newell 329","Office Supplies",Art,2023-08-04,2025-09-05,2,2,2,7.872000,8,4.854400,0.100000,2.6240000000,7.5000000000,1,0,0,0
508,OFF-AR-10000914,"Boston 16765 Mini Stand Up Battery Pencil Sharpener","Office Supplies",Art,2025-07-21,2026-09-19,4,4,4,102.608000,10,16.324000,0.100000,10.2608000000,15.9090909091,0,0,0,0
509,OFF-AR-10000937,"Dixon Ticonderoga Core-Lock Colored Pencils  48-Color Set","Office Supplies",Art,2023-10-10,2026-02-17,2,2,2,431.290000,13,52.632000,0.100000,33.1761538462,30.0000000000,0,0,1,0
510,OFF-AR-10000940,"Newell 343","Office Supplies",Art,2023-11-04,2026-12-02,11,11,8,131.124000,52,21.081000,0.109091,2.5216153846,18.3856619571,0,0,1,0
511,OFF-AR-10001022,"SANFORD Liquid Accent Tank-Style Highlighters","Office Supplies",Art,2023-10-21,2026-11-06,3,3,3,14.200000,5,4.402000,0.000000,2.8400000000,31.0000000000,0,0,0,0
512,OFF-AR-10001026,"Sanford Uni-Blazer View Highlighters  Chisel Tip  Yellow","Office Supplies",Art,2023-06-30,2026-11-20,3,3,3,30.800000,14,13.552000,0.000000,2.2000000000,44.0000000000,0,0,0,0
513,OFF-AR-10001044,"BOSTON Ranger #55 Pencil Sharpener  Black","Office Supplies",Art,2023-03-10,2026-11-30,9,9,9,618.562000,27,120.333700,0.088889,22.9097037037,19.4537815126,0,0,0,0
514,OFF-AR-10001118,"Binney & Smith Crayola Metallic Crayons  16-Color Pack","Office Supplies",Art,2024-05-14,2026-12-23,2,2,2,16.176000,5,-7.548800,0.100000,3.2352000000,-46.6666666667,0,0,0,1
515,OFF-AR-10001130,"Quartet Alpha White Chalk  12/Pack","Office Supplies",Art,2026-07-09,2026-10-03,2,2,2,8.840000,8,-41.083900,0.100000,1.7680000000,-500.0000000000,1,0,0,1
516,OFF-AR-10001149,"Sanford Colorific Colored Pencils  12/Box","Office Supplies",Art,2024-02-08,2026-09-04,5,5,5,35.712000,26,12.960000,0.040000,2.7470769231,26.6129032258,2,0,1,0
517,OFF-AR-10001149-1,"Avery Hi-Liter Comfort Grip Fluorescent Highlighter  Yellow Ink","Office Supplies",Art,2023-11-10,2024-12-10,2,2,2,7.800000,4,3.042000,0.000000,1.9500000000,39.0000000000,0,0,0,0
518,OFF-AR-10001166,"Staples in misc. colors","Office Supplies",Art,2024-04-27,2026-09-01,3,3,3,60.640000,8,23.649600,0.000000,7.5800000000,39.0000000000,0,0,0,0
519,OFF-AR-10001177,"Newell 349","Office Supplies",Art,2024-11-25,2026-11-19,3,3,3,29.520000,14,8.134400,0.066667,3.2800000000,29.0000000000,1,0,1,0
520,OFF-AR-10001216,"Newell 339","Office Supplies",Art,2025-07-23,2026-11-06,3,3,3,26.688000,10,6.116000,0.066667,2.6688000000,22.9166666667,0,0,0,0
521,OFF-AR-10001221,"Dixon Ticonderoga Erasable Colored Pencil Set  12-Color","Office Supplies",Art,2025-04-15,2026-04-11,2,2,2,75.348000,7,20.092800,0.100000,5.9800000000,26.6666666667,0,1,0,0
522,OFF-AR-10001227,"Newell 338","Office Supplies",Art,2025-11-10,2026-01-30,2,2,2,23.520000,8,6.350400,0.000000,2.9400000000,27.0000000000,0,0,0,0
523,OFF-AR-10001231,"Sanford EarthWrite Recycled Pencils  Medium Soft  #2","Office Supplies",Art,2023-03-30,2026-06-10,3,3,3,29.400000,14,8.232000,0.000000,2.1000000000,28.0000000000,0,0,0,0
524,OFF-AR-10001246,"Newell 317","Office Supplies",Art,2023-05-23,2026-12-21,7,7,7,79.968000,32,13.171200,0.114286,2.4990000000,16.4705882353,0,0,0,0
525,OFF-AR-10001315,"Newell 310","Office Supplies",Art,2023-11-15,2026-12-18,7,7,7,38.720000,25,7.480000,0.114286,1.5488000000,19.3181818182,0,0,0,0
526,OFF-AR-10001374,"BIC Brite Liner Highlighters  Chisel Tip","Office Supplies",Art,2023-03-04,2026-09-09,6,6,6,123.120000,21,30.585600,0.191667,5.8628571429,24.8421052632,0,0,0,0
527,OFF-AR-10001419,"Newell 325","Office Supplies",Art,2023-10-31,2026-12-22,6,6,6,128.030000,34,29.736000,0.100000,3.7655882353,23.2258064516,0,0,0,0
528,OFF-AR-10001427,"Newell 330","Office Supplies",Art,2023-03-07,2026-09-16,4,4,4,59.800000,11,9.328800,0.050000,5.4363636364,26.0000000000,0,0,1,0
529,OFF-AR-10001446,"Newell 309","Office Supplies",Art,2024-08-13,2026-12-02,5,5,5,196.350000,573,34.650000,0.120000,0.3426701571,17.6470588235,0,0,0,0
530,OFF-AR-10001468,"Sanford Prismacolor Professional Thick Lead Art Pencils  36-Color Set","Office Supplies",Art,2024-05-03,2026-04-14,3,3,3,209.664000,7,49.795200,0.200000,29.9520000000,23.7500000000,0,0,0,0
531,OFF-AR-10001473,"Newell 313","Office Supplies",Art,2023-09-17,2024-12-11,3,3,3,28.208000,7,2.656800,0.133333,2.6240000000,27.0000000000,0,1,2,0
532,OFF-AR-10001545,"Newell 326","Office Supplies",Art,2024-12-11,2026-04-04,6,6,6,36.608000,23,7.867200,0.066667,1.5916521739,21.4903846154,0,0,0,0
533,OFF-AR-10001547,"Newell 311","Office Supplies",Art,2024-05-28,2026-09-25,10,10,8,68.118000,32,16.911700,0.060000,2.2773333333,26.4553259383,1,1,1,0
534,OFF-AR-10001573,"American Pencil","Office Supplies",Art,2023-03-21,2026-11-27,6,6,6,48.930000,21,14.189700,0.000000,2.3300000000,29.0000000000,0,0,0,0
535,OFF-AR-10001615,"Newell 34","Office Supplies",Art,2023-09-21,2026-12-25,7,7,7,460.288000,25,93.248000,0.057143,18.4115200000,20.2586206897,0,0,0,0
536,OFF-AR-10001662,"Rogers Handheld Barrel Pencil Sharpener","Office Supplies",Art,2023-01-06,2026-12-02,7,7,7,75.624000,30,15.618000,0.057143,2.5208000000,20.6521739130,0,0,0,0
537,OFF-AR-10001683,"Lumber Crayons","Office Supplies",Art,2023-10-31,2026-04-20,6,6,6,171.390000,19,32.899000,0.133333,9.0205263158,29.2982456140,0,0,1,0
538,OFF-AR-10001725,"Boston Home & Office Model 2000 Electric Pencil Sharpeners","Office Supplies",Art,2023-04-06,2026-09-14,6,6,6,297.990000,13,67.639000,0.033333,22.9223076923,26.0000000000,0,0,1,0
539,OFF-AR-10001761,"Avery Hi-Liter Smear-Safe Highlighters","Office Supplies",Art,2024-03-16,2026-11-25,6,6,6,123.808000,24,34.105600,0.100000,5.1586666667,27.5471698113,0,0,0,0
540,OFF-AR-10001770,"Economy #2 Pencils","Office Supplies",Art,2023-03-11,2026-10-17,4,4,4,34.580000,13,8.990800,0.000000,2.6600000000,26.0000000000,0,0,0,0
541,OFF-AR-10001860,"BIC Liqua Brite Liner","Office Supplies",Art,2025-05-24,2026-12-09,6,6,6,156.844000,24,53.576800,0.066667,6.5351666667,32.0353982301,1,1,0,0
542,OFF-AR-10001868,"Prang Dustless Chalk Sticks","Office Supplies",Art,2023-04-18,2026-12-02,8,8,8,38.976000,24,18.816000,0.075000,1.6240000000,48.2758620690,0,0,0,0
543,OFF-AR-10001897,"Model L Table or Wall-Mount Pencil Sharpener","Office Supplies",Art,2023-05-06,2026-09-05,5,5,5,402.976000,24,92.108800,0.080000,16.7906666667,22.8571428571,0,0,0,0
544,OFF-AR-10001915,"Peel-Off China Markers","Office Supplies",Art,2023-03-30,2026-11-19,7,7,7,287.970000,31,109.428600,0.085714,9.2893548387,38.0000000000,0,0,0,0
545,OFF-AR-10001919,"OIC #2 Pencils  Medium Soft","Office Supplies",Art,2023-06-21,2026-09-02,7,7,7,30.832000,17,8.140400,0.057143,1.8136470588,26.4024390244,0,0,0,0
546,OFF-AR-10001940,"Sanford Colorific Eraseable Coloring Pencils  12 Count","Office Supplies",Art,2024-11-23,2026-09-04,4,4,4,45.920000,15,17.876000,0.050000,3.0613333333,38.9285714286,0,0,0,0
547,OFF-AR-10001953,"Boston 1645 Deluxe Heavier-Duty Electric Pencil Sharpener","Office Supplies",Art,2023-06-09,2026-08-12,7,7,7,1073.112000,27,206.266200,0.114286,39.7448888889,19.2213114754,0,0,0,0
548,OFF-AR-10001954,"Newell 331","Office Supplies",Art,2023-11-28,2026-06-15,4,4,4,75.306000,17,6.699300,0.187500,4.4297647059,14.5744680851,0,0,1,0
549,OFF-AR-10001955,"Newell 319","Office Supplies",Art,2023-04-04,2026-06-11,8,8,8,511.872000,28,41.664000,0.100000,18.2811428571,8.1395348837,0,0,0,1
550,OFF-AR-10001958,"Stanley Bostitch Contemporary Electric Pencil Sharpeners","Office Supplies",Art,2024-12-24,2026-12-28,7,7,7,275.076000,19,42.789600,0.142857,14.4776842105,15.5555555556,0,0,0,0
551,OFF-AR-10001972,"Newell 323","Office Supplies",Art,2024-09-19,2026-08-29,3,3,3,21.168000,14,3.763200,0.066667,1.5120000000,17.7777777778,0,0,0,0
552,OFF-AR-10001988,"Bulldog Table or Wall-Mount Pencil Sharpener","Office Supplies",Art,2026-05-21,2026-12-16,3,3,3,77.870000,13,8.685500,0.000000,5.9900000000,29.0000000000,0,0,2,0
553,OFF-AR-10002053,"Premium Writing Pencils  Soft  #2 by Central Association for the Blind","Office Supplies",Art,2023-07-22,2026-09-03,7,7,7,81.652000,29,19.429600,0.085714,2.8155862069,23.7956204380,0,0,0,0
554,OFF-AR-10002067,"Newell 334","Office Supplies",Art,2023-07-21,2026-09-29,6,6,6,531.712000,27,135.308800,0.033333,19.6930370370,25.4477611940,0,0,0,0
555,OFF-AR-10002135,"Boston Heavy-Duty Trimline Electric Pencil Sharpeners","Office Supplies",Art,2023-06-01,2026-06-24,5,5,5,1166.440000,25,310.890000,0.040000,46.6576000000,26.6528925620,0,0,0,0
556,OFF-AR-10002221,"12 Colored Short Pencils","Office Supplies",Art,2023-04-25,2026-11-10,3,3,3,18.200000,8,3.016000,0.133333,2.2750000000,16.5714285714,0,0,0,0
557,OFF-AR-10002240,"Panasonic KP-150 Electric Pencil Sharpener","Office Supplies",Art,2023-11-07,2025-10-21,4,4,4,573.648000,16,126.806400,0.050000,35.8530000000,22.1052631579,0,0,0,0
558,OFF-AR-10002255,"Newell 346","Office Supplies",Art,2024-08-16,2026-06-04,5,5,5,31.104000,11,8.611200,0.040000,2.8276363636,27.6851851852,0,0,0,0
559,OFF-AR-10002257,"Eldon Spacemaker Box  Quick-Snap Lid  Clear","Office Supplies",Art,2023-12-26,2026-10-20,6,6,6,50.768000,18,9.285200,0.166667,2.8204444444,18.2894736842,0,0,0,0
560,OFF-AR-10002280,"Staples in misc. colors","Office Supplies",Art,2026-04-30,2026-12-18,2,2,2,54.348000,9,22.321500,0.100000,6.0386666667,41.0714285714,0,0,0,0
561,OFF-AR-10002335,"DIXON Oriole Pencils","Office Supplies",Art,2023-06-09,2026-11-25,6,6,6,44.892000,19,8.617200,0.100000,2.3627368421,19.1954022989,0,0,0,0
562,OFF-AR-10002375,"Newell 351","Office Supplies",Art,2023-01-20,2026-06-10,7,7,7,82.656000,26,-31.553600,0.028571,3.1790769231,-38.1746031746,0,0,0,1
563,OFF-AR-10002399,"Dixon Prang Watercolor Pencils  10-Color Set with Brush","Office Supplies",Art,2023-01-06,2026-06-15,7,7,7,110.760000,27,42.898200,0.057143,4.1022222222,38.7307692308,0,0,0,0
564,OFF-AR-10002445,"SANFORD Major Accent Highlighters","Office Supplies",Art,2023-09-02,2026-09-19,7,7,7,209.568000,30,77.880000,0.028571,6.9856000000,37.1621621622,0,0,0,0
565,OFF-AR-10002467,"Dixon Ticonderoga Pencils","Office Supplies",Art,2024-04-05,2026-03-19,3,3,3,37.548000,13,9.267800,0.066667,2.8883076923,24.6825396825,0,0,0,0
566,OFF-AR-10002578,"Newell 335","Office Supplies",Art,2023-05-07,2026-12-18,7,7,4,69.480000,21,-13.349200,0.085714,4.9628571429,-27.4326101249,2,0,2,1
567,OFF-AR-10002656,"Sanford Liquid Accent Highlighters","Office Supplies",Art,2023-06-06,2026-07-29,5,5,5,149.632000,24,48.630400,0.080000,6.2346666667,32.5000000000,0,0,0,0
568,OFF-AR-10002671,"Hunt BOSTON Model 1606 High-Volume Electric Pencil Sharpener  Beige","Office Supplies",Art,2023-12-05,2023-12-05,1,1,1,1113.024000,8,111.302400,0.200000,139.1280000000,10.0000000000,0,0,0,0
569,OFF-AR-10002704,"Boston 1900 Electric Pencil Sharpener","Office Supplies",Art,2024-03-08,2024-03-08,1,1,1,14.980000,1,4.494000,0.000000,14.9800000000,30.0000000000,0,0,0,0
570,OFF-AR-10002766,"Prang Drawing Pencil Set","Office Supplies",Art,2023-06-23,2026-03-18,4,4,4,56.156000,22,11.509200,0.050000,2.5525454545,20.4950495050,0,0,0,0
571,OFF-AR-10002804,"Faber Castell Col-Erase Pencils","Office Supplies",Art,2023-08-22,2026-04-30,5,5,5,37.164000,87,14.083200,0.080000,0.4271724138,37.8947368421,0,0,0,0
572,OFF-AR-10002818,"Panasonic KP-310 Heavy-Duty Electric Pencil Sharpener","Office Supplies",Art,2026-10-15,2026-11-08,2,2,2,197.820000,9,26.376000,0.000000,21.9800000000,30.0000000000,0,0,1,0
573,OFF-AR-10002833,"Newell 322","Office Supplies",Art,2023-06-09,2026-07-29,6,6,6,25.116000,15,6.661200,0.066667,1.6744000000,20.6521739130,1,1,0,0
574,OFF-AR-10002952,"Stanley Contemporary Battery Pencil Sharpeners","Office Supplies",Art,2023-04-05,2024-12-06,4,4,4,146.850000,21,63.012000,0.050000,10.6800000000,14.9090909091,2,1,0,0
575,OFF-AR-10002956,"Boston 16801 Nautilus Battery Pencil Sharpener","Office Supplies",Art,2023-09-21,2026-10-19,6,6,6,444.602000,23,69.991800,0.100000,19.3305217391,15.7425742574,0,0,0,0
576,OFF-AR-10002987,"Prismacolor Color Pencil Set","Office Supplies",Art,2023-04-12,2026-12-14,7,7,7,436.480000,24,155.545600,0.085714,18.1866666667,35.6363636364,0,0,0,0
577,OFF-AR-10003045,"Prang Colored Pencils","Office Supplies",Art,2023-09-08,2026-10-27,7,7,7,90.552000,32,36.603000,0.057143,2.8297500000,43.8380281690,0,0,1,0
578,OFF-AR-10003056,"Newell 341","Office Supplies",Art,2023-06-21,2026-04-28,7,7,7,96.728000,23,26.835600,0.028571,4.2055652174,27.7433628319,0,0,0,0
579,OFF-AR-10003087,"Staples in misc. colors","Office Supplies",Art,2024-12-10,2026-03-25,3,3,3,17.800000,15,5.197600,0.066667,1.7800000000,28.0000000000,1,0,1,0
580,OFF-AR-10003156,"50 Colored Long Pencils","Office Supplies",Art,2023-11-11,2026-04-07,5,5,5,138.176000,14,32.918400,0.040000,9.8697142857,23.8235294118,0,0,0,0
581,OFF-AR-10003158,"Fluorescent Highlighters by Dixon","Office Supplies",Art,2023-07-12,2026-09-13,5,5,5,90.744000,26,22.447200,0.120000,3.4901538462,24.7368421053,0,0,0,0
582,OFF-AR-10003179,"Dixon Ticonderoga Core-Lock Colored Pencils","Office Supplies",Art,2023-01-27,2026-10-22,7,7,7,229.572000,28,58.668400,0.114286,8.1990000000,25.5555555556,0,0,0,0
583,OFF-AR-10003183,"Avery Fluorescent Highlighter Four-Color Set","Office Supplies",Art,2023-03-18,2026-12-18,12,12,8,92.184000,32,15.352000,0.145833,2.8807500000,17.9547155689,0,0,1,0
584,OFF-AR-10003190,"Newell 32","Office Supplies",Art,2023-07-22,2025-04-22,6,6,6,40.320000,17,11.980800,0.033333,2.8800000000,28.0000000000,1,0,0,0
585,OFF-AR-10003217,"Newell 316","Office Supplies",Art,2024-03-22,2025-05-03,2,2,2,19.560000,11,8.215200,0.100000,4.8900000000,28.0000000000,1,0,0,0
586,OFF-AR-10003251,"Prang Drawing Pencil Set","Office Supplies",Art,2023-07-09,2026-10-20,7,7,7,43.924000,254,15.568000,0.085714,0.1729291339,35.4430379747,0,0,0,0
587,OFF-AR-10003338,"Eberhard Faber 3 1/2" Golf Pencils","Office Supplies",Art,2023-03-25,2026-09-10,9,9,7,157.532000,23,20.334200,0.044444,6.8492173913,19.2828964837,0,0,2,0
588,OFF-AR-10003373,"Boston School Pro Electric Pencil Sharpener  1670","Office Supplies",Art,2023-12-28,2026-11-19,7,7,7,873.636000,32,149.943200,0.114286,27.3011250000,17.1631205674,0,0,0,0
589,OFF-AR-10003394,"Newell 332","Office Supplies",Art,2023-12-22,2026-11-21,5,5,5,67.032000,24,15.523200,0.040000,2.7930000000,23.1578947368,0,0,0,0
590,OFF-AR-10003405,"Dixon My First Ticonderoga Pencil  #2","Office Supplies",Art,2023-06-29,2026-05-30,4,4,4,95.940000,19,6.844500,0.150000,5.0494736842,11.2500000000,0,0,1,0
591,OFF-AR-10003469,"Nontoxic Chalk","Office Supplies",Art,2023-06-20,2026-11-02,8,8,8,38.720000,24,18.233600,0.075000,1.6133333333,43.2727272727,1,1,0,0
592,OFF-AR-10003477,"4009 Highlighters","Office Supplies",Art,2025-01-23,2025-01-23,1,1,1,8.040000,6,2.733600,0.000000,1.3400000000,34.0000000000,0,0,0,0
593,OFF-AR-10003478,"Avery Hi-Liter EverBold Pen Style Fluorescent Highlighters  4/Pack","Office Supplies",Art,2023-01-05,2026-10-02,6,6,6,219.780000,31,68.376000,0.100000,7.0896774194,31.1111111111,0,0,0,0
594,OFF-AR-10003481,"Newell 348","Office Supplies",Art,2023-07-20,2026-05-11,6,6,6,65.600000,24,9.708800,0.166667,2.7333333333,14.8000000000,0,0,0,0
595,OFF-AR-10003504,"Newell 347","Office Supplies",Art,2023-04-26,2026-11-26,7,7,7,127.544000,32,30.302400,0.085714,3.9857500000,23.7583892617,0,0,0,0
596,OFF-AR-10003514,"4009 Highlighters by Sanford","Office Supplies",Art,2023-01-13,2026-10-30,8,8,8,171.140000,44,53.809600,0.050000,3.8895454545,31.4418604651,0,0,0,0
597,OFF-AR-10003560,"Zebra Zazzle Fluorescent Highlighters","Office Supplies",Art,2023-02-27,2026-08-25,6,6,6,100.928000,20,20.672000,0.166667,5.0464000000,20.4819277108,0,0,0,0
598,OFF-AR-10003582,"Boston Electric Pencil Sharpener  Model 1818  Charcoal Black","Office Supplies",Art,2023-11-11,2026-11-14,8,8,8,523.590000,20,118.230000,0.075000,26.1795000000,22.5806451613,0,0,0,0
599,OFF-AR-10003602,"Quartet Omega Colored Chalk  12/Pack","Office Supplies",Art,2024-08-21,2026-09-09,7,7,7,80.592000,15,29.433600,0.085714,5.3728000000,44.2105263158,0,0,2,0
600,OFF-AR-10003631,"Staples in misc. colors","Office Supplies",Art,2023-02-17,2026-01-20,4,4,4,123.904000,30,21.586400,0.100000,4.1301333333,23.2291666667,0,0,1,0
601,OFF-AR-10003651,"Newell 350","Office Supplies",Art,2023-05-05,2026-10-31,6,6,6,62.320000,20,15.744000,0.125000,3.1160000000,25.2631578947,0,0,0,0
602,OFF-AR-10003696,"Panasonic KP-350BK Electric Pencil Sharpener with Auto Stop","Office Supplies",Art,2024-03-01,2026-12-29,5,5,4,230.836000,13,72.082400,0.120000,13.5006153846,26.8823753661,1,2,0,0
603,OFF-AR-10003723,"Avery Hi-Liter Fluorescent Desk Style Markers","Office Supplies",Art,2023-03-14,2026-12-04,6,6,2,94.040000,25,-54.106800,0.000000,4.7020000000,-64.1852403233,1,0,0,1
604,OFF-AR-10003727,"Berol Giant Pencil Sharpener","Office Supplies",Art,2025-03-04,2026-10-02,4,4,4,237.860000,16,49.780700,0.100000,14.8662500000,18.8571428571,1,1,0,0
605,OFF-AR-10003732,"Newell 333","Office Supplies",Art,2023-03-17,2026-09-25,11,11,11,82.288000,189,18.514800,0.054545,0.4353862434,22.5000000000,1,1,1,0
606,OFF-AR-10003752,"Deluxe Chalkboard Eraser Cleaner","Office Supplies",Art,2023-06-09,2026-03-18,5,5,5,182.490000,17,70.455000,0.080000,10.7347058824,42.9577464789,0,0,1,0
607,OFF-AR-10003759,"Crayola Anti Dust Chalk  12/Pack","Office Supplies",Art,2024-11-21,2026-11-24,7,7,7,59.696000,35,4.823000,0.085714,1.7056000000,8.0792682927,0,0,0,1
608,OFF-AR-10003770,"Newell 340","Office Supplies",Art,2023-08-26,2025-11-19,2,2,2,25.920000,9,7.516800,0.000000,2.8800000000,29.0000000000,0,0,0,0
609,OFF-AR-10003772,"Boston 16750 Black Compact Battery Pencil Sharpener","Office Supplies",Art,2023-06-16,2025-11-03,2,2,2,NULL,5,13.125000,0.000000,NULL,NULL,2,0,0,0
610,OFF-AR-10003811,"Newell 327","Office Supplies",Art,2023-01-20,2026-12-21,4,4,4,39.780000,18,10.740600,0.000000,2.2100000000,27.0000000000,0,0,0,0
611,OFF-AR-10003829,"Newell 35","Office Supplies",Art,2023-03-17,2026-09-09,9,9,9,72.160000,30,21.516800,0.066667,3.2800000000,29.0000000000,3,0,2,0
612,OFF-AR-10003856,"Newell 344","Office Supplies",Art,2024-03-16,2026-12-03,6,6,6,45.592000,18,8.562400,0.066667,2.5328888889,18.7804878049,0,0,0,0
613,OFF-AR-10003876,"Avery Hi-Liter GlideStik Fluorescent Highlighter  Yellow Ink","Office Supplies",Art,2023-09-22,2026-11-19,2,2,2,26.080000,9,9.649600,0.100000,2.8977777778,37.0000000000,0,0,0,0
614,OFF-AR-10003896,"Stride Job 150 Highlighters  Chisel Tip  Assorted Colors","Office Supplies",Art,2026-09-22,2026-09-22,1,1,1,17.940000,3,6.458400,0.000000,5.9800000000,36.0000000000,0,0,0,0
615,OFF-AR-10003903,"Sanford 52201 APSCO Electric Pencil Sharpener","Office Supplies",Art,2023-08-11,2026-12-02,4,4,4,565.386000,14,140.936800,0.050000,40.3847142857,24.9275362319,0,0,0,0
616,OFF-AR-10003958,"Newell 337","Office Supplies",Art,2025-01-05,2026-03-10,2,2,2,10.496000,4,1.180800,0.200000,2.6240000000,11.2500000000,0,0,0,0
617,OFF-AR-10003986,"Avery Hi-Liter Pen Style Six-Color Fluorescent Set","Office Supplies",Art,2025-07-02,2025-07-02,1,1,1,7.700000,2,3.157000,0.000000,3.8500000000,41.0000000000,0,0,0,0
618,OFF-AR-10004010,"Hunt Boston Vacuum Mount KS Pencil Sharpener","Office Supplies",Art,2023-04-30,2026-11-03,5,5,5,671.808000,20,153.956000,0.080000,33.5904000000,22.9166666667,0,0,0,0
619,OFF-AR-10004022,"Panasonic KP-380BK Classic Electric Pencil Sharpener","Office Supplies",Art,2024-05-01,2026-12-02,6,6,6,705.208000,22,111.538000,0.100000,32.0549090909,15.8163265306,0,0,0,0
620,OFF-AR-10004027,"Binney & Smith inkTank Erasable Desk Highlighter  Chisel Tip  Yellow  12/Box","Office Supplies",Art,2023-03-21,2026-07-08,3,3,3,17.640000,8,5.745600,0.133333,2.2050000000,32.5714285714,0,0,0,0
621,OFF-AR-10004042,"BOSTON Model 1800 Electric Pencil Sharpeners  Putty/Woodgrain","Office Supplies",Art,2023-09-01,2026-07-14,6,6,6,496.248000,30,103.564800,0.066667,16.5416000000,25.2631578947,0,0,1,0
622,OFF-AR-10004062,"Staples in misc. colors","Office Supplies",Art,2024-06-25,2026-08-07,3,3,3,157.200000,15,39.300000,0.000000,10.4800000000,25.0000000000,0,0,0,0
623,OFF-AR-10004078,"Newell 312","Office Supplies",Art,2023-01-09,2026-08-12,11,11,11,234.768000,49,34.456000,0.163636,4.7911836735,14.6766169154,0,0,0,0
624,OFF-AR-10004165,"Binney & Smith inkTank Erasable Pocket Highlighter  Chisel Tip  Yellow","Office Supplies",Art,2023-08-05,2025-08-26,3,3,3,25.992000,12,10.670400,0.066667,2.1660000000,41.0526315789,0,0,0,0
625,OFF-AR-10004260,"Boston 1799 Powerhouse Electric Pencil Sharpener","Office Supplies",Art,2026-06-13,2026-11-11,3,3,3,389.700000,15,7.274400,0.000000,25.9800000000,28.0000000000,0,0,2,0
626,OFF-AR-10004269,"Newell 31","Office Supplies",Art,2023-12-20,2025-12-30,5,5,5,94.990000,24,23.623600,0.040000,3.9579166667,24.8695652174,0,0,0,0
627,OFF-AR-10004272,"Newell 308","Office Supplies",Art,2023-03-26,2024-10-31,2,2,2,8.400000,5,0.840000,0.000000,1.6800000000,25.0000000000,0,0,1,0
628,OFF-AR-10004344,"Bulldog Vacuum Base Pencil Sharpener","Office Supplies",Art,2023-08-12,2026-12-02,6,6,6,330.924000,31,51.197300,0.100000,10.6749677419,21.7857142857,0,0,2,0
629,OFF-AR-10004441,"BIC Brite Liner Highlighters","Office Supplies",Art,2023-09-08,2026-12-27,7,7,7,86.112000,23,30.884400,0.085714,3.7440000000,35.8653846154,0,0,0,0
630,OFF-AR-10004456,"Panasonic KP-4ABK Battery-Operated Pencil Sharpener","Office Supplies",Art,2023-01-20,2026-05-11,4,4,4,234.240000,16,67.929600,0.000000,14.6400000000,29.0000000000,0,0,0,0
631,OFF-AR-10004511,"Sanford Colorific Scented Colored Pencils  12/Pack","Office Supplies",Art,2023-05-20,2023-06-02,2,2,2,47.080000,11,14.594800,0.000000,4.2800000000,31.0000000000,0,0,0,0
632,OFF-AR-10004582,"BIC Brite Liner Grip Highlighters","Office Supplies",Art,2023-06-30,2026-11-28,5,5,5,24.272000,17,6.068000,0.080000,1.4277647059,40.2173913043,0,0,1,0
633,OFF-AR-10004587,"Boston 1827 Commercial Additional Cutter  Drive Gear & Gear Rack for 1606","Office Supplies",Art,2023-08-08,2026-08-08,6,6,2,185.078000,9,43.879200,0.125000,19.8300000000,30.1745313510,0,1,1,0
634,OFF-AR-10004602,"Boston KS Multi-Size Manual Pencil Sharpener","Office Supplies",Art,2023-08-05,2026-11-20,7,7,7,533.368000,16,-366.000800,0.057143,22.9900000000,-68.6206896552,0,2,0,1
635,OFF-AR-10004648,"Boston 19500 Mighty Mite Electric Pencil Sharpener","Office Supplies",Art,2024-09-11,2026-01-30,4,4,4,161.200000,8,92.488500,0.000000,20.1500000000,27.0000000000,1,1,0,0
636,OFF-AR-10004685,"Binney & Smith Crayola Metallic Colored Pencils  8-Color Set","Office Supplies",Art,2023-03-21,2026-11-02,7,7,7,46.300000,14,17.686600,0.057143,4.6300000000,33.0000000000,3,1,1,0
637,OFF-AR-10004691,"Boston 1730 StandUp Electric Pencil Sharpener","Office Supplies",Art,2024-01-09,2026-06-12,3,3,3,171.040000,8,44.470400,0.000000,21.3800000000,26.0000000000,0,0,0,0
638,OFF-AR-10004707,"Staples in misc. colors","Office Supplies",Art,2023-11-25,2026-12-28,2,2,2,9.920000,4,3.472000,0.000000,2.4800000000,35.0000000000,0,0,0,0
639,OFF-AR-10004752,"Blackstonian Pencils","Office Supplies",Art,2023-04-28,2026-05-06,4,4,4,49.128000,19,12.602400,0.050000,2.5856842105,25.6521739130,0,0,0,0
640,OFF-AR-10004757,"Crayola Colored Pencils","Office Supplies",Art,2023-04-05,2026-12-09,11,11,11,120.704000,40,32.800000,0.109091,3.0176000000,27.1739130435,0,0,0,0
641,OFF-AR-10004790,"Staples in misc. colors","Office Supplies",Art,2026-10-06,2026-11-20,2,2,2,47.880000,5,2.992500,0.200000,9.5760000000,6.2500000000,0,0,0,0
642,OFF-AR-10004817,"Colorific Watercolor Pencils","Office Supplies",Art,2024-07-04,2026-10-03,3,3,3,51.600000,11,11.300400,0.066667,4.6909090909,21.9000000000,0,0,0,0
643,OFF-AR-10004930,"Turquoise Lead Holder with Pocket Clip","Office Supplies",Art,2023-08-19,2025-09-17,3,3,3,37.520000,6,10.586000,0.066667,6.2533333333,28.2142857143,0,0,0,0
644,OFF-AR-10004956,"Newell 33","Office Supplies",Art,2025-03-21,2026-10-21,3,3,3,47.988000,10,8.370000,0.316667,4.7988000000,17.4418604651,0,0,0,0
645,OFF-AR-10004974,"Newell 342","Office Supplies",Art,2025-04-01,2025-04-01,1,1,1,9.840000,3,2.853600,0.000000,3.2800000000,29.0000000000,0,0,0,0
646,OFF-AR-10004999,"Newell 315","Office Supplies",Art,2023-07-14,2025-11-10,6,6,6,145.912000,25,33.787000,0.033333,5.8364800000,23.1557377049,0,0,0,0
647,OFF-BI-10000014,"Heavy-Duty E-Z-D Binders","Office Supplies",Binders,2024-09-13,2026-12-10,8,8,8,176.742000,29,9.055300,0.500000,6.0945517241,5.1234567901,0,0,0,5
648,OFF-BI-10000042,"Pressboard Data Binder  Crimson  12" X 8 1/2"","Office Supplies",Binders,2023-04-01,2025-07-17,3,3,3,33.108000,9,7.155600,0.366667,3.6786666667,21.6129032258,0,0,0,1
649,OFF-BI-10000050,"Angle-D Binders with Locking Rings  Label Holders","Office Supplies",Binders,2023-09-07,2026-12-11,10,10,10,181.770000,42,35.332000,0.330000,5.8635483871,34.0160642570,2,0,0,3
650,OFF-BI-10000069,"GBC Prepunched Paper  19-Hole  for Binding Systems  24-lb","Office Supplies",Binders,2023-06-21,2026-11-20,8,7,7,433.789000,38,-321.814400,0.337500,11.4155000000,-74.1868512111,0,0,0,4
651,OFF-BI-10000088,"GBC Imprintable Covers","Office Supplies",Binders,2024-03-19,2026-12-09,8,8,8,241.560000,36,39.967200,0.362500,6.7100000000,16.5454545455,0,0,0,3
652,OFF-BI-10000136,"Avery Non-Stick Heavy Duty View Round Locking Ring Binders","Office Supplies",Binders,2023-03-17,2023-10-16,3,3,3,68.172000,12,25.833600,0.066667,5.6810000000,48.0000000000,0,0,1,0
653,OFF-BI-10000138,"Acco Translucent Poly Ring Binders","Office Supplies",Binders,2023-08-12,2026-09-02,8,8,8,88.920000,663,16.286400,0.312500,0.1347272727,23.3684210526,1,0,0,2
654,OFF-BI-10000145,"Zipper Ring Binder Pockets","Office Supplies",Binders,2023-04-01,2026-12-05,13,13,13,81.744000,44,11.731200,0.376923,1.8578181818,14.3511450382,0,0,0,6
655,OFF-BI-10000174,"Wilson Jones Clip & Carry Folder Binder Tool for Ring Binders  Clear","Office Supplies",Binders,2023-06-29,2026-12-14,9,9,9,173.420000,43,50.228000,0.288889,4.0330232558,25.2173913043,1,1,0,2
656,OFF-BI-10000201,"Avery Triangle Shaped Sheet Lifters  Black  2/Pack","Office Supplies",Binders,2023-11-07,2026-12-24,6,6,6,23.616000,22,-4.920000,0.616667,1.0734545455,-14.5833333333,1,1,0,5
657,OFF-BI-10000216,"Mead 1st Gear 2" Zipper Binder  Asst. Colors","Office Supplies",Binders,2026-08-07,2026-11-24,3,3,3,54.474000,6,-3.891000,0.533333,3.8910000000,-7.1428571429,0,1,0,2
658,OFF-BI-10000279,"Acco Recycled 2" Capacity Laser Printer Hanging Data Binders","Office Supplies",Binders,2025-05-17,2026-12-09,4,4,4,85.255000,10,8.670000,0.475000,8.5255000000,10.1694915254,0,0,0,2
659,OFF-BI-10000285,"XtraLife ClearVue Slant-D Ring Binders by Cardinal","Office Supplies",Binders,2024-03-22,2026-04-23,5,5,5,29.008000,22,7.840000,0.500000,1.8130000000,-84.2105263158,2,0,1,2
660,OFF-BI-10000301,"GBC Instant Report Kit","Office Supplies",Binders,2023-09-23,2026-10-21,13,13,13,164.985000,50,-2.588000,0.492308,3.2997000000,-1.7316017316,0,0,1,8
661,OFF-BI-10000309,"GBC Twin Loop Wire Binding Elements  9/16" Spine  Black","Office Supplies",Binders,2023-03-17,2026-10-14,9,9,9,269.394000,35,-2.283000,0.388889,7.6969714286,-0.8474576271,0,0,0,4
662,OFF-BI-10000315,"Poly Designer Cover & Back","Office Supplies",Binders,2023-12-10,2026-05-18,7,7,7,448.164000,35,106.344000,0.371429,13.1812941176,25.0847457627,1,0,0,3
663,OFF-BI-10000320,"GBC Plastic Binding Combs","Office Supplies",Binders,2023-02-23,2026-12-17,10,10,10,172.692000,30,59.778000,0.260000,5.7564000000,34.6153846154,0,0,0,2
664,OFF-BI-10000343,"Pressboard Covers with Storage Hooks  9 1/2" x 11"  Light Blue","Office Supplies",Binders,2023-01-28,2026-09-20,12,12,12,102.619000,44,-6.235700,0.450000,2.3322500000,-6.5463917526,0,0,2,4
665,OFF-BI-10000404,"Avery Printable Repositionable Plastic Tabs","Office Supplies",Binders,2024-10-19,2026-11-19,6,6,6,113.520000,16,42.312000,0.233333,7.5680000000,39.7727272727,1,0,0,1
666,OFF-BI-10000474,"Avery Recycled Flexi-View Covers for Binding Systems","Office Supplies",Binders,2023-09-07,2026-11-05,7,7,7,197.169000,32,-84.959000,0.528571,6.1615312500,-51.4563106796,0,0,1,5
667,OFF-BI-10000494,"Acco Economy Flexible Poly Round Ring Binder","Office Supplies",Binders,2023-07-21,2026-12-26,4,4,4,7.308000,4,-3.132000,0.600000,2.4360000000,31.2500000000,2,1,1,2
668,OFF-BI-10000545,"GBC Ibimaster 500 Manual ProClick Binding System","Office Supplies",Binders,2024-06-22,2026-01-12,9,9,9,19024.500000,48,760.980000,0.522222,396.3437500000,4.0000000000,0,0,0,6
669,OFF-BI-10000546,"Avery Durable Binders","Office Supplies",Binders,2023-07-01,2026-11-24,12,12,12,75.744000,50,9.648000,0.333333,1.6832000000,12.7376425856,1,0,1,5
670,OFF-BI-10000591,"Avery Binder Labels","Office Supplies",Binders,2023-12-16,2026-05-30,4,4,4,24.896000,8,9.880600,0.225000,3.5565714286,43.1250000000,1,0,0,1
671,OFF-BI-10000605,"Acco Pressboard Covers with Storage Hooks  9 1/2" x 11"  Executive Red","Office Supplies",Binders,2023-01-20,2026-12-17,9,9,9,79.248000,343,34.899600,0.155556,0.2330823529,38.8461538462,2,1,0,0
672,OFF-BI-10000632,"Satellite Sectional Post Binders","Office Supplies",Binders,2023-08-19,2026-12-25,11,11,11,1219.821000,38,329.047800,0.372727,32.1005526316,26.9750889680,0,0,0,4
673,OFF-BI-10000666,"Surelock Post Binders","Office Supplies",Binders,2023-02-02,2026-11-12,8,8,8,653.984000,29,210.864000,0.262500,22.5511724138,32.2429906542,0,0,0,2
674,OFF-BI-10000756,"Storex DuraTech Recycled Plastic Frosted Binders","Office Supplies",Binders,2023-06-20,2026-11-07,8,8,8,55.968000,30,11.448000,0.500000,1.8656000000,-13.6363636364,1,1,0,5
675,OFF-BI-10000773,"Insertable Tab Post Binder Dividers","Office Supplies",Binders,2023-03-15,2026-09-22,8,8,8,66.566000,25,-21.172800,0.575000,2.6626400000,-38.2608695652,0,0,1,5
676,OFF-BI-10000778,"GBC VeloBinder Electric Binding Machine","Office Supplies",Binders,2024-09-26,2026-10-13,4,4,4,496.018000,15,-411.332000,0.725000,33.0678666667,-82.9268292683,0,0,0,4
677,OFF-BI-10000822,"Acco PRESSTEX Data Binder with Storage Hooks  Light Blue  9 1/2" X 11"","Office Supplies",Binders,2023-09-08,2026-09-23,5,5,5,67.250000,17,19.690800,0.260000,3.9558823529,29.2800000000,0,0,0,1
678,OFF-BI-10000829,"Avery Non-Stick Binders","Office Supplies",Binders,2023-05-23,2026-09-17,7,7,7,141.884000,430,57.023000,0.192857,0.3299627907,40.1898734177,0,0,0,0
679,OFF-BI-10000831,"Storex Flexible Poly Binders with Double Pockets","Office Supplies",Binders,2025-04-09,2026-10-22,3,3,3,10.824000,9,-2.534400,0.466667,1.2026666667,-80.0000000000,0,0,2,1
680,OFF-BI-10000848,"Angle-D Ring Binders","Office Supplies",Binders,2023-05-23,2026-12-22,6,6,6,13.128000,14,-6.235800,0.533333,1.6410000000,-80.0000000000,2,0,1,4
681,OFF-BI-10000948,"GBC Laser Imprintable Binding System Covers  Desert Sand","Office Supplies",Binders,2023-09-07,2025-12-19,6,6,6,104.171000,17,-4.709100,0.350000,7.4407857143,-69.6000000000,1,0,2,2
682,OFF-BI-10000962,"Acco Flexible ACCOHIDE Square Ring Data Binder  Dark Blue  11 1/2" X 14" 7/8"","Office Supplies",Binders,2023-11-04,2026-10-23,10,10,10,410.004000,36,111.286800,0.290000,11.3890000000,27.1428571429,0,0,0,3
683,OFF-BI-10000977,"Ibico Plastic Spiral Binding Combs","Office Supplies",Binders,2023-05-21,2026-11-11,13,13,13,1100.480000,47,328.928000,0.330769,23.4144680851,29.8895027624,0,0,0,5
684,OFF-BI-10001031,"Pressboard Data Binders by Wilson Jones","Office Supplies",Binders,2023-02-15,2026-10-09,8,8,8,99.324000,27,22.908600,0.325000,3.6786666667,23.0645161290,0,0,0,2
685,OFF-BI-10001036,"Cardinal EasyOpen D-Ring Binders","Office Supplies",Binders,2023-11-04,2026-11-10,8,8,8,209.306000,40,-61.238000,0.250000,5.2326500000,-32.2115384615,0,0,1,2
686,OFF-BI-10001071,"GBC ProClick Punch Binding System","Office Supplies",Binders,2023-05-21,2026-07-30,9,9,7,1634.572000,27,748.517200,0.188889,51.5961739130,42.1294683998,2,2,1,2
687,OFF-BI-10001072,"GBC Clear Cover  8-1/2 x 11  unpunched  25 covers per pack","Office Supplies",Binders,2023-06-01,2026-01-29,4,4,4,136.440000,15,-14.250400,0.375000,9.0960000000,-18.8000000000,0,0,1,2
688,OFF-BI-10001078,"Acco PRESSTEX Data Binder with Storage Hooks  Dark Blue  14 7/8" X 11"","Office Supplies",Binders,2023-05-07,2026-10-14,10,10,7,231.668000,49,91.042000,0.150000,4.7279183673,39.2984788577,0,0,0,1
689,OFF-BI-10001097,"Avery Hole Reinforcements","Office Supplies",Binders,2023-03-31,2026-12-10,9,9,9,116.501000,32,14.827400,0.411111,3.6406562500,12.7272727273,0,0,0,4
690,OFF-BI-10001098,"Acco D-Ring Binder w/DublLock","Office Supplies",Binders,2023-07-14,2026-08-18,9,9,9,235.180000,31,-102.837800,0.622222,7.5864516129,-43.7272727273,0,0,0,7
691,OFF-BI-10001107,"GBC White Gloss Covers  Plain Front","Office Supplies",Binders,2023-11-18,2026-10-01,7,7,7,269.328000,31,-23.023200,0.500000,8.6880000000,-15.0000000000,0,0,1,4
692,OFF-BI-10001116,"Wilson Jones 1" Hanging DublLock Ring Binders","Office Supplies",Binders,2023-06-21,2026-12-25,10,10,10,117.744000,46,-8.553600,0.485000,2.5596521739,-7.2645739910,0,0,0,6
693,OFF-BI-10001120,"Ibico EPK-21 Electric Binding System","Office Supplies",Binders,2023-09-23,2026-12-07,3,3,3,15875.916000,13,-20978.889000,0.516667,1221.2243076923,-132.1428571429,0,0,0,2
694,OFF-BI-10001132,"Acco PRESSTEX Data Binder with Storage Hooks  Dark Blue  9 1/2" X 11"","Office Supplies",Binders,2023-12-08,2026-09-19,4,4,4,62.946000,23,-0.161400,0.550000,2.7367826087,-0.2564102564,0,0,0,3
695,OFF-BI-10001153,"Ibico Recycled Grain-Textured Covers","Office Supplies",Binders,2024-12-14,2026-03-31,4,4,4,141.614000,8,3.454000,0.400000,17.7017500000,2.4390243902,0,0,0,2
696,OFF-BI-10001191,"Canvas Sectional Post Binders","Office Supplies",Binders,2023-12-19,2026-11-21,6,6,6,422.636000,28,59.067200,0.333333,15.0941428571,13.9759036145,0,0,0,2
697,OFF-BI-10001196,"Avery Flip-Chart Easel Binder  Black","Office Supplies",Binders,2023-02-06,2026-11-27,4,4,4,230.514000,17,52.593000,0.425000,15.3676000000,22.8155339806,1,0,1,1
698,OFF-BI-10001249,"Avery Heavy-Duty EZD View Binder with Locking Rings","Office Supplies",Binders,2023-05-19,2025-09-24,10,10,10,151.844000,38,29.730800,0.350000,3.9958947368,13.7815126050,1,1,0,4
699,OFF-BI-10001267,"Universal Recycled Hanging Pressboard Report Binders  Letter Size","Office Supplies",Binders,2023-11-11,2026-05-18,5,5,5,62.934000,573,18.139800,0.480000,0.1102171629,29.3827160494,1,0,1,2
700,OFF-BI-10001294,"Fellowes Binding Cases","Office Supplies",Binders,2023-05-04,2026-06-17,5,5,5,271.440000,31,71.955000,0.280000,8.7561290323,26.5086206897,0,0,0,1
701,OFF-BI-10001308,"GBC Standard Plastic Binding Systems' Combs","Office Supplies",Binders,2023-09-20,2026-11-04,12,12,8,246.132000,50,64.766400,0.300000,4.9226400000,26.3136853396,0,0,0,4
702,OFF-BI-10001359,"GBC DocuBind TL300 Electric Binding System","Office Supplies",Binders,2023-08-20,2026-10-03,11,11,11,13365.151000,31,1506.943200,0.300000,477.3268214286,0.4026845638,2,1,1,4
703,OFF-BI-10001460,"Plastic Binding Combs","Office Supplies",Binders,2023-10-21,2026-09-19,5,5,5,251.490000,23,98.929500,0.260000,13.2363157895,39.3373493976,1,0,1,0
704,OFF-BI-10001510,"Deluxe Heavy-Duty Vinyl Round Ring Binder","Office Supplies",Binders,2024-09-01,2026-12-19,7,7,7,504.240000,33,88.242000,0.328571,15.2800000000,17.5000000000,0,0,0,2
705,OFF-BI-10001524,"GBC Premium Transparent Covers with Diagonal Lined Pattern","Office Supplies",Binders,2023-07-26,2026-12-20,14,14,14,780.456000,67,49.512800,0.400000,11.6485970149,6.3440860215,0,0,0,5
706,OFF-BI-10001525,"Acco Pressboard Covers with Storage Hooks  14 7/8" x 11"  Executive Red","Office Supplies",Binders,2023-04-26,2026-06-11,8,8,8,63.627000,37,-13.906500,0.562500,1.7196486486,-21.8562874251,0,0,0,6
707,OFF-BI-10001543,"GBC VeloBinder Manual Binding System","Office Supplies",Binders,2023-03-15,2026-12-05,8,8,8,842.166000,30,280.722000,0.275000,28.0722000000,33.3333333333,0,0,0,2
708,OFF-BI-10001553,"SpineVue Locking Slant-D Ring Binders by Cardinal","Office Supplies",Binders,2023-06-22,2026-12-03,8,8,8,110.594000,22,6.032400,0.387500,5.0270000000,5.4545454545,0,0,0,3
709,OFF-BI-10001575,"GBC Linen Binding Covers","Office Supplies",Binders,2023-01-16,2026-04-30,6,6,6,179.684000,15,-99.755600,0.550000,11.9789333333,-60.9523809524,1,1,1,4
710,OFF-BI-10001597,"Wilson Jones Ledger-Size  Piano-Hinge Binder  2"  Blue","Office Supplies",Binders,2023-03-21,2026-12-25,14,14,12,1266.282000,50,-323.270200,0.385714,25.3256400000,-25.5290843588,0,0,0,7
711,OFF-BI-10001617,"GBC Wire Binding Combs","Office Supplies",Binders,2023-03-05,2026-12-17,7,7,7,184.052000,26,41.566800,0.371429,7.0789230769,22.5842696629,0,0,0,2
712,OFF-BI-10001628,"Acco Data Flex Cable Posts For Top & Bottom Load Binders  6" Capacity","Office Supplies",Binders,2023-04-28,2026-12-16,10,10,10,281.610000,39,64.144500,0.290000,7.6110810811,24.6296296296,1,0,0,2
713,OFF-BI-10001634,"Wilson Jones Active Use Binders","Office Supplies",Binders,2023-11-16,2026-09-04,8,8,6,176.180000,34,138.890200,0.337500,5.1817647059,78.8342604155,0,0,0,3
714,OFF-BI-10001636,"Ibico Plastic and Wire Spiral Binding Combs","Office Supplies",Binders,2023-03-31,2026-12-09,9,9,9,201.477000,41,-50.242800,0.394444,5.4453243243,-19.2468619247,1,0,0,4
715,OFF-BI-10001658,"GBC Standard Therm-A-Bind Covers","Office Supplies",Binders,2023-06-02,2026-11-23,12,12,11,466.004000,34,8.472800,0.483333,13.7060000000,1.8181818182,0,0,0,7
716,OFF-BI-10001670,"Vinyl Sectional Post Binders","Office Supplies",Binders,2023-07-05,2026-12-24,11,11,11,901.030000,40,147.030000,0.418182,22.5257500000,16.3179916318,0,0,0,5
717,OFF-BI-10001679,"GBC Instant Index System for Binding Systems","Office Supplies",Binders,2023-07-26,2026-12-24,5,5,5,50.616000,19,-12.432000,0.480000,3.1635000000,-40.3508771930,1,0,0,3
718,OFF-BI-10001718,"GBC DocuBind P50 Personal Binding Machine","Office Supplies",Binders,2023-08-08,2026-12-25,14,14,10,3190.232000,72,1211.750800,0.257143,52.2988852459,32.0268306506,1,0,0,4
719,OFF-BI-10001721,"Trimflex Flexible Post Binders","Office Supplies",Binders,2023-09-14,2026-06-17,4,4,4,346.356000,21,112.886400,0.300000,16.4931428571,32.5925925926,0,0,0,1
720,OFF-BI-10001757,"Pressboard Hanging Data Binders for Unburst Sheets","Office Supplies",Binders,2023-11-18,2026-09-04,10,10,10,92.004000,45,-14.268000,0.440000,2.5556666667,-0.1069518717,2,1,1,5
721,OFF-BI-10001758,"Wilson Jones 14 Line Acrylic Coated Pressboard Data Binders","Office Supplies",Binders,2023-01-26,2024-11-20,4,4,4,100.392000,23,42.666600,0.175000,4.3648695652,47.0000000000,0,0,1,0
722,OFF-BI-10001759,"Acco Pressboard Covers with Storage Hooks  14 7/8" x 11"  Dark Blue","Office Supplies",Binders,2023-07-19,2026-12-01,5,5,5,59.817000,24,13.182600,0.300000,2.4923750000,22.0382165605,0,0,0,1
723,OFF-BI-10001765,"Wilson Jones Heavy-Duty Casebound Ring Binders with Metal Hinges","Office Supplies",Binders,2023-06-01,2026-09-15,6,6,6,554.240000,22,157.958400,0.300000,25.1927272727,28.5000000000,0,0,0,2
724,OFF-BI-10001787,"Wilson Jones Four-Pocket Poly Binders","Office Supplies",Binders,2023-07-05,2026-10-20,4,4,4,52.320000,17,13.537800,0.425000,4.3600000000,43.3333333333,1,0,1,1
725,OFF-BI-10001890,"Avery Poly Binder Pockets","Office Supplies",Binders,2023-09-14,2026-07-21,8,8,8,78.044000,34,3.723200,0.250000,2.2954117647,8.0000000000,0,0,1,2
726,OFF-BI-10001900,"DXL Angle-View Binders with Locking Rings  Black","Office Supplies",Binders,2024-04-17,2026-12-24,4,4,4,124.592000,26,42.049800,0.200000,4.7920000000,33.7500000000,0,0,0,0
727,OFF-BI-10001922,"Storex Dura Pro Binders","Office Supplies",Binders,2024-09-01,2026-12-28,5,5,5,153.252000,33,49.361400,0.320000,4.6440000000,32.2093023256,0,0,0,1
728,OFF-BI-10001982,"Wilson Jones Custom Binder Spines & Labels","Office Supplies",Binders,2023-07-20,2025-04-25,7,7,7,41.344000,335,-19.692800,0.628571,0.1088000000,-47.6315789474,0,1,0,6
729,OFF-BI-10001989,"Premium Transparent Presentation Covers by GBC","Office Supplies",Binders,2023-08-15,2026-11-27,10,10,10,753.182000,43,284.069200,0.210000,17.5158604651,37.7158774373,0,0,0,2
730,OFF-BI-10002003,"Ibico Presentation Index for Binding Systems","Office Supplies",Binders,2024-08-02,2026-12-21,7,7,7,72.038000,27,15.084200,0.271429,2.6680740741,20.9392265193,0,0,0,2
731,OFF-BI-10002012,"Wilson Jones Easy Flow II Sheet Lifters","Office Supplies",Binders,2023-02-16,2026-12-11,12,12,12,51.480000,49,5.616000,0.383333,1.0506122449,10.9090909091,0,0,0,5
732,OFF-BI-10002026,"Avery Arch Ring Binders","Office Supplies",Binders,2023-05-11,2026-04-09,10,10,10,1086.470000,40,87.150000,0.390000,31.0420000000,0.8021390374,1,0,0,4
733,OFF-BI-10002026-1,"Ibico Recycled Linen-Style Covers","Office Supplies",Binders,2024-05-03,2026-03-05,4,4,4,864.192000,24,240.609600,0.300000,36.0080000000,30.0125733445,0,0,1,1
734,OFF-BI-10002049,"UniKeep View Case Binders","Office Supplies",Binders,2023-11-23,2026-06-03,5,5,5,28.851000,13,-0.489000,0.500000,2.2193076923,-1.8867924528,0,0,1,2
735,OFF-BI-10002071,"Fellowes Black Plastic Comb Bindings","Office Supplies",Binders,2023-03-31,2026-12-05,9,9,9,102.256000,27,-4.415600,0.411111,3.4860000000,-4.3181818182,0,1,0,4
736,OFF-BI-10002072,"Cardinal Slant-D Ring Binders","Office Supplies",Binders,2024-04-05,2026-10-30,5,5,5,119.922000,17,0.869000,0.180000,7.0542352941,0.7246376812,0,0,0,1
737,OFF-BI-10002082,"GBC Twin Loop Wire Binding Elements","Office Supplies",Binders,2024-05-17,2026-10-12,12,12,10,1056.466000,50,305.642600,0.383333,25.1539523810,26.0955487446,2,0,1,4
738,OFF-BI-10002103,"Cardinal Slant-D Ring Binder  Heavy Gauge Vinyl","Office Supplies",Binders,2023-07-18,2026-12-30,10,10,10,152.944000,430,22.072600,0.410000,0.3517380952,17.1590909091,2,1,1,3
739,OFF-BI-10002133,"Wilson Jones Elliptical Ring 3 1/2" Capacity Binders  800 sheets","Office Supplies",Binders,2023-08-25,2026-08-19,8,8,8,834.600000,42,-82.176000,0.512500,19.8714285714,-9.8461538462,0,0,0,5
740,OFF-BI-10002160,"Acco Hanging Data Binders","Office Supplies",Binders,2023-07-19,2025-09-01,7,7,7,38.100000,17,-0.304800,0.328571,2.3812500000,-15.5555555556,1,0,3,2
741,OFF-BI-10002194,"Cardinal Hold-It CD Pocket","Office Supplies",Binders,2024-08-07,2025-12-30,4,4,4,38.304000,12,-14.603400,0.500000,3.1920000000,-45.7500000000,0,0,1,2
742,OFF-BI-10002215,"Wilson Jones Hanging View Binder  White  1"","Office Supplies",Binders,2023-08-27,2026-09-26,7,7,7,143.420000,23,55.238000,0.114286,6.2356521739,38.5148514851,0,0,0,0
743,OFF-BI-10002225,"Square Ring Data Binders  Rigid 75 Pt. Covers  11" x 14-7/8"","Office Supplies",Binders,2023-08-25,2026-09-03,7,7,7,334.368000,22,98.246400,0.257143,15.1985454545,29.3827160494,0,0,0,1
744,OFF-BI-10002309,"Avery Heavy-Duty EZD  Binder With Locking Rings","Office Supplies",Binders,2023-08-15,2025-09-19,6,6,6,71.424000,28,29.239200,0.216667,3.4011428571,14.6875000000,2,0,0,1
745,OFF-BI-10002353,"GBC VeloBind Cover Sets","Office Supplies",Binders,2023-10-25,2026-06-04,11,11,11,342.768000,42,18.528000,0.513636,8.1611428571,5.4054054054,0,0,0,6
746,OFF-BI-10002393,"Binder Posts","Office Supplies",Binders,2024-11-09,2026-11-03,6,6,5,53.956000,16,7.806400,0.450000,3.8540000000,19.5744680851,1,0,0,3
747,OFF-BI-10002412,"Wilson Jones “Snap” Scratch Pad Binder Tool for Ring Binders","Office Supplies",Binders,2024-08-17,2026-09-17,5,5,5,100.920000,22,30.740000,0.200000,4.5872727273,30.4597701149,0,0,0,1
748,OFF-BI-10002414,"GBC ProClick Spines for 32-Hole Punch","Office Supplies",Binders,2025-04-14,2026-12-29,7,7,6,686.649000,16,10.902400,0.314286,42.9155625000,1.5877690057,0,0,0,4
749,OFF-BI-10002429,"Premier Elliptical Ring Binder  Black","Office Supplies",Binders,2023-09-12,2026-12-02,9,9,9,228.300000,46,-201.512800,0.644444,9.1320000000,-73.3333333333,3,0,0,8
750,OFF-BI-10002432,"Wilson Jones Standard D-Ring Binders","Office Supplies",Binders,2023-08-30,2026-09-09,8,8,8,96.646000,26,26.919200,0.325000,3.7171538462,27.8534031414,0,0,0,3
751,OFF-BI-10002437,"Recycled Premium Regency Composition Covers","Office Supplies",Binders,2024-09-20,2025-11-18,3,3,3,85.568000,404,39.880800,0.200000,0.2128557214,36.2500000000,1,0,0,0
752,OFF-BI-10002498,"Clear Mylar Reinforcing Strips","Office Supplies",Binders,2023-07-20,2026-12-11,7,7,7,377.538000,29,90.272700,0.414286,13.0185517241,23.9108910891,0,0,0,3
753,OFF-BI-10002557,"Presstex Flexible Ring Binders","Office Supplies",Binders,2023-06-06,2026-06-04,8,8,8,92.820000,30,-100.555000,0.350000,3.0940000000,-108.3333333333,0,0,0,4
754,OFF-BI-10002571,"Avery Framed View Binder  EZD Ring (Locking)  Navy  1 1/2"","Office Supplies",Binders,2023-10-31,2026-10-05,6,6,6,87.824000,19,8.483000,0.450000,5.8549333333,9.6590909091,1,0,1,2
755,OFF-BI-10002609,"Avery Hidden Tab Dividers for Binding Systems","Office Supplies",Binders,2023-07-09,2026-02-25,7,7,7,31.588000,24,-14.006000,0.578571,1.3161666667,-138.2352941176,0,0,2,5
756,OFF-BI-10002706,"Avery Premier Heavy-Duty Binder with Round Locking Rings","Office Supplies",Binders,2023-06-15,2026-11-05,7,7,7,191.352000,21,43.982400,0.342857,9.1120000000,24.0625000000,0,0,1,1
757,OFF-BI-10002735,"GBC Prestige Therm-A-Bind Covers","Office Supplies",Binders,2023-03-22,2026-11-05,10,10,10,1022.438000,39,364.715300,0.170000,30.0717058824,39.5302013423,1,0,0,1
758,OFF-BI-10002764,"Recycled Pressboard Report Cover with Reinforced Top Hinge","Office Supplies",Binders,2023-04-12,2026-12-01,8,8,8,69.768000,34,13.759800,0.362500,2.0520000000,19.7222222222,0,0,0,3
759,OFF-BI-10002794,"Avery Trapezoid Ring Binder  3" Capacity  Black  1040 sheets","Office Supplies",Binders,2023-04-06,2026-09-21,7,7,7,545.034000,22,85.238400,0.500000,24.7742727273,15.6390977444,0,0,0,4
760,OFF-BI-10002799,"SlimView Poly Binder  3/8"","Office Supplies",Binders,2023-08-24,2026-10-21,7,7,7,117.586000,40,28.593600,0.457143,2.9396500000,27.4626865672,0,0,1,3
761,OFF-BI-10002813,"Avery Reinforcements for Hole-Punch Pages","Office Supplies",Binders,2024-10-15,2026-12-28,8,8,8,28.512000,355,-11.286000,0.575000,0.0713915493,-43.8461538462,0,1,1,5
762,OFF-BI-10002824,"Recycled Easel Ring Binders","Office Supplies",Binders,2023-12-22,2026-08-18,9,9,9,308.844000,35,-52.966000,0.388889,8.8241142857,-17.1497584541,0,0,0,4
763,OFF-BI-10002827,"Avery Durable Poly Binders","Office Supplies",Binders,2023-02-03,2026-11-06,6,6,6,69.678000,33,-15.594600,0.533333,2.3226000000,-28.5714285714,1,0,0,4
764,OFF-BI-10002852,"Ibico Standard Transparent Covers","Office Supplies",Binders,2023-04-05,2026-06-21,10,10,10,390.576000,34,104.812800,0.330000,11.4875294118,26.8354430380,0,0,0,4
765,OFF-BI-10002854,"Performers Binder/Pad Holder  Black","Office Supplies",Binders,2023-08-12,2026-12-08,8,8,8,611.054000,36,123.332000,0.362500,16.9737222222,20.5607476636,0,0,1,2
766,OFF-BI-10002867,"GBC Recycled Regency Composition Covers","Office Supplies",Binders,2023-06-30,2026-08-20,6,6,6,1291.248000,26,451.936800,0.233333,49.6633846154,35.0000000000,0,0,0,1
767,OFF-BI-10002897,"Black Avery Memo-Size 3-Ring Binder  5 1/2" x 8 1/2"","Office Supplies",Binders,2024-02-14,2026-07-31,4,4,4,45.508000,16,5.982100,0.275000,2.8442500000,31.3461538462,0,0,1,1
768,OFF-BI-10002931,"Avery Trapezoid Extra Heavy Duty 4" Binders","Office Supplies",Binders,2023-06-21,2026-09-04,4,4,4,314.550000,489,0.000000,0.450000,0.6432515337,0.0000000000,0,0,0,2
769,OFF-BI-10002949,"Prestige Round Ring Binders","Office Supplies",Binders,2023-09-01,2026-12-16,8,8,8,85.728000,18,18.057600,0.375000,4.5600000000,21.0638297872,0,1,0,3
770,OFF-BI-10002954,"Newell 3-Hole Punched Plastic Slotted Magazine Holders for Binders","Office Supplies",Binders,2023-07-11,2026-09-10,6,6,6,51.184000,20,3.656000,0.433333,2.5592000000,7.1428571429,0,0,0,3
771,OFF-BI-10002976,"ACCOHIDE Binder by Acco","Office Supplies",Binders,2023-04-21,2026-09-25,4,4,4,65.254000,21,19.287100,0.225000,3.1073333333,29.5569620253,0,0,0,1
772,OFF-BI-10002982,"Avery Self-Adhesive Photo Pockets for Polaroid Photos","Office Supplies",Binders,2023-09-25,2026-11-07,11,11,11,140.286000,39,-2.179200,0.536364,3.5970769231,1.5533980583,1,1,0,7
773,OFF-BI-10003007,"Premium Transparent Presentation Covers  No Pattern/Clear  8 1/2" x 11"","Office Supplies",Binders,2023-03-14,2026-10-26,7,7,7,698.040000,29,90.745200,0.285714,24.0703448276,13.0000000000,0,0,0,2
774,OFF-BI-10003091,"GBC DocuBind TL200 Manual Binding Machine","Office Supplies",Binders,2023-01-20,2026-08-17,6,6,6,4322.814000,22,1644.013200,0.216667,193.4372727273,38.6315789474,0,1,1,0
775,OFF-BI-10003094,"Self-Adhesive Ring Binder Labels","Office Supplies",Binders,2023-06-28,2026-11-04,4,4,4,22.880000,11,2.358400,0.425000,2.0800000000,10.3076923077,0,0,0,2
776,OFF-BI-10003166,"GBC Plasticlear Binding Covers","Office Supplies",Binders,2024-09-06,2026-06-22,7,7,7,68.880000,23,-68.420800,0.728571,2.9947826087,-99.3333333333,0,0,0,7
777,OFF-BI-10003196,"Accohide Poly Flexible Ring Binders","Office Supplies",Binders,2023-10-19,2026-12-16,8,8,8,43.758000,34,-15.334000,0.537500,1.2870000000,-37.6146788991,0,0,1,4
778,OFF-BI-10003274,"Avery Durable Slant Ring Binders  No Labels","Office Supplies",Binders,2023-09-26,2026-12-09,9,9,9,89.550000,36,13.611600,0.366667,2.4875000000,15.2000000000,0,0,0,4
779,OFF-BI-10003291,"Wilson Jones Leather-Like Binders with DublLock Round Rings","Office Supplies",Binders,2023-02-11,2026-12-20,12,12,12,238.329000,46,25.491600,0.379167,5.1810652174,10.6959706960,0,0,0,4
780,OFF-BI-10003305,"Avery Hanging File Binders","Office Supplies",Binders,2023-12-29,2025-11-19,6,6,6,105.846000,26,21.886800,0.250000,4.0710000000,20.6779661017,0,0,0,1
781,OFF-BI-10003314,"Tuff Stuff Recycled Round Ring Binders","Office Supplies",Binders,2023-07-12,2026-12-25,9,9,9,80.494000,23,5.302000,0.277778,3.4997391304,6.5868263473,0,0,0,2
782,OFF-BI-10003350,"Acco Expandable Hanging Binders","Office Supplies",Binders,2023-11-24,2026-07-18,4,4,4,38.918000,11,1.276000,0.350000,3.5380000000,6.8965517241,0,0,2,1
783,OFF-BI-10003355,"Cardinal Holdit Business Card Pockets","Office Supplies",Binders,2023-07-01,2026-08-07,8,8,8,87.648000,25,22.908000,0.281250,3.5059200000,26.1363636364,0,0,0,1
784,OFF-BI-10003364,"Binding Machine Supplies","Office Supplies",Binders,2024-01-13,2026-12-18,9,9,9,667.993000,32,182.604200,0.188889,20.8747812500,27.3362445415,0,0,0,1
785,OFF-BI-10003429,"Cardinal HOLDit! Binder Insert Strips Extra Strips","Office Supplies",Binders,2023-03-03,2026-12-22,9,9,9,136.728000,41,4.367700,0.455556,3.3348292683,3.1944444444,0,0,0,4
786,OFF-BI-10003460,"Acco 3-Hole Punch","Office Supplies",Binders,2023-09-26,2026-12-01,9,9,9,137.532000,35,55.538400,0.233333,3.9044571429,40.3821656051,0,1,0,2
787,OFF-BI-10003476,"Avery Metallic Poly Binders","Office Supplies",Binders,2023-01-13,2026-12-10,6,6,6,135.801000,31,38.734800,0.300000,4.3806774194,37.1428571429,0,0,2,1
788,OFF-BI-10003527,"Fellowes PB500 Electric Punch Plastic Comb Binding Machine with Manual Bind","Office Supplies",Binders,2023-11-11,2026-11-19,10,10,10,27453.384000,31,7753.039000,0.240000,885.5930322581,28.2407407407,0,0,0,2
789,OFF-BI-10003529,"Avery Round Ring Poly Binders","Office Supplies",Binders,2023-03-31,2025-08-13,6,6,6,36.920000,17,12.297200,0.300000,2.1717647059,33.3076923077,0,0,0,2
790,OFF-BI-10003638,"GBC Durable Plastic Covers","Office Supplies",Binders,2023-04-19,2026-10-02,8,8,8,369.585000,34,-12.384000,0.350000,10.8701470588,-3.9751552795,0,0,1,3
791,OFF-BI-10003650,"GBC DocuBind 300 Electric Binding Machine","Office Supplies",Binders,2023-12-12,2026-12-02,8,8,8,6574.750000,181,494.421200,0.412500,36.7304469274,12.6400000000,1,0,0,4
792,OFF-BI-10003655,"Durable Pressboard Binders","Office Supplies",Binders,2024-07-05,2026-10-09,2,2,2,37.240000,11,15.086000,0.100000,3.3854545455,40.5102040816,0,0,0,0
793,OFF-BI-10003656,"Fellowes PB200 Plastic Comb Binding Machine","Office Supplies",Binders,2023-04-13,2026-07-31,9,9,9,4181.754000,38,693.559200,0.322222,110.0461578947,16.5853658537,0,0,0,3
794,OFF-BI-10003669,"3M Organizer Strips","Office Supplies",Binders,2023-11-20,2026-11-14,7,7,7,83.160000,26,10.152000,0.385714,3.1984615385,12.2077922078,0,0,0,3
795,OFF-BI-10003676,"GBC Standard Recycled Report Covers  Clear Plastic Sheets","Office Supplies",Binders,2023-01-19,2026-10-02,12,12,12,258.720000,51,-27.165600,0.491667,5.0729411765,-10.5000000000,0,0,0,7
796,OFF-BI-10003684,"Wilson Jones Legal Size Ring Binders","Office Supplies",Binders,2023-05-06,2026-12-30,9,9,9,532.158000,42,26.388000,0.422222,11.6232857143,5.4054054054,0,1,1,4
797,OFF-BI-10003694,"Avery 3 1/2" Diskette Storage Pages  10/Pack","Office Supplies",Binders,2023-07-19,2026-05-04,6,6,6,137.808000,27,-14.407200,0.383333,5.1040000000,-10.4545454545,0,0,0,3
798,OFF-BI-10003707,"Aluminum Screw Posts","Office Supplies",Binders,2024-04-02,2026-12-02,11,11,11,354.032000,41,27.468000,0.436364,8.6349268293,8.6538461538,0,0,1,6
799,OFF-BI-10003708,"Acco Four Pocket Poly Ring Binder with Label Holder  Smoke  1"","Office Supplies",Binders,2023-01-07,2026-12-24,6,6,6,122.180000,28,7.450000,0.400000,4.3635714286,6.0975609756,0,0,0,2
800,OFF-BI-10003712,"Acco Pressboard Covers with Storage Hooks  14 7/8" x 11"  Light Blue","Office Supplies",Binders,2023-09-17,2026-09-17,11,11,11,131.097000,45,29.067200,0.513636,2.9132666667,23.3992094862,0,0,1,5
801,OFF-BI-10003718,"GBC Therma-A-Bind 250T Electric Binding System","Office Supplies",Binders,2024-12-03,2026-11-02,2,2,2,1180.704000,12,413.246400,0.200000,98.3920000000,35.0000000000,0,0,0,0
802,OFF-BI-10003719,"Large Capacity Hanging Post Binders","Office Supplies",Binders,2023-04-06,2026-10-16,5,5,5,247.005000,18,-19.461000,0.460000,13.7225000000,1.8181818182,1,1,0,3
803,OFF-BI-10003727,"Avery Durable Slant Ring Binders With Label Holder","Office Supplies",Binders,2023-10-19,2026-01-14,9,9,8,90.706000,36,13.794000,0.488889,2.5196111111,15.3488372093,0,0,1,4
804,OFF-BI-10003784,"Computer Printout Index Tabs","Office Supplies",Binders,2023-10-18,2026-12-28,4,4,4,11.088000,15,-2.016000,0.500000,0.7392000000,-18.1818181818,0,0,0,2
805,OFF-BI-10003876,"Green Canvas Binder for 8-1/2" x 14" Sheets","Office Supplies",Binders,2023-05-28,2026-03-08,5,5,4,569.240000,19,162.640000,0.260000,29.9600000000,28.5714285714,0,0,0,1
806,OFF-BI-10003910,"DXL Angle-View Binders with Locking Rings by Samsill","Office Supplies",Binders,2023-06-09,2026-08-27,10,10,10,215.109000,114,66.691500,0.240000,1.8869210526,31.0035842294,0,0,0,2
807,OFF-BI-10003925,"Fellowes PB300 Plastic Comb Binding Machine","Office Supplies",Binders,2023-05-21,2026-11-10,8,8,6,5393.142000,33,-2433.435600,0.175000,207.4285384615,-68.7896350587,1,0,0,2
808,OFF-BI-10003963,"Cardinal Holdit Data Disk Pockets","Office Supplies",Binders,2024-11-15,2025-11-05,3,3,3,64.064000,490,11.793600,0.133333,0.1320907216,33.7500000000,1,0,2,0
809,OFF-BI-10003981,"Avery Durable Plastic 1" Binders","Office Supplies",Binders,2023-05-03,2026-03-21,7,7,7,88.984000,34,37.500400,0.328571,3.1780000000,27.1428571429,1,0,0,2
810,OFF-BI-10003982,"Wilson Jones Century Plastic Molded Ring Binders","Office Supplies",Binders,2023-06-06,2026-12-09,10,10,10,571.175000,48,69.579500,0.355000,12.6927777778,16.3157894737,1,0,1,3
811,OFF-BI-10003984,"Lock-Up Easel 'Spel-Binder'","Office Supplies",Binders,2023-12-22,2026-11-30,7,7,7,704.691000,44,39.371400,0.485714,16.0157045455,5.5870445344,0,0,0,4
812,OFF-BI-10004001,"GBC Recycled VeloBinder Covers","Office Supplies",Binders,2023-10-31,2026-09-04,8,8,8,487.344000,42,129.504000,0.350000,11.6034285714,28.6792452830,0,0,1,2
813,OFF-BI-10004002,"Wilson Jones International Size A4 Ring Binders","Office Supplies",Binders,2024-06-18,2026-12-23,7,7,7,160.890000,18,12.802000,0.371429,11.4921428571,21.7204301075,1,0,0,3
814,OFF-BI-10004022,"Acco Suede Grain Vinyl Round Ring Binder","Office Supplies",Binders,2023-09-13,2026-09-04,8,8,8,38.642000,29,-4.892800,0.537500,1.3324827586,-12.6618705036,0,0,0,5
815,OFF-BI-10004040,"Wilson Jones Impact Binders","Office Supplies",Binders,2023-09-12,2026-12-30,11,11,10,129.416000,48,22.514800,0.354545,3.0096744186,15.5430549546,2,0,0,6
816,OFF-BI-10004094,"GBC Standard Plastic Binding Systems Combs","Office Supplies",Binders,2023-01-04,2026-09-28,5,5,5,55.755000,13,-2.566500,0.500000,4.2888461538,-6.7441860465,0,0,2,2
817,OFF-BI-10004099,"GBC VeloBinder Strips","Office Supplies",Binders,2023-09-03,2026-11-10,4,4,4,52.992000,20,-108.288000,0.550000,2.6496000000,-204.3478260870,0,0,0,4
818,OFF-BI-10004139,"Fellowes Presentation Covers for Comb Binding Machines","Office Supplies",Binders,2023-05-27,2024-12-31,2,2,2,133.860000,14,21.825000,0.400000,9.5614285714,16.3043478261,0,0,0,1
819,OFF-BI-10004140,"Avery Non-Stick Binders","Office Supplies",Binders,2023-04-04,2026-09-10,13,13,13,75.432000,36,-13.470000,0.442308,2.0953333333,-17.8571428571,0,0,0,6
820,OFF-BI-10004141,"Insertable Tab Indexes For Data Binders","Office Supplies",Binders,2023-08-25,2026-09-21,5,5,5,17.490000,13,-4.833600,0.600000,1.3453846154,-27.6363636364,0,0,0,4
821,OFF-BI-10004182,"Economy Binders","Office Supplies",Binders,2024-07-18,2026-12-09,4,4,4,29.952000,19,9.796800,0.300000,1.5764210526,32.7083333333,0,0,0,1
822,OFF-BI-10004187,"3-ring staple pack","Office Supplies",Binders,2023-01-13,2026-12-02,6,6,6,22.560000,21,13.009600,0.100000,1.8800000000,43.6666666667,2,1,1,0
823,OFF-BI-10004209,"Fellowes Twister Kit  Gray/Clear  3/pkg","Office Supplies",Binders,2023-04-05,2026-12-18,10,10,10,182.508000,42,-9.246000,0.465000,4.3454285714,-5.6650246305,0,0,1,5
824,OFF-BI-10004224,"Catalog Binders with Expanding Posts","Office Supplies",Binders,2023-03-07,2026-10-14,8,8,8,1089.936000,36,-242.208000,0.512500,30.2760000000,-22.2222222222,0,0,0,5
825,OFF-BI-10004230,"GBC Recycled Grain Textured Covers","Office Supplies",Binders,2023-02-04,2026-11-24,5,5,5,466.290000,20,107.074000,0.400000,23.3145000000,22.9629629630,0,0,0,2
826,OFF-BI-10004233,"GBC Pre-Punched Binding Paper  Plastic  White  8-1/2" x 11"","Office Supplies",Binders,2023-05-30,2026-12-03,8,8,8,310.206000,31,88.264800,0.287500,10.0066451613,30.6666666667,0,0,1,1
827,OFF-BI-10004236,"XtraLife ClearVue Slant-D Ring Binder  White  3"","Office Supplies",Binders,2024-03-01,2026-12-09,10,10,10,386.084000,39,76.923200,0.300000,9.8995897436,19.9239543726,0,0,0,3
828,OFF-BI-10004308,"Avery Legal 4-Ring Binder","Office Supplies",Binders,2023-09-07,2026-08-12,4,4,4,258.054000,16,90.214000,0.325000,16.1283750000,34.9593495935,0,0,0,1
829,OFF-BI-10004318,"Ibico EB-19 Dual Function Manual Binding System","Office Supplies",Binders,2025-03-13,2026-09-22,8,8,8,3234.913000,23,1086.377200,0.237500,140.6483913043,33.5828877005,0,0,0,1
830,OFF-BI-10004330,"GBC Velobind Prepunched Cover Sets  Regency Series","Office Supplies",Binders,2024-04-16,2026-10-30,7,7,7,661.942000,33,-9.245000,0.414286,20.0588484848,-1.3966480447,0,0,0,3
831,OFF-BI-10004352,"Wilson Jones DublLock D-Ring Binders","Office Supplies",Binders,2024-07-19,2025-11-26,2,2,2,35.775000,6,15.525000,0.350000,5.9625000000,43.3962264151,0,0,0,1
832,OFF-BI-10004364,"Storex Dura Pro Binders","Office Supplies",Binders,2023-01-20,2026-12-04,12,12,12,125.334000,38,1.188000,0.466667,3.2982631579,0.9478672986,0,0,0,7
833,OFF-BI-10004390,"GBC DocuBind 200 Manual Binding Machine","Office Supplies",Binders,2023-03-31,2026-09-15,4,4,4,4209.800000,15,1052.450000,0.325000,280.6533333333,25.0000000000,0,0,0,1
834,OFF-BI-10004410,"C-Line Peel & Stick Add-On Filing Pockets  8-3/4 x 5-1/8  10/Pack","Office Supplies",Binders,2023-03-22,2026-03-21,4,4,4,85.995000,21,4.777500,0.400000,4.0950000000,8.6206896552,0,0,1,2
835,OFF-BI-10004465,"Avery Durable Slant Ring Binders","Office Supplies",Binders,2025-03-21,2026-11-24,5,5,5,51.480000,414,-23.760000,0.620000,0.1243478261,-46.1538461538,0,0,0,4
836,OFF-BI-10004492,"Tuf-Vin Binders","Office Supplies",Binders,2024-07-11,2026-10-05,7,7,7,669.496000,26,244.745000,0.271429,25.7498461538,36.9047619048,0,0,1,1
837,OFF-BI-10004506,"Wilson Jones data.warehouse D-Ring Binders with DublLock","Office Supplies",Binders,2023-08-01,2026-01-23,5,5,5,66.663000,12,15.307800,0.400000,5.5552500000,22.9629629630,0,0,0,2
838,OFF-BI-10004519,"GBC DocuBind P100 Manual Binding Machine","Office Supplies",Binders,2023-05-13,2026-11-27,8,8,8,2954.444000,27,489.641000,0.318750,109.4238518519,16.5730337079,0,0,0,2
839,OFF-BI-10004528,"Cardinal Poly Pocket Divider Pockets for Ring Binders","Office Supplies",Binders,2023-06-30,2026-09-15,4,4,4,40.320000,15,12.600000,0.200000,2.6880000000,31.2500000000,0,0,0,0
840,OFF-BI-10004584,"GBC ProClick 150 Presentation Binding System","Office Supplies",Binders,2025-04-15,2026-02-09,5,5,5,1200.724000,22,101.113600,0.500000,85.7660000000,-76.6666666667,1,0,2,1
841,OFF-BI-10004593,"Ibico Laser Imprintable Binding System Covers","Office Supplies",Binders,2023-02-03,2025-12-11,8,8,8,1100.400000,34,138.336000,0.362500,32.3647058824,12.5714285714,0,0,0,3
842,OFF-BI-10004600,"Ibico Ibimaster 300 Manual Binding System","Office Supplies",Binders,2023-08-09,2026-12-11,8,8,8,7985.383000,28,2318.337000,0.162500,285.1922500000,29.0322580645,0,0,0,1
843,OFF-BI-10004632,"Ibico Hi-Tech Manual Binding System","Office Supplies",Binders,2023-01-06,2026-09-04,11,11,11,4300.359000,30,-6557.285000,0.427273,136.1562500000,-173.4848484848,2,2,1,5
844,OFF-BI-10004632-1,"GBC Binding covers","Office Supplies",Binders,2024-08-10,2026-12-30,3,3,3,85.470000,11,58.922500,0.066667,12.2100000000,41.6666666667,1,0,0,0
845,OFF-BI-10004654,"Avery Binding System Hidden Tab Executive Style Index Sets","Office Supplies",Binders,2023-09-23,2026-06-29,8,8,8,102.120000,26,9.809000,0.362500,3.9276923077,11.7253992541,0,0,1,3
846,OFF-BI-10004654-1,"VariCap6 Expandable Binder","Office Supplies",Binders,2023-02-11,2026-04-15,3,3,3,122.830000,10,31.140000,0.300000,12.2830000000,25.3521126761,0,0,0,1
847,OFF-BI-10004656,"Peel & Stick Add-On Corner Pockets","Office Supplies",Binders,2023-11-18,2026-12-16,7,7,7,38.016000,30,4.320000,0.400000,1.2672000000,11.3636363636,0,0,0,3
848,OFF-BI-10004716,"Wilson Jones Hanging Recycled Pressboard Data Binders","Office Supplies",Binders,2023-09-01,2025-04-10,2,2,2,32.648000,4,1.780800,0.375000,8.1620000000,5.4545454545,0,0,0,1
849,OFF-BI-10004728,"Wilson Jones Turn Tabs Binder Tool for Ring Binders","Office Supplies",Binders,2023-02-11,2026-11-09,13,13,13,212.080000,59,46.368400,0.269231,3.5945762712,21.8636363636,0,0,0,4
850,OFF-BI-10004738,"Flexible Leather- Look Classic Collection Ring Binder","Office Supplies",Binders,2023-10-13,2026-11-06,6,6,6,142.050000,13,-5.682000,0.383333,10.9269230769,-4.0000000000,0,0,0,3
851,OFF-BI-10004781,"GBC Wire Binding Strips","Office Supplies",Binders,2024-09-07,2025-12-29,5,5,5,212.658000,14,-18.409200,0.500000,15.1898571429,-8.6567164179,0,0,0,3
852,OFF-BI-10004817,"GBC Personal VeloBind Strips","Office Supplies",Binders,2023-04-11,2026-08-18,7,7,7,144.958000,27,-11.261200,0.428571,6.5890000000,5.4545454545,1,0,0,3
853,OFF-BI-10004826,"JM Magazine Binder","Office Supplies",Binders,2024-06-18,2026-10-19,6,6,6,175.006000,18,50.190400,0.216667,14.5838333333,41.1320754717,1,0,0,1
854,OFF-BI-10004828,"GBC Poly Designer Binding Covers","Office Supplies",Binders,2023-05-03,2026-09-22,6,6,6,256.122000,18,102.448800,0.216667,14.2290000000,40.0000000000,0,0,0,1
855,OFF-BI-10004876,"Wilson Jones Suede Grain Vinyl Binders","Office Supplies",Binders,2023-04-23,2026-09-10,3,3,3,16.402000,8,5.059600,0.233333,2.0502500000,30.8474576271,0,0,0,1
856,OFF-BI-10004965,"Ibico Covers for Plastic or Wire Binding Elements","Office Supplies",Binders,2023-09-23,2026-12-10,7,7,6,184.000000,20,57.500000,0.228571,9.2000000000,31.2500000000,0,0,0,2
857,OFF-BI-10004967,"Round Ring Binders","Office Supplies",Binders,2024-09-26,2025-12-26,6,6,6,29.952000,28,2.516800,0.466667,1.0697142857,9.0298507463,0,0,1,2
858,OFF-BI-10004970,"ACCOHIDE 3-Ring Binder  Blue  1"","Office Supplies",Binders,2023-04-22,2026-09-02,13,13,13,147.028000,44,50.716400,0.161538,3.3415454545,34.4943820225,0,0,0,1
859,OFF-BI-10004995,"GBC DocuBind P400 Electric Binding System","Office Supplies",Binders,2023-06-17,2026-10-19,6,6,6,17965.068000,27,-1878.166200,0.450000,665.3728888889,-10.4545454545,0,0,0,3
860,OFF-EN-10000056,"Cameo Buff Policy Envelopes","Office Supplies",Envelopes,2023-04-18,2025-09-11,8,8,8,1555.750000,28,632.256800,0.100000,55.5625000000,40.6400000000,0,0,0,0
861,OFF-EN-10000461,"#10- 4 1/8" x 9 1/2" Recycled Envelopes","Office Supplies",Envelopes,2023-06-06,2026-12-14,8,8,8,211.508000,27,86.438600,0.075000,7.8336296296,40.8677685950,0,0,0,0
862,OFF-EN-10000483,"White Envelopes  White Envelopes with Clear Poly Window","Office Supplies",Envelopes,2024-07-16,2026-03-04,5,5,5,320.250000,22,139.080000,0.080000,14.5568181818,43.4285714286,0,0,0,0
863,OFF-EN-10000781,"#10- 4 1/8" x 9 1/2" Recycled Envelopes","Office Supplies",Envelopes,2023-07-28,2024-11-09,2,2,2,75.164000,10,28.842000,0.100000,7.5164000000,38.3720930233,0,0,0,0
864,OFF-EN-10000927,"Jet-Pak Recycled Peel 'N' Seal Padded Mailers","Office Supplies",Envelopes,2024-05-14,2026-09-18,4,4,4,552.706000,19,177.655500,0.150000,29.0897894737,32.1428571429,0,0,0,0
865,OFF-EN-10001028,"Staple envelope","Office Supplies",Envelopes,2024-06-16,2026-09-26,2,2,2,100.632000,9,42.409200,0.100000,11.1813333333,42.1428571429,0,0,0,0
866,OFF-EN-10001099,"Staple envelope","Office Supplies",Envelopes,2023-09-14,2025-10-03,5,5,4,160.392000,18,65.330400,0.120000,8.9106666667,40.7317073171,0,0,0,0
867,OFF-EN-10001137,"#10 Gummed Flap White Envelopes  100/Box","Office Supplies",Envelopes,2024-11-03,2026-10-31,4,4,4,41.300000,11,13.546400,0.100000,3.7545454545,43.1578947368,0,0,1,0
868,OFF-EN-10001141,"Manila Recycled Extra-Heavyweight Clasp Envelopes  6" x 9"","Office Supplies",Envelopes,2025-05-12,2026-09-16,4,4,4,125.172000,13,52.374600,0.237500,9.6286153846,41.8421052632,0,0,0,0
869,OFF-EN-10001219,"#10- 4 1/8" x 9 1/2" Security-Tint Envelopes","Office Supplies",Envelopes,2023-10-10,2026-11-12,8,8,8,146.688000,21,64.863600,0.075000,6.9851428571,44.2187500000,0,0,0,0
870,OFF-EN-10001335,"White Business Envelopes with Contemporary Seam  Recycled White Business Envelopes","Office Supplies",Envelopes,2023-10-18,2026-11-02,6,6,6,336.952000,34,150.972000,0.100000,9.9103529412,44.8051948052,0,0,0,0
871,OFF-EN-10001415,"Staple envelope","Office Supplies",Envelopes,2023-04-03,2026-11-19,5,5,5,54.684000,11,23.994000,0.120000,4.9712727273,43.8775510204,0,0,0,0
872,OFF-EN-10001434,"Strathmore #10 Envelopes  Ultimate White","Office Supplies",Envelopes,2023-05-10,2025-11-05,4,4,4,632.520000,12,309.934800,0.000000,52.7100000000,49.0000000000,0,0,0,0
873,OFF-EN-10001453,"Tyvek Interoffice Envelopes  9 1/2" x 12 1/2"  100/Box","Office Supplies",Envelopes,2023-09-17,2026-12-23,5,5,5,939.092000,16,421.981600,0.040000,58.6932500000,44.9350649351,0,0,0,0
874,OFF-EN-10001509,"Poly String Tie Envelopes","Office Supplies",Envelopes,2023-03-28,2026-09-07,11,11,11,68.136000,272,30.294000,0.072727,0.2505000000,44.4610778443,0,0,0,0
875,OFF-EN-10001532,"Brown Kraft Recycled Envelopes","Office Supplies",Envelopes,2023-01-13,2026-04-04,5,5,5,244.512000,15,117.162000,0.040000,16.3008000000,47.9166666667,0,0,0,0
876,OFF-EN-10001535,"Grip Seal Envelopes","Office Supplies",Envelopes,2025-05-10,2025-05-10,1,1,1,NULL,2,2.386800,0.200000,NULL,NULL,1,0,0,0
877,OFF-EN-10001539,"Staple envelope","Office Supplies",Envelopes,2023-01-20,2026-09-29,7,7,7,196.056000,26,88.847600,0.028571,7.5406153846,45.3174603175,0,0,0,0
878,OFF-EN-10001749,"Jiffy Padded Mailers with Self-Seal Closure","Office Supplies",Envelopes,2023-08-29,2023-08-29,1,1,1,29.808000,2,10.805400,0.200000,14.9040000000,36.2500000000,0,0,0,0
879,OFF-EN-10001990,"Staple envelope","Office Supplies",Envelopes,2023-01-13,2026-04-01,6,6,6,130.640000,23,61.400800,0.000000,5.6800000000,47.0000000000,0,0,0,0
880,OFF-EN-10002230,"Airmail Envelopes","Office Supplies",Envelopes,2023-03-30,2026-01-21,6,6,6,1359.666000,19,514.490900,0.133333,71.5613684211,37.8395061728,0,0,0,0
881,OFF-EN-10002312,"#10 Self-Seal White Envelopes","Office Supplies",Envelopes,2025-04-08,2026-09-11,4,4,4,108.682000,10,48.906900,0.050000,10.8682000000,49.0000000000,0,0,1,0
882,OFF-EN-10002500,"Globe Weis Peel & Seel First Class Envelopes","Office Supplies",Envelopes,2023-08-08,2026-10-22,7,7,7,345.060000,30,164.862000,0.028571,12.7800000000,45.0000000000,1,0,0,0
883,OFF-EN-10002504,"Tyvek  Top-Opening Peel & Seel Envelopes  Plain White","Office Supplies",Envelopes,2023-01-19,2026-05-09,7,7,7,570.780000,24,225.050400,0.114286,23.7825000000,39.4285714286,0,0,0,0
884,OFF-EN-10002592,"Peel & Seel Recycled Catalog Envelopes  Brown","Office Supplies",Envelopes,2023-11-20,2026-11-18,4,4,4,176.016000,17,38.214000,0.100000,10.3538823529,42.3076923077,0,0,2,0
885,OFF-EN-10002600,"Redi-Strip #10 Envelopes  4 1/8 x 9 1/2","Office Supplies",Envelopes,2023-08-25,2026-05-05,7,7,7,93.220000,35,21.122000,0.114286,2.6634285714,38.4946236559,0,0,2,0
886,OFF-EN-10002621,"Staple envelope","Office Supplies",Envelopes,2023-11-23,2026-12-22,5,5,5,78.240000,9,34.230000,0.120000,8.6933333333,43.7500000000,0,0,0,0
887,OFF-EN-10002831,"Tyvek  Top-Opening Peel & Seel  Envelopes  Gray","Office Supplies",Envelopes,2024-11-30,2026-10-26,3,3,3,610.980000,17,274.941000,0.000000,35.9400000000,45.0000000000,0,0,0,0
888,OFF-EN-10002973,"Ampad #10 Peel & Seel Holiday Envelopes","Office Supplies",Envelopes,2025-04-08,2026-10-19,3,3,3,53.760000,12,25.804800,0.000000,4.4800000000,48.0000000000,0,0,0,0
889,OFF-EN-10002986,"#10-4 1/8" x 9 1/2" Premium Diagonal Seam Envelopes","Office Supplies",Envelopes,2024-12-27,2026-04-30,2,2,2,176.288000,13,63.747000,0.100000,13.5606153846,36.1607142857,0,0,0,0
890,OFF-EN-10003001,"Ames Color-File Green Diamond Border X-ray Mailers","Office Supplies",Envelopes,2023-11-15,2026-11-24,4,4,4,1360.476000,18,559.306800,0.050000,75.5820000000,41.1111111111,0,0,0,0
891,OFF-EN-10003040,"Quality Park Security Envelopes","Office Supplies",Envelopes,2023-11-23,2026-12-01,4,4,4,240.764000,11,88.192900,0.150000,21.8876363636,36.6304347826,0,0,0,0
892,OFF-EN-10003055,"Blue String-Tie & Button Interoffice Envelopes  10 x 13","Office Supplies",Envelopes,2024-09-24,2026-11-28,7,7,7,783.608000,22,-135.932000,0.085714,35.6185454545,-17.3469387755,0,0,0,1
893,OFF-EN-10003068,"#6 3/4 Gummed Flap White Envelopes","Office Supplies",Envelopes,2024-09-24,2026-10-27,4,4,4,71.280000,9,24.948000,0.200000,7.9200000000,35.0000000000,0,0,0,0
894,OFF-EN-10003072,"Peel & Seel Envelopes","Office Supplies",Envelopes,2023-09-10,2026-03-18,6,6,4,114.816000,26,50.387200,0.066667,4.4160000000,43.8851727982,0,0,0,0
895,OFF-EN-10003134,"Staple envelope","Office Supplies",Envelopes,2023-05-21,2026-08-17,7,7,7,247.616000,498,107.456000,0.114286,0.4972208835,43.3962264151,0,0,0,0
896,OFF-EN-10003160,"Pastel Pink Envelopes","Office Supplies",Envelopes,2023-10-13,2026-12-11,3,3,3,65.520000,9,31.449600,0.000000,7.2800000000,48.0000000000,0,0,0,0
897,OFF-EN-10003286,"Staple envelope","Office Supplies",Envelopes,2023-06-16,2026-03-02,7,7,7,284.832000,35,124.531200,0.028571,8.1380571429,47.0000000000,0,0,1,0
898,OFF-EN-10003296,"Tyvek Side-Opening Peel & Seel Expanding Envelopes","Office Supplies",Envelopes,2024-04-20,2026-05-13,5,5,5,995.280000,11,570.024000,0.000000,90.4800000000,45.0000000000,1,1,0,0
899,OFF-EN-10003448,"Peel & Seel Recycled Catalog Envelopes  Brown","Office Supplies",Envelopes,2026-05-05,2026-11-24,2,2,2,88.008000,9,35.898000,0.100000,9.7786666667,40.7894736842,0,0,0,0
900,OFF-EN-10003567,"Inter-Office Recycled Envelopes  Brown Kraft  Button-String 10" x 13"   100/Box","Office Supplies",Envelopes,2023-07-21,2025-09-02,3,3,3,109.900000,10,81.326000,0.066667,21.9800000000,47.0000000000,1,0,0,0
901,OFF-EN-10003798,"Recycled Interoffice Envelopes with Re-Use-A-Seal Closure  10 x 13","Office Supplies",Envelopes,2024-12-21,2025-11-19,2,2,2,68.280000,5,23.044500,0.200000,13.6560000000,33.7500000000,0,0,0,0
902,OFF-EN-10003845,"Colored Envelopes","Office Supplies",Envelopes,2023-09-14,2026-11-02,5,5,5,50.922000,16,19.040400,0.120000,3.1826250000,37.3913043478,0,0,0,0
903,OFF-EN-10003862,"Laser & Ink Jet Business Envelopes","Office Supplies",Envelopes,2023-11-28,2026-03-05,5,5,5,198.462000,20,63.806600,0.040000,9.9231000000,46.0000000000,0,0,1,0
904,OFF-EN-10004007,"Park Ridge Embossed Executive Business Envelopes","Office Supplies",Envelopes,2023-11-30,2023-11-30,1,1,1,62.280000,4,29.271600,0.000000,15.5700000000,47.0000000000,0,0,0,0
905,OFF-EN-10004030,"Convenience Packs of Business Envelopes","Office Supplies",Envelopes,2023-10-03,2026-12-10,6,6,6,58.644000,18,8.651800,0.100000,3.2580000000,14.7530864198,0,0,0,1
906,OFF-EN-10004147,"Wausau Papers Astrobrights Colored Envelopes","Office Supplies",Envelopes,2024-05-15,2026-09-23,3,3,3,50.232000,9,22.783800,0.250000,5.5813333333,45.3571428571,0,0,0,0
907,OFF-EN-10004206,"Multimedia Mailers","Office Supplies",Envelopes,2026-03-30,2026-03-30,1,1,1,325.860000,2,NULL,0.000000,162.9300000000,NULL,0,0,1,0
908,OFF-EN-10004386,"Recycled Interoffice Envelopes with String and Button Closure  10 x 13","Office Supplies",Envelopes,2024-03-20,2026-12-09,5,5,5,259.092000,12,115.152000,0.080000,21.5910000000,44.4444444444,0,0,0,0
909,OFF-EN-10004459,"Security-Tint Envelopes","Office Supplies",Envelopes,2023-06-03,2026-11-14,9,9,9,163.496000,23,73.878800,0.127778,7.1085217391,45.1869158879,0,0,0,0
910,OFF-EN-10004483,"#10 White Business Envelopes 4 1/8 x 9 1/2","Office Supplies",Envelopes,2023-09-21,2026-06-22,7,7,7,488.904000,32,223.140800,0.057143,15.2782500000,45.6410256410,0,0,0,0
911,OFF-EN-10004773,"Staple envelope","Office Supplies",Envelopes,2023-04-22,2025-12-23,4,4,4,433.720000,15,196.723000,0.100000,28.9146666667,45.3571428571,0,0,0,0
912,OFF-EN-10004846,"Letter or Legal Size Expandable Poly String Tie Envelopes","Office Supplies",Envelopes,2023-10-02,2026-11-02,4,4,4,36.708000,16,15.002400,0.100000,2.2942500000,40.8695652174,0,0,0,0
913,OFF-EN-10004955,"Fashion Color Clasp Envelopes","Office Supplies",Envelopes,2023-11-22,2026-05-14,3,3,3,64.920000,15,36.517500,0.066667,5.4100000000,49.0000000000,1,0,0,0
914,OFF-FA-10000053,"Revere Boxed Rubber Bands by Revere","Office Supplies",Fasteners,2023-09-14,2026-01-24,6,6,6,48.006000,29,-5.707800,0.100000,1.6553793103,-11.8897637795,0,0,0,3
915,OFF-FA-10000089,"Acco Glide Clips","Office Supplies",Fasteners,2023-12-29,2026-12-29,7,6,2,186.060000,32,78.162000,0.078571,5.8143750000,42.0090293454,0,0,0,0
916,OFF-FA-10000134,"Advantus Push Pins  Aluminum Head","Office Supplies",Fasteners,2023-04-18,2026-12-01,5,5,5,139.440000,24,43.226400,0.000000,5.8100000000,31.0000000000,0,0,0,0
917,OFF-FA-10000254,"Sterling Rubber Bands by Alliance","Office Supplies",Fasteners,2023-10-01,2023-10-03,2,2,2,19.782000,5,-3.768000,0.100000,3.9564000000,-19.0476190476,0,0,0,1
918,OFF-FA-10000304,"Advantus Push Pins","Office Supplies",Fasteners,2023-07-15,2026-09-20,7,7,7,50.576000,25,20.208600,0.057143,2.0230400000,36.4224137931,1,1,0,0
919,OFF-FA-10000490,"OIC Binder Clips  Mini  1/4" Capacity  Black","Office Supplies",Fasteners,2023-12-16,2026-07-14,5,5,5,15.624000,13,7.080400,0.040000,1.2018461538,45.3174603175,0,0,0,0
920,OFF-FA-10000585,"OIC Bulk Pack Metal Binder Clips","Office Supplies",Fasteners,2023-11-04,2026-12-28,8,8,8,80.968000,188,35.598000,0.125000,0.4400434783,39.4827586207,1,0,0,0
921,OFF-FA-10000611,"Binder Clips by OIC","Office Supplies",Fasteners,2023-04-08,2026-12-07,7,7,7,24.272000,19,13.912000,0.114286,1.2774736842,38.6111111111,1,1,1,0
922,OFF-FA-10000621,"OIC Colored Binder Clips  Assorted Sizes","Office Supplies",Fasteners,2023-07-28,2026-10-12,7,7,7,139.620000,44,59.284800,0.085714,3.1731818182,42.4615384615,0,0,0,0
923,OFF-FA-10000624,"OIC Binder Clips","Office Supplies",Fasteners,2023-06-17,2026-11-19,7,7,7,128.164000,38,60.144000,0.028571,3.3727368421,46.9273743017,0,0,0,0
924,OFF-FA-10000735,Staples,"Office Supplies",Fasteners,2023-10-02,2026-10-24,5,5,5,54.312000,19,23.798000,0.040000,2.8585263158,43.8172043011,0,0,0,0
925,OFF-FA-10000840,"OIC Thumb-Tacks","Office Supplies",Fasteners,2023-05-04,2026-05-23,3,3,3,12.996000,13,5.141400,0.133333,0.9996923077,39.5614035088,0,0,0,0
926,OFF-FA-10000936,"Acco Hot Clips Clips to Go","Office Supplies",Fasteners,2023-09-07,2026-09-11,6,6,6,67.116000,23,25.497500,0.133333,2.9180869565,37.9901960784,0,0,0,0
927,OFF-FA-10000992,"Acco Clips to Go Binder Clips  24 Clips in Two Sizes","Office Supplies",Fasteners,2023-08-01,2026-09-11,5,5,5,66.030000,19,30.281500,0.040000,3.4752631579,45.8602150538,0,0,0,0
928,OFF-FA-10001135,"Brites Rubber Bands  1 1/2 oz. Box","Office Supplies",Fasteners,2024-11-01,2026-07-07,3,3,3,13.068000,7,-0.514800,0.066667,1.8668571429,-3.9393939394,0,0,0,1
929,OFF-FA-10001229,Staples,"Office Supplies",Fasteners,2024-04-16,2026-02-20,3,3,3,29.868000,9,10.768200,0.133333,3.3186666667,36.0526315789,0,0,0,0
930,OFF-FA-10001332,"Acco Banker's Clasps  5 3/4"-Long","Office Supplies",Fasteners,2023-04-11,2026-12-14,7,7,5,116.224000,35,26.120000,0.085714,3.6320000000,46.4013732834,1,0,1,0
931,OFF-FA-10001561,"Stockwell Push Pins","Office Supplies",Fasteners,2023-03-11,2026-12-11,8,8,8,63.220000,31,20.099600,0.075000,2.0393548387,28.3793103448,1,1,0,0
932,OFF-FA-10001754,"Stockwell Gold Paper Clips","Office Supplies",Fasteners,2025-11-24,2025-12-16,2,2,2,8.096000,5,-20.276800,0.100000,1.6192000000,-250.4545454545,0,0,0,1
933,OFF-FA-10001843,Staples,"Office Supplies",Fasteners,2023-02-02,2026-09-04,4,4,4,50.388000,22,21.587800,0.050000,2.2903636364,42.8431372549,0,0,0,0
934,OFF-FA-10001883,"Alliance Super-Size Bands  Assorted Sizes","Office Supplies",Fasteners,2023-01-06,2025-10-07,4,4,4,197.612000,19,-10.347400,0.050000,7.7800000000,-5.2362204724,0,1,0,1
935,OFF-FA-10002280,"Advantus Plastic Paper Clips","Office Supplies",Fasteners,2023-09-08,2026-09-29,10,10,10,225.000000,47,102.800000,0.060000,4.7872340426,45.6888888889,0,0,0,0
936,OFF-FA-10002676,"Colored Push Pins","Office Supplies",Fasteners,2023-08-17,2026-04-24,5,5,5,24.978000,15,7.602000,0.080000,1.6652000000,30.4347826087,0,0,0,0
937,OFF-FA-10002701,"Alliance Rubber Bands","Office Supplies",Fasteners,2024-11-08,2026-02-23,2,2,2,13.440000,8,0.537600,0.000000,1.6800000000,4.0000000000,0,0,0,0
938,OFF-FA-10002763,"Advantus Map Pennant Flags and Round Head Tacks","Office Supplies",Fasteners,2023-10-24,2026-03-05,6,6,6,87.690000,25,20.540000,0.066667,3.5076000000,23.4234234234,0,0,0,0
939,OFF-FA-10002780,Staples,"Office Supplies",Fasteners,2023-04-13,2026-10-05,7,7,5,5307.836000,46,1392.275200,0.085714,115.3877391304,26.2305617581,0,0,0,0
940,OFF-FA-10002815,Staples,"Office Supplies",Fasteners,2023-05-13,2025-12-26,5,5,3,95.016000,23,40.888400,0.080000,4.1311304348,43.0331733603,0,0,0,0
941,OFF-FA-10002975,Staples,"Office Supplies",Fasteners,2023-10-31,2026-12-25,4,4,4,77.112000,24,28.123200,0.100000,3.2130000000,36.4705882353,0,0,0,0
942,OFF-FA-10002983,"Advantus SlideClip Paper Clips","Office Supplies",Fasteners,2025-08-26,2025-11-20,3,3,3,46.376000,568,19.778000,0.066667,0.0816478873,42.6470588235,0,0,0,0
943,OFF-FA-10002988,"Ideal Clamps","Office Supplies",Fasteners,2023-09-08,2026-12-29,8,8,8,58.692000,33,24.863700,0.100000,1.7785454545,42.3630136986,0,0,0,0
944,OFF-FA-10003021,Staples,"Office Supplies",Fasteners,2023-11-01,2026-03-26,6,6,6,34.592000,22,7.708000,0.133333,1.5723636364,22.2826086957,0,0,0,0
945,OFF-FA-10003059,"Assorted Color Push Pins","Office Supplies",Fasteners,2023-12-14,2026-12-25,8,8,8,34.390000,21,8.923300,0.100000,1.6376190476,25.9473684211,0,0,0,0
946,OFF-FA-10003112,Staples,"Office Supplies",Fasteners,2023-03-18,2026-10-07,7,7,7,146.754000,22,51.285000,0.142857,6.6706363636,34.9462365591,0,0,0,0
947,OFF-FA-10003467,"Alliance Big Bands Rubber Bands  12/Pack","Office Supplies",Fasteners,2023-01-23,2025-12-06,4,4,4,29.700000,15,-19.800000,0.000000,1.9800000000,-66.6666666667,0,0,0,1
948,OFF-FA-10003472,"Bagged Rubber Bands","Office Supplies",Fasteners,2024-05-31,2026-12-30,5,5,5,25.704000,21,0.302400,0.040000,1.2240000000,1.1764705882,0,0,0,1
949,OFF-FA-10003485,Staples,"Office Supplies",Fasteners,2023-12-27,2024-03-20,2,2,2,26.724000,12,9.746400,0.100000,2.2270000000,36.4705882353,0,0,0,0
950,OFF-FA-10003495,Staples,"Office Supplies",Fasteners,2023-06-28,2026-11-12,7,7,7,192.128000,35,85.728000,0.057143,5.4893714286,44.6202531646,0,0,0,0
951,OFF-FA-10004076,"Translucent Push Pins by OIC","Office Supplies",Fasteners,2025-06-23,2026-04-13,3,3,3,16.632000,10,5.841000,0.250000,1.6632000000,25.0000000000,1,1,0,0
952,OFF-FA-10004248,"Advantus T-Pin Paper Clips","Office Supplies",Fasteners,2023-12-19,2026-11-24,5,5,5,64.042000,16,11.229900,0.120000,4.0026250000,27.0652173913,0,0,1,0
953,OFF-FA-10004395,"Plymouth Boxed Rubber Bands by Plymouth","Office Supplies",Fasteners,2023-03-01,2026-06-25,5,5,5,47.100000,18,-3.297000,0.080000,4.7100000000,5.0000000000,2,0,0,2
954,OFF-FA-10004838,"Super Bands  12/Pack","Office Supplies",Fasteners,2023-08-09,2026-11-02,4,4,4,33.480000,20,-2.994600,0.100000,1.6740000000,-14.6363636364,0,0,1,2
955,OFF-FA-10004854,"Vinyl Coated Wire Paper Clips in Organizer Box  800/Box","Office Supplies",Fasteners,2023-08-11,2026-11-11,8,8,8,296.184000,29,119.736400,0.100000,10.2132413793,40.4263565891,0,0,0,0
956,OFF-FA-10004968,"Rubber Band Ball","Office Supplies",Fasteners,2024-11-07,2026-02-19,4,4,4,52.360000,16,-0.299200,0.050000,3.7400000000,2.0000000000,1,0,0,1
957,OFF-LA-10000081,"Avery 496","Office Supplies",Labels,2025-05-03,2026-04-23,4,4,4,50.250000,14,-2.100000,0.100000,3.5892857143,-6.6666666667,0,0,1,1
958,OFF-LA-10000121,"Avery 48","Office Supplies",Labels,2023-09-29,2026-09-14,3,3,3,90.720000,15,34.776000,0.066667,6.0480000000,46.0000000000,0,0,1,0
959,OFF-LA-10000134,"Avery 511","Office Supplies",Labels,2024-08-27,2026-10-26,6,6,6,56.672000,20,24.640000,0.100000,2.8336000000,43.4782608696,0,0,0,0
960,OFF-LA-10000240,"Self-Adhesive Address Labels for Typewriters by Universal","Office Supplies",Labels,2023-08-01,2026-05-13,7,7,7,153.510000,23,64.401100,0.085714,6.6743478261,41.9523809524,0,0,0,0
961,OFF-LA-10000248,"Avery 52","Office Supplies",Labels,2023-11-25,2026-12-05,6,6,6,68.634000,19,31.475700,0.033333,3.6123157895,45.8602150538,0,0,0,0
962,OFF-LA-10000262,"Avery 494","Office Supplies",Labels,2023-08-09,2026-04-01,6,6,6,56.376000,23,23.959800,0.100000,2.4511304348,42.5000000000,0,0,0,0
963,OFF-LA-10000305,"Avery 495","Office Supplies",Labels,2023-03-03,2026-08-15,4,4,4,97.020000,16,42.588000,0.050000,6.0637500000,43.8961038961,0,0,0,0
964,OFF-LA-10000407,"Avery White Multi-Purpose Labels","Office Supplies",Labels,2023-11-10,2025-12-18,4,4,4,79.680000,20,41.832000,0.050000,4.9800000000,46.0000000000,1,0,0,0
965,OFF-LA-10000414,"Avery 503","Office Supplies",Labels,2024-09-11,2026-11-06,4,4,4,155.250000,15,74.520000,0.000000,10.3500000000,48.0000000000,0,0,0,0
966,OFF-LA-10000443,"Avery 501","Office Supplies",Labels,2023-03-19,2026-09-09,8,8,8,66.420000,22,-10.110600,0.175000,3.0190909091,-16.7073170732,0,0,1,1
967,OFF-LA-10000452,"Avery 488","Office Supplies",Labels,2023-04-28,2025-08-15,6,6,6,51.030000,17,23.184000,0.066667,3.0017647059,45.4320987654,0,0,0,0
968,OFF-LA-10000476,"Avery 05222 Permanent Self-Adhesive File Folder Labels for Typewriters  on Rolls  White  250/Roll","Office Supplies",Labels,2024-07-09,2026-03-27,2,2,2,20.650000,5,9.499000,0.275000,4.1300000000,46.0000000000,0,0,0,0
969,OFF-LA-10000634,"Avery 509","Office Supplies",Labels,2023-12-02,2026-07-15,4,4,4,32.364000,10,14.041800,0.050000,2.6100000000,43.3870967742,0,1,0,0
970,OFF-LA-10000973,"Avery 502","Office Supplies",Labels,2025-05-02,2026-05-14,3,3,3,17.640000,7,6.174000,0.200000,2.5200000000,35.0000000000,0,0,0,0
971,OFF-LA-10001045,"Permanent Self-Adhesive File Folder Labels for Typewriters by Universal","Office Supplies",Labels,2023-11-16,2026-11-11,6,6,6,44.370000,18,19.000800,0.033333,2.4650000000,42.8235294118,0,0,0,0
972,OFF-LA-10001074,"Round Specialty Laser Printer Labels","Office Supplies",Labels,2023-01-16,2026-11-28,6,6,6,421.008000,39,162.012900,0.133333,10.7950769231,38.4821428571,0,0,0,0
973,OFF-LA-10001158,"Avery Address/Shipping Labels for Typewriters  4" x 2"","Office Supplies",Labels,2023-11-26,2026-09-25,7,7,7,244.260000,28,126.684000,0.107143,10.1775000000,47.1186440678,1,0,0,0
974,OFF-LA-10001175,"Avery 514","Office Supplies",Labels,2023-07-11,2026-09-17,4,4,4,47.808000,15,22.838400,0.050000,2.8800000000,47.7710843373,0,1,0,0
975,OFF-LA-10001297,"Avery 473","Office Supplies",Labels,2025-04-01,2026-12-28,6,6,6,248.400000,24,119.232000,0.000000,10.3500000000,48.0000000000,0,0,0,0
976,OFF-LA-10001317,"Avery 520","Office Supplies",Labels,2023-11-25,2026-12-03,5,5,5,46.620000,15,-20.916000,0.040000,3.1080000000,-73.7777777778,0,0,3,1
977,OFF-LA-10001404,"Avery 517","Office Supplies",Labels,2025-12-09,2026-12-22,6,6,4,127.944000,17,-8.737900,0.100000,7.5261176471,-6.8294722691,0,0,0,1
978,OFF-LA-10001474,"Avery 477","Office Supplies",Labels,2023-12-29,2026-12-09,6,6,4,696.084000,26,300.420000,0.150000,29.0035000000,43.1585843088,1,0,1,0
979,OFF-LA-10001569,"Avery 499","Office Supplies",Labels,2023-09-20,2026-09-29,11,11,10,176.292000,277,-58.564800,0.109091,0.6364332130,-33.2203389831,0,0,0,1
980,OFF-LA-10001613,"Avery File Folder Labels","Office Supplies",Labels,2023-04-28,2026-11-23,13,13,13,113.472000,44,48.844800,0.107692,2.5789090909,43.0456852792,0,0,0,0
981,OFF-LA-10001641,"Avery 518","Office Supplies",Labels,2023-04-04,2026-10-19,8,8,8,106.470000,35,49.140000,0.050000,3.0420000000,46.1538461538,0,0,0,0
982,OFF-LA-10001771,"Avery 513","Office Supplies",Labels,2023-06-03,2026-11-03,5,5,5,93.624000,22,34.461600,0.150000,4.2556363636,36.8085106383,0,0,0,0
983,OFF-LA-10001934,"Avery 516","Office Supplies",Labels,2023-07-05,2025-06-23,4,4,4,109.650000,15,51.535500,0.000000,7.3100000000,47.0000000000,0,0,0,0
984,OFF-LA-10001982,"Smead Alpha-Z Color-Coded Name Labels First Letter Starter Set","Office Supplies",Labels,2023-03-26,2026-10-30,5,5,5,71.250000,20,32.250000,0.080000,3.5625000000,45.2631578947,0,0,0,0
985,OFF-LA-10002034,"Avery 478","Office Supplies",Labels,2025-08-04,2026-10-20,4,4,4,88.380000,18,43.306200,0.000000,4.9100000000,49.0000000000,0,0,0,0
986,OFF-LA-10002043,"Avery 489","Office Supplies",Labels,2023-11-28,2026-10-13,5,5,5,117.990000,12,-267.030000,0.040000,9.8325000000,-243.1578947368,1,1,0,2
987,OFF-LA-10002195,"Avery 481","Office Supplies",Labels,2023-05-03,2026-11-04,5,5,5,86.240000,30,43.120000,0.040000,3.0800000000,48.0000000000,1,0,0,0
988,OFF-LA-10002271,"Smead Alpha-Z Color-Coded Second Alphabetical Labels and Starter Set","Office Supplies",Labels,2023-10-03,2026-05-12,5,5,5,48.048000,16,22.422400,0.040000,3.0030000000,46.6666666667,0,0,0,0
989,OFF-LA-10002312,"Avery 490","Office Supplies",Labels,2023-03-30,2026-06-15,5,5,5,177.600000,13,81.400000,0.080000,13.6615384615,45.8333333333,0,0,0,0
990,OFF-LA-10002368,"Avery 479","Office Supplies",Labels,2023-04-13,2025-12-27,3,3,3,16.704000,7,5.637600,0.066667,2.3862857143,40.0000000000,0,0,1,0
991,OFF-LA-10002381,"Avery 497","Office Supplies",Labels,2024-12-27,2026-03-04,2,2,2,24.024000,1,11.211200,0.100000,2.4640000000,46.6666666667,0,1,0,0
992,OFF-LA-10002473,"Avery 484","Office Supplies",Labels,2025-08-27,2025-08-27,1,1,1,9.216000,4,3.340800,0.200000,2.3040000000,36.2500000000,0,0,0,0
993,OFF-LA-10002475,"Avery 519","Office Supplies",Labels,2023-10-04,2026-10-28,6,6,6,121.346000,18,51.608600,0.066667,6.7414444444,42.5301204819,0,0,0,0
994,OFF-LA-10002762,"Avery 485","Office Supplies",Labels,2023-07-26,2026-07-08,8,8,8,639.030000,51,300.344100,0.068750,12.5300000000,47.0000000000,0,0,0,0
995,OFF-LA-10002787,"Avery 480","Office Supplies",Labels,2023-02-06,2026-07-30,6,6,6,89.250000,24,42.450000,0.033333,3.7187500000,47.5630252101,0,0,0,0
996,OFF-LA-10002945,"Permanent Self-Adhesive File Folder Labels for Typewriters  1 1/8 x 3 1/2  White","Office Supplies",Labels,2023-09-29,2025-12-23,6,6,6,153.720000,29,43.470000,0.133333,5.3006896552,33.8235294118,0,0,1,0
997,OFF-LA-10003077,"Avery 500","Office Supplies",Labels,2024-01-23,2026-10-30,2,2,2,58.480000,8,27.485600,0.000000,7.3100000000,47.0000000000,0,0,0,0
998,OFF-LA-10003121,"Avery 506","Office Supplies",Labels,2023-05-09,2026-03-19,3,3,3,66.080000,17,14.868000,0.066667,3.8870588235,40.0000000000,0,0,1,0
999,OFF-LA-10003148,"Avery 51","Office Supplies",Labels,2023-09-14,2025-09-23,5,5,5,75.600000,16,41.328000,0.040000,6.3000000000,46.0000000000,1,0,0,0
1000,OFF-LA-10003190,"Avery 474","Office Supplies",Labels,2024-08-23,2026-04-30,9,9,8,55.296000,267,34.272000,0.111111,0.2134980695,41.5625000000,1,0,0,0
1001,OFF-LA-10003223,"Avery 508","Office Supplies",Labels,2023-01-04,2026-06-20,6,6,6,87.398000,19,39.820100,0.066667,4.5998947368,45.5617977528,0,0,0,0
1002,OFF-LA-10003388,"Avery 5","Office Supplies",Labels,2026-04-30,2026-04-30,1,1,1,5.760000,2,2.822400,0.000000,2.8800000000,49.0000000000,0,0,0,0
1003,OFF-LA-10003498,"Avery 475","Office Supplies",Labels,2023-11-01,2026-12-16,4,4,4,266.400000,18,133.200000,0.000000,14.8000000000,50.0000000000,0,0,0,0
1004,OFF-LA-10003510,"Avery 4027 File Folder Labels for Dot Matrix Printers  5000 Labels per Box  White","Office Supplies",Labels,2023-10-20,2026-12-08,11,11,11,1233.412000,43,524.505400,0.090909,28.6840000000,42.5247524752,0,0,0,0
1005,OFF-LA-10003537,"Avery 515","Office Supplies",Labels,2025-08-23,2026-03-05,2,2,2,62.650000,5,29.445500,0.000000,12.5300000000,47.0000000000,0,0,0,0
1006,OFF-LA-10003663,"Avery 498","Office Supplies",Labels,2025-07-30,2026-07-25,3,3,3,35.258000,13,15.345900,0.066667,2.7121538462,43.5245901639,0,0,0,0
1007,OFF-LA-10003714,"Avery 510","Office Supplies",Labels,2024-09-22,2026-10-20,3,3,3,21.750000,7,8.100000,0.133333,3.1071428571,37.2413793103,0,0,0,0
1008,OFF-LA-10003720,"Avery 487","Office Supplies",Labels,2023-12-20,2026-11-18,7,7,7,84.870000,25,28.007100,0.057143,3.3948000000,45.7228915663,0,0,1,0
1009,OFF-LA-10003766,"Self-Adhesive Removable Labels","Office Supplies",Labels,2024-05-17,2026-12-08,7,7,7,110.250000,35,52.920000,0.000000,3.1500000000,48.0000000000,0,0,0,0
1010,OFF-LA-10003923,"Alphabetical Labels for Top Tab Filing","Office Supplies",Labels,2023-09-09,2026-11-04,9,9,9,518.000000,37,244.200000,0.066667,14.0000000000,47.1428571429,0,0,0,0
1011,OFF-LA-10003930,"Dot Matrix Printer Tape Reel Labels  White  5000/Box","Office Supplies",Labels,2023-06-10,2026-09-24,8,8,8,3322.878000,36,1517.906400,0.050000,92.3021666667,45.6804733728,0,0,0,0
1012,OFF-LA-10004008,"Avery 507","Office Supplies",Labels,2024-10-26,2024-12-18,2,2,2,24.192000,10,8.640000,0.100000,2.4192000000,35.7142857143,0,0,0,0
1013,OFF-LA-10004055,"Color-Coded Legal Exhibit Labels","Office Supplies",Labels,2026-04-09,2026-04-29,2,2,2,14.730000,3,7.217700,0.000000,4.9100000000,49.0000000000,0,0,0,0
1014,OFF-LA-10004093,"Avery 486","Office Supplies",Labels,2024-04-18,2026-08-13,9,9,9,168.130000,24,75.146800,0.044444,7.0054166667,44.6956521739,0,0,0,0
1015,OFF-LA-10004178,"Avery 491","Office Supplies",Labels,2024-06-01,2026-07-25,3,3,3,42.126000,8,18.667600,0.133333,4.1300000000,41.7647058824,1,1,0,0
1016,OFF-LA-10004272,"Avery 482","Office Supplies",Labels,2023-01-10,2026-07-11,2,2,2,NULL,4,5.433200,0.000000,NULL,NULL,2,0,0,0
1017,OFF-LA-10004345,"Avery 493","Office Supplies",Labels,2025-04-28,2026-02-18,4,4,4,55.974000,13,16.203000,0.100000,4.3056923077,39.2857142857,0,0,1,0
1018,OFF-LA-10004409,"Avery 492","Office Supplies",Labels,2023-03-21,2026-12-09,5,5,5,53.568000,178,22.464000,0.080000,0.3009438202,41.9354838710,0,0,0,0
1019,OFF-LA-10004425,"Staple-on labels","Office Supplies",Labels,2023-02-23,2025-02-19,5,5,5,53.754000,21,21.588300,0.080000,2.5597142857,40.1612903226,0,0,0,0
1020,OFF-LA-10004484,"Avery 476","Office Supplies",Labels,2023-03-23,2026-11-03,10,10,10,137.116000,37,39.565400,0.080000,3.7058378378,43.5454545455,0,0,3,0
1021,OFF-LA-10004544,"Avery 505","Office Supplies",Labels,2023-03-21,2026-09-02,7,7,7,372.960000,28,99.160000,0.114286,13.3200000000,41.3580246914,0,0,2,0
1022,OFF-LA-10004545,"Avery 50","Office Supplies",Labels,2024-08-07,2026-05-11,5,5,5,235.564000,20,102.746000,0.040000,11.7782000000,43.6170212766,0,0,0,0
1023,OFF-LA-10004559,"Avery 49","Office Supplies",Labels,2023-07-09,2026-12-13,6,6,6,66.816000,24,31.564800,0.125000,2.7840000000,47.2413793103,0,0,0,0
1024,OFF-LA-10004677,"Self-Adhesive Address Labels for Typewriters with Dispenser Box","Office Supplies",Labels,2024-06-19,2026-09-30,2,2,2,26.568000,9,8.966700,0.200000,2.9520000000,33.7500000000,0,0,0,0
1025,OFF-LA-10004689,"Avery 512","Office Supplies",Labels,2023-10-04,2026-06-26,5,5,5,84.388000,32,23.148900,0.080000,2.6371250000,39.6534653465,0,0,2,0
1026,OFF-LA-10004853,"Avery 483","Office Supplies",Labels,2023-02-11,2026-12-01,6,6,6,83.664000,19,32.569200,0.100000,4.4033684211,38.9285714286,0,0,0,0
1027,OFF-PA-10000007,"Telephone Message Books with Fax/Mobile Section  4 1/4" x 6"","Office Supplies",Paper,2025-01-25,2026-12-05,3,3,3,51.120000,15,21.960000,0.066667,3.4080000000,42.9577464789,0,0,0,0
1028,OFF-PA-10000019,"Xerox 1931","Office Supplies",Paper,2023-08-23,2026-12-22,8,8,8,209.952000,36,88.646400,0.075000,5.8320000000,42.2222222222,0,0,0,0
1029,OFF-PA-10000029,"Xerox 224","Office Supplies",Paper,2023-04-11,2025-09-14,6,6,6,95.904000,17,38.620800,0.100000,5.6414117647,40.2702702703,0,0,0,0
1030,OFF-PA-10000048,"Xerox 20","Office Supplies",Paper,2024-12-06,2024-12-06,1,1,1,6.480000,1,3.110400,0.000000,6.4800000000,48.0000000000,0,0,0,0
1031,OFF-PA-10000061,"Xerox 205","Office Supplies",Paper,2023-06-01,2026-09-08,4,4,4,150.336000,24,62.208000,0.050000,6.2640000000,48.0000000000,0,0,1,0
1032,OFF-PA-10000062,"Green Bar Computer Printout Paper","Office Supplies",Paper,2023-12-07,2026-10-16,5,5,5,802.416000,251,380.872800,0.040000,2.5501440000,44.1095890411,1,1,0,0
1033,OFF-PA-10000069,"TOPS 4 x 6 Fluorescent Color Memo Sheets  500 Sheets per Pack","Office Supplies",Paper,2023-02-24,2026-10-09,3,3,3,102.492000,13,29.419000,0.133333,7.8840000000,36.9047619048,0,0,1,0
1034,OFF-PA-10000100,"Xerox 1945","Office Supplies",Paper,2023-04-07,2026-08-31,8,8,8,1696.986000,45,756.265500,0.118750,37.7108000000,44.5652173913,0,0,0,0
1035,OFF-PA-10000130,"Xerox 199","Office Supplies",Paper,2023-11-10,2026-08-25,4,4,4,44.512000,16,19.688000,0.150000,3.4240000000,31.2500000000,1,0,0,0
1036,OFF-PA-10000141,"Ampad Evidence Wirebond Steno Books  6" x 9"","Office Supplies",Paper,2023-11-03,2026-08-23,4,4,4,27.468000,14,11.292400,0.100000,1.9620000000,41.1111111111,0,0,0,0
1037,OFF-PA-10000143,"Astroparche Fine Business Paper","Office Supplies",Paper,2023-12-09,2026-11-06,6,6,6,144.672000,29,56.179200,0.066667,4.9886896552,47.0796460177,0,0,1,0
1038,OFF-PA-10000157,"Xerox 191","Office Supplies",Paper,2024-08-21,2026-11-06,10,10,10,707.292000,36,338.061600,0.020000,19.6470000000,47.0000000000,1,1,1,0
1039,OFF-PA-10000167,"Xerox 1925","Office Supplies",Paper,2023-06-18,2026-06-18,8,8,7,638.188000,24,229.252000,0.125000,26.5911666667,35.9223300971,0,0,0,0
1040,OFF-PA-10000174,"Message Book  Wirebound  Four 5 1/2" X 4" Forms/Pg.  200 Dupl. Sets/Book","Office Supplies",Paper,2023-01-03,2026-07-03,6,6,6,152.144000,18,44.409600,0.166667,8.4524444444,33.7500000000,0,0,1,0
1041,OFF-PA-10000176,"Xerox 1887","Office Supplies",Paper,2023-03-14,2026-12-22,8,8,8,512.190000,30,216.258000,0.100000,17.0730000000,42.2222222222,0,0,0,0
1042,OFF-PA-10000210,"Xerox Blank Computer Paper","Office Supplies",Paper,2025-06-06,2025-06-06,1,1,1,99.900000,5,46.953000,0.000000,19.9800000000,47.0000000000,0,0,0,0
1043,OFF-PA-10000213,"Xerox 198","Office Supplies",Paper,2023-03-11,2024-05-07,3,3,3,75.696000,16,12.400200,0.066667,4.7310000000,40.1612903226,0,0,1,0
1044,OFF-PA-10000223,"Xerox 2000","Office Supplies",Paper,2023-09-07,2026-08-12,5,5,5,84.240000,14,37.065600,0.080000,6.0171428571,44.0000000000,0,0,0,0
1045,OFF-PA-10000232,"Xerox 1975","Office Supplies",Paper,2025-06-12,2026-12-13,5,5,5,69.984000,12,30.326400,0.080000,5.8320000000,43.3333333333,0,0,0,0
1046,OFF-PA-10000241,"IBM Multi-Purpose Copy Paper  8 1/2 x 11"  Case","Office Supplies",Paper,2025-06-12,2026-12-04,6,6,6,458.504000,16,185.880000,0.100000,28.6565000000,40.5405405405,0,0,0,0
1047,OFF-PA-10000246,"Riverleaf Stik-Withit Designer Note Cubes","Office Supplies",Paper,2023-08-20,2026-07-18,5,5,5,136.816000,15,32.192000,0.080000,9.1210666667,37.2093023256,0,0,2,0
1048,OFF-PA-10000249,"Easy-staple paper","Office Supplies",Paper,2024-02-21,2026-10-19,6,6,6,196.480000,17,85.837200,0.066667,11.5576470588,43.6875000000,0,0,0,0
1049,OFF-PA-10000289,"Xerox 213","Office Supplies",Paper,2023-04-12,2026-12-18,6,6,6,111.456000,18,50.803200,0.066667,6.1920000000,45.5813953488,0,0,0,0
1050,OFF-PA-10000295,"Xerox 229","Office Supplies",Paper,2023-08-12,2025-11-04,3,3,3,38.880000,15,29.548800,0.133333,6.4800000000,48.0000000000,2,0,1,0
1051,OFF-PA-10000300,"Xerox 1936","Office Supplies",Paper,2024-11-22,2026-10-28,3,3,3,155.844000,9,60.539400,0.133333,17.3160000000,38.8461538462,0,0,0,0
1052,OFF-PA-10000304,"Xerox 1995","Office Supplies",Paper,2023-06-28,2026-12-07,6,6,6,121.824000,22,47.692800,0.158333,5.5374545455,39.1489361702,0,0,0,0
1053,OFF-PA-10000308,"Xerox 1901","Office Supplies",Paper,2026-11-19,2026-11-19,1,1,1,16.896000,4,5.280000,0.200000,4.2240000000,31.2500000000,0,0,0,0
1054,OFF-PA-10000312,"Xerox 1955","Office Supplies",Paper,2023-08-15,2026-06-15,2,2,2,182.720000,10,59.384000,0.200000,18.2720000000,32.5000000000,0,0,0,0
1055,OFF-PA-10000327,"Xerox 1971","Office Supplies",Paper,2023-03-02,2026-11-03,6,6,6,113.848000,28,47.936000,0.100000,4.0660000000,42.1052631579,0,0,0,0
1056,OFF-PA-10000349,"Easy-staple paper","Office Supplies",Paper,2023-09-02,2026-12-09,9,9,9,118.524000,25,52.539000,0.166667,4.7409600000,44.3277310924,0,0,0,0
1057,OFF-PA-10000350,"Message Book  Standard Line "While You Were Out"  5 1/2" X 4"  200 Sets/Book","Office Supplies",Paper,2023-02-04,2025-06-19,2,2,2,51.360000,6,24.139200,0.000000,8.5600000000,47.0000000000,0,0,0,0
1058,OFF-PA-10000357,"White Dual Perf Computer Printout Paper  2700 Sheets  1 Part  Heavyweight  20 lbs.  14 7/8 x 11","Office Supplies",Paper,2024-03-31,2026-07-02,6,6,6,877.186000,24,408.260400,0.100000,38.1385217391,45.1869158879,1,0,0,0
1059,OFF-PA-10000357-1,"Xerox 1888","Office Supplies",Paper,2023-11-19,2026-12-03,6,6,6,954.256000,24,539.265600,0.066667,50.2240000000,42.5581395349,1,0,0,0
1060,OFF-PA-10000380,"REDIFORM Incoming/Outgoing Call Register  11" X 8 1/2"  100 Messages","Office Supplies",Paper,2023-01-26,2026-12-07,8,8,8,281.892000,37,35.862000,0.075000,7.6187027027,12.7218934911,0,0,0,1
1061,OFF-PA-10000418,"Xerox 189","Office Supplies",Paper,2023-07-20,2026-09-03,6,6,6,1782.450000,98,599.742000,0.066667,18.1882653061,44.0000000000,0,0,1,0
1062,OFF-PA-10000466,"Memo Book  100 Message Capacity  5 3/8” x 11”","Office Supplies",Paper,2023-02-14,2025-03-29,3,3,3,76.836000,12,36.396000,0.066667,6.4030000000,47.3684210526,0,0,0,0
1063,OFF-PA-10000474,"Easy-staple paper","Office Supplies",Paper,2023-05-05,2026-09-17,12,12,12,1105.728000,34,467.099200,0.083333,32.5214117647,42.2435897436,0,0,0,0
1064,OFF-PA-10000477,"Xerox 1952","Office Supplies",Paper,2023-10-31,2026-10-12,4,4,4,97.608000,20,14.392200,0.050000,4.8804000000,43.7878787879,0,0,1,0
1065,OFF-PA-10000477-1,"Xerox 22","Office Supplies",Paper,2024-02-15,2026-11-23,3,3,3,55.728000,13,31.363200,0.066667,5.5728000000,39.5348837209,1,0,0,0
1066,OFF-PA-10000482,"Snap-A-Way Black Print Carbonless Ruled Speed Letter  Triplicate","Office Supplies",Paper,2023-09-08,2025-12-06,6,6,6,1016.792000,28,453.762400,0.033333,36.3140000000,44.6268656716,0,0,0,0
1067,OFF-PA-10000483,"Xerox 19","Office Supplies",Paper,2024-04-18,2026-05-14,4,4,4,415.132000,15,159.547000,0.100000,27.6754666667,38.4328358209,0,0,0,0
1068,OFF-PA-10000501,"Petty Cash Envelope","Office Supplies",Paper,2024-07-16,2025-09-08,3,3,3,231.856000,10,94.360000,0.133333,23.1856000000,40.6976744186,0,0,0,0
1069,OFF-PA-10000520,"Xerox 201","Office Supplies",Paper,2024-12-10,2026-12-01,5,5,5,110.160000,19,46.137600,0.080000,5.7978947368,41.8823529412,0,0,0,0
1070,OFF-PA-10000528,"Xerox 1981","Office Supplies",Paper,2023-12-29,2026-08-27,4,4,4,70.752000,14,30.096000,0.050000,5.0537142857,42.5373134328,0,0,0,0
1071,OFF-PA-10000533,"Southworth Parchment Paper & Envelopes","Office Supplies",Paper,2023-09-29,2025-09-18,6,6,5,83.712000,15,30.738000,0.133333,5.5808000000,36.7187500000,0,0,0,0
1072,OFF-PA-10000551,"Array Memo Cubes","Office Supplies",Paper,2025-08-14,2026-09-24,3,3,3,54.908000,11,25.848200,0.066667,4.9916363636,47.0754716981,0,0,0,0
1073,OFF-PA-10000552,"Xerox 200","Office Supplies",Paper,2023-07-11,2026-08-19,7,7,5,2767.770000,17,216.051300,0.085714,162.8100000000,9.0786249149,0,0,1,0
1074,OFF-PA-10000556,"Xerox 208","Office Supplies",Paper,2024-09-11,2026-10-03,2,2,2,38.880000,9,24.105600,0.100000,6.4800000000,48.0000000000,1,0,0,0
1075,OFF-PA-10000565,"Easy-staple paper","Office Supplies",Paper,2025-05-21,2026-11-05,2,2,2,NULL,5,137.151000,0.000000,NULL,NULL,2,0,0,0
1076,OFF-PA-10000575,"Wirebound Message Books  Four 2 3/4 x 5 White Forms per Page","Office Supplies",Paper,2023-11-25,2026-12-09,7,7,7,218.094000,34,95.265600,0.028571,6.4145294118,43.6809815951,0,0,0,0
1077,OFF-PA-10000587,"Array Parchment Paper  Assorted Colors","Office Supplies",Paper,2023-03-02,2025-06-17,4,4,4,106.288000,15,49.504000,0.050000,7.0858666667,46.5753424658,0,0,0,0
1078,OFF-PA-10000595,"Xerox 1929","Office Supplies",Paper,2023-08-17,2025-10-23,4,4,4,296.920000,16,154.398400,0.050000,22.8400000000,46.0000000000,1,0,0,0
1079,OFF-PA-10000605,"Xerox 1950","Office Supplies",Paper,2024-12-27,2026-07-14,3,3,3,49.708000,9,23.177800,0.066667,5.5231111111,46.6279069767,0,0,0,0
1080,OFF-PA-10000659,"TOPS Carbonless Receipt Book  Four 2-3/4 x 7-1/4 Money Receipts per Page","Office Supplies",Paper,2023-01-19,2026-05-12,4,4,4,318.864000,25,178.704000,0.100000,15.9432000000,42.8571428571,1,0,0,0
1081,OFF-PA-10000659-1,"Adams Phone Message Book  Professional  400 Message Capacity  5 3/6” x 11”","Office Supplies",Paper,2023-08-05,2025-12-10,3,3,3,94.928000,14,33.294600,0.066667,6.7805714286,45.0000000000,0,0,1,0
1082,OFF-PA-10000673,"Post-it “Important Message” Note Pad  Neon Colors  50 Sheets/Pad","Office Supplies",Paper,2026-09-18,2026-10-13,2,2,2,62.608000,9,28.537600,0.100000,6.9564444444,45.5813953488,0,0,0,0
1083,OFF-PA-10000675,"Xerox 1919","Office Supplies",Paper,2023-03-21,2026-11-24,9,9,9,1565.818000,40,705.847800,0.044444,39.1454500000,47.0491803279,0,0,1,0
1084,OFF-PA-10000682,"Xerox 1924","Office Supplies",Paper,2023-09-17,2026-06-01,4,4,4,36.992000,12,24.738400,0.150000,4.6240000000,36.2500000000,1,0,0,0
1085,OFF-PA-10000697,"TOPS Voice Message Log Book  Flash Format","Office Supplies",Paper,2025-05-15,2026-06-12,3,3,3,30.464000,12,20.372800,0.133333,3.8080000000,36.2500000000,1,0,0,0
1086,OFF-PA-10000726,"Black Print Carbonless Snap-Off Rapid Letter  8 1/2" x 7"","Office Supplies",Paper,2024-11-13,2026-05-04,6,6,4,219.144000,27,59.270800,0.066667,8.1164444444,38.1471803519,0,0,1,0
1087,OFF-PA-10000740,"Xerox 1982","Office Supplies",Paper,2025-10-15,2026-06-19,3,3,3,237.536000,170,89.532800,0.066667,1.3972705882,37.6923076923,0,0,0,0
1088,OFF-PA-10000743,"Xerox 1977","Office Supplies",Paper,2024-03-28,2026-07-20,6,6,6,130.928000,20,61.456000,0.033333,6.5464000000,46.9387755102,0,0,0,0
1089,OFF-PA-10000788,"Xerox 210","Office Supplies",Paper,2023-09-09,2026-12-10,6,6,6,95.904000,18,35.251200,0.166667,5.3280000000,36.7567567568,0,0,0,0
1090,OFF-PA-10000791,"Wirebound Message Books  Four 2 3/4 x 5 Forms per Page  200 Sets per Book","Office Supplies",Paper,2024-02-08,2026-11-02,6,6,6,115.434000,26,37.683000,0.066667,4.4397692308,44.3820224719,0,0,1,0
1091,OFF-PA-10000806,"Xerox 1934","Office Supplies",Paper,2023-08-04,2026-03-04,5,5,5,817.308000,652,526.212000,0.040000,1.2632272025,47.6027397260,1,0,0,0
1092,OFF-PA-10000807,"TOPS "Important Message" Pads  Canary  4-1/4 x 5-1/2  50 Sheets per Pad","Office Supplies",Paper,2025-04-12,2026-09-20,3,3,3,70.192000,14,31.629200,0.066667,4.2800000000,45.0609756098,0,1,0,0
1093,OFF-PA-10000809,"Xerox 206","Office Supplies",Paper,2024-08-23,2026-06-03,5,5,4,60.912000,11,14.515200,0.160000,5.5374545455,35.0000000000,0,0,1,0
1094,OFF-PA-10000859,"Unpadded Memo Slips","Office Supplies",Paper,2026-03-27,2026-09-09,2,2,2,11.940000,5,8.358000,0.100000,3.9800000000,50.0000000000,1,0,0,0
1095,OFF-PA-10000919,"Xerox 1918","Office Supplies",Paper,2023-03-17,2023-03-17,1,1,1,NULL,4,75.969600,0.000000,NULL,NULL,1,0,0,0
1096,OFF-PA-10000955,"Southworth 25% Cotton Granite Paper & Envelopes","Office Supplies",Paper,2023-01-06,2025-11-20,3,3,3,31.392000,7,8.109600,0.133333,5.2320000000,32.5000000000,1,0,1,0
1097,OFF-PA-10000994,"Xerox 1915","Office Supplies",Paper,2024-09-13,2026-12-29,9,9,9,2789.010000,28,1144.962000,0.044444,99.6075000000,46.6666666667,0,0,1,0
1098,OFF-PA-10001001,"Snap-A-Way Black Print Carbonless Speed Message  No Reply Area  Duplicate","Office Supplies",Paper,2025-05-05,2025-05-05,1,1,1,93.248000,4,31.471200,0.200000,23.3120000000,33.7500000000,0,0,0,0
1099,OFF-PA-10001019,"Xerox 1884","Office Supplies",Paper,2023-08-03,2026-12-09,8,8,8,543.456000,32,204.595200,0.100000,16.9830000000,37.6470588235,0,0,0,0
1100,OFF-PA-10001033,"Xerox 1893","Office Supplies",Paper,2023-11-11,2026-11-01,11,11,11,1434.650000,39,619.358900,0.090909,36.7858974359,43.1714285714,0,0,0,0
1101,OFF-PA-10001125,"Xerox 1988","Office Supplies",Paper,2023-08-23,2026-09-14,9,9,8,1102.888000,41,404.289000,0.111111,26.8997073171,36.6573033708,0,0,0,0
1102,OFF-PA-10001144,"Xerox 1913","Office Supplies",Paper,2023-06-30,2026-12-21,5,5,5,865.488000,17,375.044800,0.040000,50.9110588235,43.3333333333,0,0,0,0
1103,OFF-PA-10001166,"Xerox 2","Office Supplies",Paper,2023-06-20,2026-05-27,9,9,8,137.376000,25,47.692800,0.155556,5.4950400000,39.1489361702,0,0,1,0
1104,OFF-PA-10001166-1,"Xerox 1932","Office Supplies",Paper,2024-12-11,2024-12-11,1,1,1,85.056000,3,28.706400,0.200000,28.3520000000,33.7500000000,0,0,0,0
1105,OFF-PA-10001184,"Xerox 1903","Office Supplies",Paper,2023-10-14,2026-02-13,6,6,6,77.740000,261,65.540800,0.033333,0.3109600000,49.0000000000,3,0,0,0
1106,OFF-PA-10001204,"Xerox 1972","Office Supplies",Paper,2023-01-30,2026-11-21,5,5,5,46.464000,10,12.672000,0.120000,4.6464000000,35.2941176471,0,0,1,0
1107,OFF-PA-10001215,"Xerox 1963","Office Supplies",Paper,2023-03-14,2026-11-03,3,3,3,77.088000,175,27.720000,0.133333,0.4405028571,35.9589041096,0,0,0,0
1108,OFF-PA-10001243,"Xerox 1983","Office Supplies",Paper,2023-12-27,2025-03-28,2,2,2,29.900000,5,11.720800,0.000000,5.9800000000,49.0000000000,0,0,1,0
1109,OFF-PA-10001246,"Xerox 215","Office Supplies",Paper,2025-11-27,2026-06-16,2,2,2,45.360000,7,21.772800,0.000000,6.4800000000,48.0000000000,0,0,0,0
1110,OFF-PA-10001260,"TOPS Money Receipt Book  Consecutively Numbered in Red ","Office Supplies",Paper,2025-05-09,2026-01-16,2,2,2,88.110000,11,39.649500,0.000000,8.0100000000,45.0000000000,0,0,0,0
1111,OFF-PA-10001274,"Loose Memo Sheets","Office Supplies",Paper,2024-11-07,2024-11-26,2,2,2,18.250000,5,8.577500,0.000000,3.6500000000,47.0000000000,0,0,0,0
1112,OFF-PA-10001281,"Computer Printout Paper with Letter-Trim Fine Perforations","Office Supplies",Paper,2026-04-09,2026-04-09,1,1,1,191.600000,4,91.968000,0.000000,47.9000000000,48.0000000000,0,0,0,0
1113,OFF-PA-10001289,"White Computer Printout Paper by Universal","Office Supplies",Paper,2023-08-03,2026-08-27,8,8,8,1201.560000,35,547.678800,0.100000,34.3302857143,42.4193548387,1,1,0,0
1114,OFF-PA-10001293,"Xerox 1946","Office Supplies",Paper,2024-10-04,2026-12-09,3,3,3,79.056000,13,27.993600,0.066667,6.0812307692,48.0000000000,0,0,1,0
1115,OFF-PA-10001295,"Computer Printout Paper with Letter-Trim Perforations","Office Supplies",Paper,2023-12-23,2026-10-06,7,7,7,299.726000,261,169.212400,0.085714,1.1800236220,44.0506329114,1,0,0,0
1116,OFF-PA-10001307,"Important Message Pads  50 4-1/4 x 5-1/2 Forms per Pad","Office Supplies",Paper,2024-07-03,2026-03-03,4,4,4,54.600000,15,22.470000,0.100000,3.6400000000,41.1538461538,0,0,0,0
1117,OFF-PA-10001357,"Xerox 1886","Office Supplies",Paper,2024-08-09,2026-10-06,5,5,5,651.440000,12,302.728000,0.040000,47.9000000000,46.4705882353,0,1,0,0
1118,OFF-PA-10001363,"Xerox 1933","Office Supplies",Paper,2023-05-05,2026-11-16,5,5,5,294.720000,24,138.518400,0.000000,12.2800000000,47.0000000000,0,0,0,0
1119,OFF-PA-10001450,"Rediform S.O.S. Phone Message Books","Office Supplies",Paper,2024-09-18,2024-09-18,1,1,1,19.920000,4,NULL,0.000000,4.9800000000,NULL,0,0,1,0
1120,OFF-PA-10001457,"White GlueTop Scratch Pads","Office Supplies",Paper,2023-09-28,2023-12-13,2,2,2,186.496000,14,72.793600,0.100000,13.3211428571,39.0322580645,0,0,0,0
1121,OFF-PA-10001461,"HP Office Paper (20Lb. and 87 Bright)","Office Supplies",Paper,2025-07-16,2026-08-28,2,2,2,26.720000,14,38.209600,0.100000,5.3440000000,35.0000000000,1,0,0,0
1122,OFF-PA-10001471,"Strathmore Photo Frame Cards","Office Supplies",Paper,2023-05-25,2025-12-14,4,4,4,116.960000,16,53.801600,0.000000,7.3100000000,46.0000000000,0,0,0,0
1123,OFF-PA-10001497,"Xerox 1914","Office Supplies",Paper,2024-10-26,2026-07-09,5,5,5,956.304000,19,423.741600,0.080000,50.3317894737,44.3103448276,0,0,0,0
1124,OFF-PA-10001509,"Recycled Desk Saver Line "While You Were Out" Book  5 1/2" X 4"","Office Supplies",Paper,2023-11-09,2026-12-26,5,5,5,268.500000,30,123.510000,0.000000,8.9500000000,46.0000000000,0,0,0,0
1125,OFF-PA-10001526,"Xerox 1949","Office Supplies",Paper,2023-05-18,2026-05-19,8,8,8,91.632000,26,43.425600,0.150000,3.9840000000,36.2500000000,3,1,0,0
1126,OFF-PA-10001534,"Xerox 230","Office Supplies",Paper,2025-06-06,2026-06-20,5,5,5,81.648000,21,50.803200,0.190000,5.8320000000,43.9215686275,2,0,1,0
1127,OFF-PA-10001560,"Adams Telephone Message Books  5 1/4” x 11”","Office Supplies",Paper,2023-05-21,2026-11-04,5,5,5,80.936000,8,32.918000,0.160000,4.8320000000,40.6716417910,0,1,0,0
1128,OFF-PA-10001569,"Xerox 232","Office Supplies",Paper,2023-04-19,2025-09-24,4,4,4,110.160000,19,56.505600,0.050000,6.4800000000,48.0000000000,1,0,0,0
1129,OFF-PA-10001583,"1/4 Fold Party Design Invitations & White Envelopes  24 8-1/2" X 11" Cards  25 Env./Pack","Office Supplies",Paper,2023-11-19,2024-11-23,2,2,2,49.980000,7,22.711500,0.275000,7.1400000000,45.4411764706,0,0,0,0
1130,OFF-PA-10001593,"Xerox 1947","Office Supplies",Paper,2023-04-02,2026-12-01,5,5,5,136.344000,25,54.119000,0.080000,5.4537600000,39.6929824561,0,0,0,0
1131,OFF-PA-10001609,"Tops Wirebound Message Log Books","Office Supplies",Paper,2023-11-21,2025-11-24,6,6,6,73.696000,25,25.859400,0.066667,2.9478400000,40.9375000000,0,0,1,0
1132,OFF-PA-10001622,"Ampad Poly Cover Wirebound Steno Book  6" x 9" Assorted Colors  Gregg Ruled","Office Supplies",Paper,2023-05-30,2026-06-26,4,4,4,38.136000,9,15.663000,0.050000,4.2373333333,41.0714285714,0,0,0,0
1133,OFF-PA-10001639,"Xerox 203","Office Supplies",Paper,2023-08-17,2026-09-18,6,6,6,143.856000,24,62.985600,0.066667,5.9940000000,43.7837837838,0,0,0,0
1134,OFF-PA-10001661,"Xerox 1922","Office Supplies",Paper,2024-06-18,2024-06-18,1,1,1,11.952000,3,4.332600,0.200000,3.9840000000,36.2500000000,0,0,0,0
1135,OFF-PA-10001667,"Great White Multi-Use Recycled Paper (20Lb. and 84 Bright)","Office Supplies",Paper,2023-08-09,2026-10-20,8,8,8,169.832000,32,64.584000,0.075000,5.3072500000,38.0281690141,0,0,0,0
1136,OFF-PA-10001685,"Easy-staple paper","Office Supplies",Paper,2023-06-04,2026-10-27,5,5,5,257.556000,29,107.585400,0.120000,8.8812413793,41.7716535433,0,0,0,0
1137,OFF-PA-10001712,"Xerox 1948","Office Supplies",Paper,2023-05-30,2026-04-12,3,3,3,149.850000,15,67.432500,0.000000,9.9900000000,45.0000000000,0,0,0,0
1138,OFF-PA-10001725,"Xerox 1892","Office Supplies",Paper,2023-06-17,2025-11-03,2,2,2,62.016000,5,79.458000,0.100000,31.0080000000,36.2500000000,1,0,0,0
1139,OFF-PA-10001736,"Xerox 1880","Office Supplies",Paper,2024-03-29,2026-05-15,5,5,4,623.744000,18,266.508800,0.040000,34.6524444444,47.0000000000,0,0,1,0
1140,OFF-PA-10001745,"Wirebound Message Books  2 7/8" x 5"  3 Forms per Page","Office Supplies",Paper,2025-06-20,2026-12-17,3,3,3,108.416000,17,28.441600,0.066667,6.3774117647,38.8461538462,0,0,1,0
1141,OFF-PA-10001752,"Hammermill CopyPlus Copy Paper (20Lb. and 84 Bright)","Office Supplies",Paper,2023-11-22,2026-08-04,3,3,3,24.900000,7,15.089400,0.066667,4.9800000000,49.0000000000,1,0,0,0
1142,OFF-PA-10001763,"Xerox 1896","Office Supplies",Paper,2024-07-11,2025-11-12,2,2,2,49.950000,5,22.477500,0.000000,9.9900000000,45.0000000000,0,0,0,0
1143,OFF-PA-10001776,"Wirebound Message Books  Four 2 3/4" x 5" Forms per Page  600 Sets per Book","Office Supplies",Paper,2023-11-11,2026-08-11,9,9,9,246.582000,28,109.015200,0.044444,8.8065000000,44.2105263158,0,0,0,0
1144,OFF-PA-10001790,"Xerox 1910","Office Supplies",Paper,2024-11-13,2026-08-25,5,5,5,586.088000,14,167.179200,0.190000,41.8634285714,37.8260869565,0,0,1,0
1145,OFF-PA-10001800,"Xerox 220","Office Supplies",Paper,2023-02-22,2026-11-06,8,8,8,145.152000,25,60.912000,0.212500,5.8060800000,41.9642857143,0,0,0,0
1146,OFF-PA-10001801,"Xerox 193","Office Supplies",Paper,2024-09-21,2025-10-21,3,3,3,77.740000,13,38.092600,0.000000,5.9800000000,49.0000000000,0,0,0,0
1147,OFF-PA-10001804,"Xerox 195","Office Supplies",Paper,2023-01-23,2026-04-23,8,8,8,164.328000,27,41.683200,0.125000,6.0862222222,40.0000000000,0,0,2,0
1148,OFF-PA-10001815,"Xerox 1885","Office Supplies",Paper,2023-11-24,2026-06-16,5,5,5,960.800000,20,461.184000,0.000000,48.0400000000,48.0000000000,0,0,0,0
1149,OFF-PA-10001826,"Xerox 207","Office Supplies",Paper,2024-12-01,2026-04-15,2,2,2,40.176000,7,16.588800,0.100000,5.7394285714,41.2903225806,0,0,0,0
1150,OFF-PA-10001837,"Xerox 1976","Office Supplies",Paper,2023-08-23,2025-09-11,2,2,2,36.288000,7,12.700800,0.200000,5.1840000000,35.0000000000,0,0,0,0
1151,OFF-PA-10001838,"Adams Telephone Message Book W/Dividers/Space For Phone Numbers  5 1/4"X8 1/2"  300/Messages","Office Supplies",Paper,2023-10-02,2026-12-04,10,10,10,132.888000,24,60.916800,0.040000,5.5370000000,45.8407079646,0,0,0,0
1152,OFF-PA-10001846,"Xerox 1899","Office Supplies",Paper,2023-08-22,2026-11-12,5,5,5,69.360000,14,28.090800,0.120000,4.9542857143,40.5000000000,0,0,0,0
1153,OFF-PA-10001870,"Xerox 202","Office Supplies",Paper,2024-06-13,2026-11-05,8,8,8,171.072000,28,76.723200,0.050000,6.1097142857,44.8484848485,0,0,0,0
1154,OFF-PA-10001878,"Xerox 1891","Office Supplies",Paper,2023-03-05,2026-08-07,7,7,7,1320.570000,30,437.255400,0.057143,44.0190000000,43.3980582524,0,0,1,0
1155,OFF-PA-10001892,"Rediform Wirebound "Phone Memo" Message Book  11 x 5-3/4","Office Supplies",Paper,2025-03-03,2026-12-03,5,5,5,102.471500,254,43.777200,0.120000,0.4034311024,42.7213420317,0,0,0,0
1156,OFF-PA-10001934,"Xerox 1993","Office Supplies",Paper,2023-08-23,2026-10-12,8,8,8,147.744000,24,59.032800,0.075000,6.1560000000,48.4574468085,0,0,2,0
1157,OFF-PA-10001937,"Xerox 21","Office Supplies",Paper,2023-08-09,2026-12-11,7,7,7,124.416000,24,43.545600,0.200000,5.1840000000,35.0000000000,0,0,0,0
1158,OFF-PA-10001947,"Xerox 1974","Office Supplies",Paper,2023-11-12,2024-08-21,4,4,4,47.840000,10,26.910000,0.050000,5.9800000000,49.0000000000,1,0,0,0
1159,OFF-PA-10001950,"Southworth 25% Cotton Antique Laid Paper & Envelopes","Office Supplies",Paper,2024-03-26,2026-08-21,5,5,5,125.100000,19,47.121000,0.120000,6.6720000000,37.6666666667,1,1,1,0
1160,OFF-PA-10001952,"Xerox 1902","Office Supplies",Paper,2023-06-15,2024-05-07,2,2,2,82.224000,4,32.889600,0.100000,20.5560000000,40.0000000000,0,0,0,0
1161,OFF-PA-10001954,"Xerox 1964","Office Supplies",Paper,2023-12-08,2025-12-03,5,4,4,721.744000,33,314.735200,0.040000,21.8710303030,43.6075949367,0,0,0,0
1162,OFF-PA-10001970,"Xerox 1881","Office Supplies",Paper,2023-07-11,2026-08-07,12,11,11,368.400000,31,20.876000,0.033333,11.7683333333,-0.6428571429,2,1,2,1
1163,OFF-PA-10001970-1,"Xerox 1908","Office Supplies",Paper,2024-09-04,2026-12-20,7,7,7,1712.988000,32,799.394400,0.028571,53.5308750000,46.6666666667,0,0,0,0
1164,OFF-PA-10001972,"Xerox 214","Office Supplies",Paper,2023-12-01,2026-12-24,9,9,9,143.856000,111,59.616000,0.066667,1.3700571429,45.5813953488,3,1,2,0
1165,OFF-PA-10001977,"Xerox 194","Office Supplies",Paper,2023-04-06,2026-11-18,4,4,4,443.840000,9,104.302400,0.100000,49.3155555556,37.6000000000,0,0,1,0
1166,OFF-PA-10001994,"Ink Jet Note and Greeting Cards  8-1/2" x 5-1/2" Card Size","Office Supplies",Paper,2025-03-24,2026-12-23,3,3,3,121.392000,3,48.556800,0.066667,22.4800000000,40.0000000000,0,1,0,0
1167,OFF-PA-10002001,"Xerox 1984","Office Supplies",Paper,2026-09-17,2026-09-17,1,1,1,NULL,2,6.350400,0.000000,NULL,NULL,1,0,0,0
1168,OFF-PA-10002005,"Xerox 225","Office Supplies",Paper,2023-01-06,2026-12-10,9,9,9,196.992000,33,85.795200,0.066667,5.9694545455,43.5526315789,0,0,0,0
1169,OFF-PA-10002036,"Xerox 1930","Office Supplies",Paper,2024-12-12,2026-09-09,5,5,5,138.672000,24,59.356800,0.120000,5.7780000000,42.8037383178,0,0,0,0
1170,OFF-PA-10002105,"Xerox 223","Office Supplies",Paper,2023-09-29,2025-10-28,3,3,3,58.320000,9,27.993600,0.000000,6.4800000000,48.0000000000,0,0,0,0
1171,OFF-PA-10002109,"Wirebound Voice Message Log Book","Office Supplies",Paper,2023-10-20,2026-09-24,2,2,2,15.232000,4,4.950400,0.200000,3.8080000000,32.5000000000,0,0,0,0
1172,OFF-PA-10002120,"Xerox 1889","Office Supplies",Paper,2023-03-15,2025-07-28,3,3,3,131.904000,10,236.328000,0.066667,43.9680000000,36.2500000000,2,0,0,0
1173,OFF-PA-10002137,"Southworth 100% Résumé Paper  24lb.","Office Supplies",Paper,2023-03-11,2026-12-05,7,7,7,262.964000,35,113.199000,0.057143,7.5132571429,43.0473372781,0,0,0,0
1174,OFF-PA-10002160,"Xerox 1978","Office Supplies",Paper,2023-08-26,2026-11-12,8,8,8,174.556000,34,74.330800,0.100000,5.1340000000,42.5827814570,0,0,0,0
1175,OFF-PA-10002195,"RSVP Cards & Envelopes  Blank White  8-1/2" X 11"  24 Cards/25 Envelopes/Set","Office Supplies",Paper,2023-10-31,2026-10-21,6,6,6,89.408000,19,38.252400,0.100000,4.7056842105,42.7840909091,0,0,0,0
1176,OFF-PA-10002195-1,"Xerox 1966","Office Supplies",Paper,2023-03-17,2026-08-24,6,6,6,31.104000,14,32.788800,0.100000,6.2208000000,46.8750000000,3,0,0,0
1177,OFF-PA-10002222,"Xerox Color Copier Paper  11" x 17"  Ream","Office Supplies",Paper,2023-12-10,2026-12-18,6,6,6,593.840000,27,260.832800,0.033333,21.9940740741,43.9230769231,0,0,0,0
1178,OFF-PA-10002230,"Xerox 1897","Office Supplies",Paper,2023-07-20,2026-09-15,4,4,4,59.760000,14,15.537600,0.150000,4.2685714286,45.3571428571,1,1,1,0
1179,OFF-PA-10002245,"Xerox 1895","Office Supplies",Paper,2023-07-09,2026-12-11,7,7,7,155.480000,744,82.823000,0.057143,0.2106775068,42.8846153846,1,0,0,0
1180,OFF-PA-10002246,"Wirebound Four 2-3/4 x 5 Forms per Page  400 Sets per Book","Office Supplies",Paper,2023-09-21,2026-12-03,6,6,6,119.970000,22,47.601000,0.133333,5.4531818182,39.6774193548,0,0,0,0
1181,OFF-PA-10002250,"Things To Do Today Pad","Office Supplies",Paper,2024-05-17,2026-10-29,7,7,6,138.532000,26,59.169600,0.114286,5.3281538462,42.7118644068,0,0,0,0
1182,OFF-PA-10002254,"Xerox 1883","Office Supplies",Paper,2024-03-21,2026-05-06,7,7,7,881.092000,37,354.019600,0.057143,23.8132972973,40.1796407186,0,0,0,0
1183,OFF-PA-10002259,"Geographics Note Cards  Blank  White  8 1/2" x 11"","Office Supplies",Paper,2023-03-10,2023-11-18,3,3,3,53.712000,8,29.541600,0.133333,8.9520000000,35.0000000000,1,0,0,0
1184,OFF-PA-10002262,"Xerox 192","Office Supplies",Paper,2023-11-14,2026-09-11,6,6,6,142.560000,22,68.428800,0.000000,6.4800000000,48.0000000000,0,0,0,0
1185,OFF-PA-10002319,"Xerox 1944","Office Supplies",Paper,2023-05-24,2025-10-14,6,6,6,573.648000,16,257.366400,0.100000,35.8530000000,44.8648648649,0,0,0,0
1186,OFF-PA-10002333,"Universal Ultra Bright White Copier/Laser Paper  8 1/2" x 11"  Ream","Office Supplies",Paper,2026-05-15,2026-05-15,1,1,1,15.552000,3,5.637600,0.200000,5.1840000000,36.2500000000,0,0,0,0
1187,OFF-PA-10002365,"Xerox 1967","Office Supplies",Paper,2023-03-17,2026-04-15,5,5,5,89.424000,15,-37.584000,0.080000,5.9616000000,-50.8771929825,0,0,1,1
1188,OFF-PA-10002377,"Adams Telephone Message Book W/Dividers/Space For Phone Numbers  5 1/4"X8 1/2"  200/Messages","Office Supplies",Paper,2024-02-25,2026-11-25,7,7,7,172.672000,32,62.480000,0.028571,5.3960000000,41.6666666667,0,0,1,0
1189,OFF-PA-10002377-1,"Xerox 1916","Office Supplies",Paper,2023-08-01,2026-03-20,7,7,7,557.916000,20,88.092000,0.142857,42.9166153846,-3.3333333333,1,0,1,1
1190,OFF-PA-10002421,"Embossed Ink Jet Note Cards","Office Supplies",Paper,2025-04-23,2025-12-30,4,4,4,216.672000,15,108.336000,0.150000,18.0560000000,35.0000000000,1,0,0,0
1191,OFF-PA-10002464,"HP Office Recycled Paper (20Lb. and 87 Bright)","Office Supplies",Paper,2024-09-12,2026-05-28,4,4,4,106.352000,19,50.343800,0.050000,5.5974736842,47.3369565217,0,0,0,0
1192,OFF-PA-10002479,"Xerox 4200 Series MultiUse Premium Copy Paper (20Lb. and 84 Bright)","Office Supplies",Paper,2023-11-10,2026-11-28,8,8,8,139.392000,188,52.272000,0.075000,0.7414468085,37.5000000000,0,0,0,0
1193,OFF-PA-10002499,"Xerox 1890","Office Supplies",Paper,2024-08-23,2026-09-02,2,2,2,244.700000,5,122.350000,0.000000,48.9400000000,50.0000000000,0,0,0,0
1194,OFF-PA-10002552,"Xerox 1958","Office Supplies",Paper,2025-12-15,2026-10-17,2,2,2,12.960000,3,15.552000,0.000000,NULL,48.0000000000,1,1,0,0
1195,OFF-PA-10002558,"Xerox 1938","Office Supplies",Paper,2026-11-17,2026-11-17,1,1,1,268.240000,7,93.884000,0.200000,38.3200000000,35.0000000000,0,0,0,0
1196,OFF-PA-10002581,"Xerox 1951","Office Supplies",Paper,2023-03-22,2026-10-05,6,6,6,755.912000,30,244.742000,0.166667,25.1970666667,32.3770491803,0,0,0,0
1197,OFF-PA-10002586,"Xerox 1970","Office Supplies",Paper,2023-11-26,2026-09-10,6,6,6,101.592000,22,-45.218400,0.066667,4.6178181818,-52.1839080460,0,0,1,1
1198,OFF-PA-10002606,"Xerox 1928","Office Supplies",Paper,2024-06-01,2026-09-29,4,4,4,50.688000,21,49.104000,0.100000,4.2240000000,31.2500000000,2,1,0,0
1199,OFF-PA-10002615,"Ampad Gold Fibre Wirebound Steno Books  6" x 9"  Gregg Ruled","Office Supplies",Paper,2024-03-29,2026-12-17,8,8,8,106.722000,25,-51.156000,0.050000,4.2688800000,-50.0000000000,0,0,1,1
1200,OFF-PA-10002659,"Avoid Verbal Orders Carbonless Minifold Book","Office Supplies",Paper,2023-08-26,2026-10-09,5,5,5,54.756000,100,29.946800,0.040000,0.5703750000,43.3333333333,1,0,0,0
1201,OFF-PA-10002666,"Southworth 25% Cotton Linen-Finish Paper & Envelopes","Office Supplies",Paper,2025-04-23,2026-09-22,4,4,4,166.704000,415,67.044000,0.100000,0.4016963855,40.2173913043,0,0,0,0
1202,OFF-PA-10002689,"Weyerhaeuser First Choice Laser/Copy Paper (20Lb. and 88 Bright)","Office Supplies",Paper,2023-01-21,2026-07-23,9,9,5,162.000000,26,55.726400,0.083333,6.2307692308,44.7484567901,1,1,1,0
1203,OFF-PA-10002709,"Xerox 1956","Office Supplies",Paper,2023-07-27,2026-12-04,2,2,2,65.780000,16,8.671000,0.100000,5.9800000000,NULL,1,0,1,0
1204,OFF-PA-10002713,"Adams Phone Message Book  200 Message Capacity  8 1/16” x 11”","Office Supplies",Paper,2024-12-10,2026-12-08,8,8,8,227.040000,33,104.438400,0.000000,6.8800000000,46.0000000000,0,0,0,0
1205,OFF-PA-10002741,"Xerox 1980","Office Supplies",Paper,2026-03-23,2026-09-14,2,2,2,34.240000,8,15.408000,0.000000,4.2800000000,45.0000000000,0,0,0,0
1206,OFF-PA-10002749,"Wirebound Message Books  5-1/2 x 4 Forms  2 or 4 Forms per Page","Office Supplies",Paper,2024-03-19,2026-11-12,3,3,3,72.252000,12,31.309200,0.133333,6.0210000000,43.3333333333,0,0,0,0
1207,OFF-PA-10002751,"Xerox 1920","Office Supplies",Paper,2024-02-06,2025-05-11,4,4,4,89.700000,15,40.365000,0.000000,5.9800000000,45.0000000000,0,0,0,0
1208,OFF-PA-10002764,"Easy-staple paper","Office Supplies",Paper,2025-01-31,2026-11-06,3,3,3,170.100000,15,83.349000,0.000000,11.3400000000,49.0000000000,0,0,0,0
1209,OFF-PA-10002787,"Xerox 227","Office Supplies",Paper,2024-08-16,2026-12-20,8,8,8,120.528000,22,46.396800,0.125000,5.4785454545,38.4946236559,0,0,0,0
1210,OFF-PA-10002870,"Ampad Phone Message Book  Recycled  400 Message Capacity  5 ¾” x 11”","Office Supplies",Paper,2024-06-29,2026-06-04,5,5,5,124.800000,20,56.160000,0.000000,6.2400000000,45.0000000000,0,0,0,0
1211,OFF-PA-10002893,"Wirebound Service Call Books  5 1/2" x 4"","Office Supplies",Paper,2023-01-20,2026-12-08,5,5,5,125.840000,13,60.403200,0.000000,9.6800000000,48.0000000000,0,0,0,0
1212,OFF-PA-10002923,"Xerox 1942","Office Supplies",Paper,2023-09-13,2026-11-23,6,6,6,597.068000,13,278.958000,0.066667,45.9283076923,46.7213114754,0,0,0,0
1213,OFF-PA-10002947,"Xerox 1923","Office Supplies",Paper,2023-01-13,2026-11-03,5,5,5,94.856000,16,39.278400,0.080000,5.9285000000,41.4084507042,0,0,0,0
1214,OFF-PA-10002960,"Xerox 1926","Office Supplies",Paper,2023-03-17,2023-03-17,1,1,1,34.860000,7,16.384200,0.000000,4.9800000000,47.0000000000,0,0,0,0
1215,OFF-PA-10002968,"Xerox 1973","Office Supplies",Paper,2024-04-13,2024-08-27,2,2,2,169.016000,8,70.347200,0.100000,21.1270000000,41.6216216216,0,0,0,0
1216,OFF-PA-10002986,"Xerox 1898","Office Supplies",Paper,2023-04-02,2026-12-16,11,11,11,280.560000,46,120.774400,0.072727,6.0991304348,43.0476190476,0,0,0,0
1217,OFF-PA-10003001,"Xerox 1986","Office Supplies",Paper,2023-08-29,2025-10-22,4,4,4,85.504000,13,40.347200,0.050000,6.5772307692,47.1875000000,0,0,0,0
1218,OFF-PA-10003016,"Adams "While You Were Out" Message Pads","Office Supplies",Paper,2023-05-05,2026-05-02,5,5,5,72.848000,24,31.400000,0.040000,3.0353333333,43.1034482759,0,0,0,0
1219,OFF-PA-10003022,"Xerox 1992","Office Supplies",Paper,2023-05-21,2026-11-03,6,6,4,118.052000,259,34.065000,0.125000,0.4557992278,34.0268898833,0,0,1,1
1220,OFF-PA-10003022-1,"Standard Line “While You Were Out” Hardbound Telephone Message Book","Office Supplies",Paper,2025-04-16,2026-12-08,2,2,2,211.008000,11,80.446800,0.100000,19.1825454545,38.1250000000,0,0,0,0
1221,OFF-PA-10003036,"Black Print Carbonless 8 1/2" x 8 1/4" Rapid Memo Book","Office Supplies",Paper,2023-03-01,2025-12-18,4,4,4,64.064000,11,20.820800,0.200000,5.8240000000,32.5000000000,0,0,0,0
1222,OFF-PA-10003039,"Xerox 1960","Office Supplies",Paper,2023-09-17,2026-12-05,6,6,6,879.832000,743,334.584000,0.100000,1.1841615074,38.0281690141,0,0,0,0
1223,OFF-PA-10003063,"EcoTones Memo Sheets","Office Supplies",Paper,2023-03-17,2023-09-23,3,3,3,24.000000,15,21.600000,0.066667,4.0000000000,48.0000000000,1,0,0,0
1224,OFF-PA-10003072,"Eureka Recycled Copy Paper 8 1/2" x 11"  Ream","Office Supplies",Paper,2023-01-26,2026-09-07,6,6,6,110.160000,19,46.137600,0.133333,5.7978947368,41.8823529412,0,0,0,0
1225,OFF-PA-10003127,"Easy-staple paper","Office Supplies",Paper,2024-03-22,2026-11-06,6,6,6,263.800000,10,141.924400,0.033333,26.3800000000,46.0000000000,1,1,0,0
1226,OFF-PA-10003129,"Tops White Computer Printout Paper","Office Supplies",Paper,2024-07-20,2026-11-27,4,4,4,684.740000,14,321.827800,0.000000,48.9100000000,47.0000000000,0,0,0,0
1227,OFF-PA-10003134,"Xerox 1937","Office Supplies",Paper,2024-05-26,2026-08-12,4,4,4,499.616000,8,199.846400,0.150000,38.4320000000,40.0000000000,0,1,0,0
1228,OFF-PA-10003172,"Xerox 1996","Office Supplies",Paper,2024-09-27,2026-12-18,8,8,7,176.256000,344,81.907200,0.025000,0.5123720930,46.4705882353,0,0,0,0
1229,OFF-PA-10003177,"Xerox 1999","Office Supplies",Paper,2023-05-23,2026-07-15,7,7,7,98.496000,17,41.212800,0.085714,5.7938823529,41.8421052632,0,0,0,0
1230,OFF-PA-10003205,"Wirebound Message Forms  Four 2 3/4 x 5 Forms per Page  Pink Paper","Office Supplies",Paper,2026-07-21,2026-11-17,2,2,2,35.948000,5,6.617700,0.100000,7.1896000000,33.7500000000,0,0,1,0
1231,OFF-PA-10003228,"Xerox 1917","Office Supplies",Paper,2023-10-19,2026-09-18,5,5,5,1076.020000,22,574.692500,0.000000,48.9100000000,47.0000000000,1,1,0,0
1232,OFF-PA-10003256,"Avery Personal Creations Heavyweight Cards","Office Supplies",Paper,2024-12-11,2026-07-31,3,3,3,92.320000,11,37.851200,0.133333,9.2320000000,35.0000000000,1,0,0,0
1233,OFF-PA-10003270,"Xerox 1954","Office Supplies",Paper,2023-09-25,2025-08-08,4,4,4,84.480000,18,32.208000,0.100000,4.6933333333,38.1250000000,0,0,0,0
1234,OFF-PA-10003302,"Xerox 1906","Office Supplies",Paper,2023-12-28,2026-11-06,7,7,7,779.680000,23,497.577600,0.057143,33.8991304348,44.5909090909,1,1,0,0
1235,OFF-PA-10003309,"Xerox 211","Office Supplies",Paper,2023-04-06,2026-11-18,4,4,4,104.976000,19,40.953600,0.100000,5.5250526316,39.0123456790,0,0,0,0
1236,OFF-PA-10003349,"Xerox 1957","Office Supplies",Paper,2023-03-17,2025-06-04,6,6,6,95.904000,17,39.722400,0.100000,5.6414117647,41.4189189189,0,0,0,0
1237,OFF-PA-10003363,"Xerox 204","Office Supplies",Paper,2023-02-20,2025-12-08,4,4,4,110.160000,17,52.876800,0.000000,6.4800000000,48.0000000000,0,0,0,0
1238,OFF-PA-10003395,"Xerox 1941","Office Supplies",Paper,2023-06-28,2026-09-23,5,5,5,1740.510000,19,704.592000,0.160000,91.6057894737,40.4819277108,0,0,0,0
1239,OFF-PA-10003424,""While you Were Out" Message Book  One Form per Page","Office Supplies",Paper,2026-09-03,2026-11-13,3,3,3,25.228000,8,10.388000,0.133333,3.1535000000,41.1764705882,0,0,0,0
1240,OFF-PA-10003441,"Xerox 226","Office Supplies",Paper,2023-04-07,2026-08-11,11,11,11,334.368000,53,155.779200,0.036364,6.3088301887,46.5891472868,0,0,0,0
1241,OFF-PA-10003465,"Xerox 1912","Office Supplies",Paper,2023-11-09,2026-02-16,4,4,4,201.082000,9,92.573600,0.050000,18.9700000000,46.0377358491,0,1,0,0
1242,OFF-PA-10003543,"Xerox 1985","Office Supplies",Paper,2023-04-25,2023-09-13,2,2,2,25.920000,5,9.072000,0.200000,5.1840000000,35.0000000000,0,0,0,0
1243,OFF-PA-10003591,"Southworth 100% Cotton The Best Paper","Office Supplies",Paper,2023-11-17,2025-05-21,3,3,3,68.880000,15,65.436000,0.066667,11.4800000000,50.0000000000,1,0,0,0
1244,OFF-PA-10003625,"Xerox 1979","Office Supplies",Paper,2023-11-11,2025-08-26,3,3,3,328.388000,11,140.959000,0.066667,29.8534545455,42.9245283019,0,0,0,0
1245,OFF-PA-10003641,"Xerox 1909","Office Supplies",Paper,2023-03-17,2026-11-27,9,9,9,970.784000,40,400.976000,0.088889,24.2696000000,41.3043478261,0,0,0,0
1246,OFF-PA-10003651,"Xerox 1968","Office Supplies",Paper,2025-09-15,2026-12-08,5,5,5,165.664000,26,75.350400,0.080000,6.3716923077,45.4838709677,0,0,0,0
1247,OFF-PA-10003656,"Xerox 1935","Office Supplies",Paper,2024-12-03,2026-09-11,4,4,4,538.152000,21,239.002800,0.050000,25.6262857143,44.4117647059,0,0,0,0
1248,OFF-PA-10003657,"Xerox 1927","Office Supplies",Paper,2023-12-27,2026-09-16,5,5,5,65.056000,18,22.684000,0.120000,3.6142222222,34.8684210526,0,0,0,0
1249,OFF-PA-10003673,"Strathmore Photo Mount Cards","Office Supplies",Paper,2025-12-20,2026-11-12,9,9,9,245.436000,38,106.310400,0.066667,6.4588421053,43.3149171271,0,0,0,0
1250,OFF-PA-10003724,"Wirebound Message Book  4 per Page","Office Supplies",Paper,2023-09-20,2026-12-08,7,7,7,184.620000,35,79.821000,0.028571,5.2748571429,49.0000000000,0,0,1,0
1251,OFF-PA-10003729,"Xerox 1998","Office Supplies",Paper,2026-08-01,2026-12-03,2,2,2,46.656000,9,16.329600,0.200000,5.1840000000,35.0000000000,0,0,0,0
1252,OFF-PA-10003739,"Xerox 1969","Office Supplies",Paper,2026-10-23,2026-10-23,1,1,1,11.560000,2,5.664400,0.000000,5.7800000000,49.0000000000,0,0,0,0
1253,OFF-PA-10003790,"Xerox 1991","Office Supplies",Paper,2024-01-26,2026-07-31,6,6,6,502.480000,26,254.894400,0.066667,22.8400000000,46.0000000000,2,0,0,0
1254,OFF-PA-10003797,"Xerox 209","Office Supplies",Paper,2023-04-04,2026-11-21,5,5,5,187.920000,29,90.201600,0.000000,6.4800000000,48.0000000000,0,0,0,0
1255,OFF-PA-10003823,"Xerox 197","Office Supplies",Paper,2023-10-08,2026-11-12,3,3,3,501.876000,729,125.469000,0.066667,0.6884444444,45.0000000000,0,0,1,0
1256,OFF-PA-10003845,"Xerox 1987","Office Supplies",Paper,2023-12-09,2026-11-06,4,4,4,92.480000,16,45.315200,0.000000,5.7800000000,49.0000000000,0,0,0,0
1257,OFF-PA-10003848,"Xerox 1997","Office Supplies",Paper,2024-03-08,2026-09-18,8,8,8,178.848000,30,77.760000,0.050000,5.9616000000,43.4782608696,0,0,0,0
1258,OFF-PA-10003883,"Message Book  Phone  Wirebound Standard Line Memo  2 3/4" X 5"","Office Supplies",Paper,2023-06-21,2026-07-27,5,5,5,119.210000,19,52.007000,0.040000,6.2742105263,43.6263736264,0,0,0,0
1259,OFF-PA-10003892,"Xerox 1943","Office Supplies",Paper,2024-11-24,2026-06-19,4,4,4,743.432000,16,328.675200,0.050000,46.4645000000,44.2105263158,0,0,0,0
1260,OFF-PA-10003893,"Xerox 1962","Office Supplies",Paper,2024-05-12,2026-12-02,7,7,7,109.568000,28,34.026000,0.057143,3.9131428571,43.2065217391,0,0,1,0
1261,OFF-PA-10003919,"Xerox 1989","Office Supplies",Paper,2026-10-12,2026-10-12,1,1,1,7.968000,2,2.689200,0.200000,3.9840000000,33.7500000000,0,0,0,0
1262,OFF-PA-10003936,"Xerox 1994","Office Supplies",Paper,2023-08-23,2025-05-01,4,4,4,76.464000,13,32.659200,0.100000,5.8818461538,42.7118644068,0,0,0,0
1263,OFF-PA-10003953,"Xerox 218","Office Supplies",Paper,2024-12-07,2026-10-21,5,5,5,38.880000,8,22.291200,0.080000,6.4800000000,48.0000000000,2,0,0,0
1264,OFF-PA-10003971,"Xerox 1965","Office Supplies",Paper,2023-07-20,2025-09-27,4,4,4,44.252000,8,25.714000,0.050000,5.5315000000,44.8648648649,1,1,0,0
1265,OFF-PA-10004000,"While You Were Out Pads  50 per Pad  4 x 5 1/4  Green Cycle","Office Supplies",Paper,2023-09-21,2025-06-07,4,4,4,38.786000,10,14.663000,0.150000,3.8786000000,38.4482758621,1,1,1,0
1266,OFF-PA-10004022,"Hammermill Color Copier Paper (28Lb. and 96 Bright)","Office Supplies",Paper,2025-03-12,2026-09-26,4,4,3,49.950000,5,22.477500,0.000000,9.9900000000,45.0000000000,0,0,0,0
1267,OFF-PA-10004039,"Xerox 1882","Office Supplies",Paper,2023-11-11,2026-10-27,5,5,5,615.780000,12,273.182400,0.120000,51.3150000000,44.3636363636,0,0,0,0
1268,OFF-PA-10004040,"Universal Premium White Copier/Laser Paper (20Lb. and 87 Bright)","Office Supplies",Paper,2024-06-26,2025-12-01,5,5,5,129.168000,24,40.365000,0.080000,5.3820000000,46.8750000000,0,0,1,0
1269,OFF-PA-10004041,"It's Hot Message Books with Stickers  2 3/4" x 5"","Office Supplies",Paper,2024-01-06,2026-10-19,6,6,6,161.320000,25,59.570000,0.133333,6.4528000000,36.9266055046,0,0,0,0
1270,OFF-PA-10004071,"Eaton Premium Continuous-Feed Paper  25% Cotton  Letter Size  White  1000 Shts/Box","Office Supplies",Paper,2023-04-05,2026-11-28,10,10,10,1098.504000,21,492.662400,0.115000,52.3097142857,44.8484848485,0,0,0,0
1271,OFF-PA-10004082,"Adams Telephone Message Book w/Frequently-Called Numbers Space  400 Messages per Book","Office Supplies",Paper,2023-06-01,2026-09-21,7,7,7,223.440000,28,111.720000,0.078571,7.9800000000,50.0000000000,0,0,0,0
1272,OFF-PA-10004092,"Tops Green Bar Computer Printout Paper","Office Supplies",Paper,2023-09-30,2026-11-16,3,3,3,342.580000,7,171.290000,0.000000,48.9400000000,50.0000000000,0,0,0,0
1273,OFF-PA-10004100,"Xerox 216","Office Supplies",Paper,2023-09-01,2026-07-25,8,8,8,219.024000,39,96.940800,0.168750,5.6160000000,40.0000000000,1,1,0,0
1274,OFF-PA-10004101,"Xerox 1894","Office Supplies",Paper,2024-05-29,2026-09-11,5,5,5,169.776000,27,19.180800,0.080000,6.2880000000,44.8484848485,0,0,3,0
1275,OFF-PA-10004156,"Xerox 188","Office Supplies",Paper,2024-06-16,2026-12-20,8,8,8,213.192000,20,97.524000,0.118750,10.6596000000,45.7446808511,0,0,0,0
1276,OFF-PA-10004239,"Xerox 1953","Office Supplies",Paper,2024-05-12,2026-12-28,4,4,4,47.080000,12,7.276000,0.100000,3.9233333333,34.0000000000,0,0,1,0
1277,OFF-PA-10004243,"Xerox 1939","Office Supplies",Paper,2025-04-07,2026-11-01,5,5,5,417.340000,22,200.323200,0.000000,18.9700000000,48.0000000000,0,0,0,0
1278,OFF-PA-10004248,"Xerox 1990","Office Supplies",Paper,2023-04-02,2024-07-08,2,2,2,36.960000,8,6.600000,0.100000,4.6200000000,31.2500000000,0,0,1,0
1279,OFF-PA-10004255,"Xerox 219","Office Supplies",Paper,2024-05-28,2026-09-22,4,4,4,97.200000,15,46.656000,0.000000,6.4800000000,48.0000000000,0,0,0,0
1280,OFF-PA-10004285,"Xerox 1959","Office Supplies",Paper,2024-01-02,2026-12-26,6,6,6,133.600000,21,60.654400,0.066667,6.3619047619,45.4000000000,0,0,0,0
1281,OFF-PA-10004327,"Xerox 1911","Office Supplies",Paper,2025-04-15,2026-09-18,5,5,5,603.540000,13,279.736000,0.040000,46.4261538462,46.3492063492,0,0,0,0
1282,OFF-PA-10004353,"Southworth 25% Cotton Premium Laser Paper and Envelopes","Office Supplies",Paper,2023-05-10,2026-07-17,5,5,5,527.472000,28,191.808000,0.080000,18.8382857143,48.0000000000,0,0,2,0
1283,OFF-PA-10004355,"Xerox 231","Office Supplies",Paper,2024-06-19,2026-10-30,5,5,5,79.056000,14,31.881600,0.120000,5.6468571429,40.3278688525,0,0,0,0
1284,OFF-PA-10004359,"Multicolor Computer Printout Paper","Office Supplies",Paper,2023-11-21,2026-12-09,5,5,5,1887.300000,19,851.382000,0.040000,99.3315789474,45.1111111111,0,0,0,0
1285,OFF-PA-10004381,"14-7/8 x 11 Blue Bar Computer Printout Paper","Office Supplies",Paper,2025-09-05,2026-12-25,4,4,4,422.752000,10,126.825600,0.100000,42.2752000000,38.8235294118,0,0,1,0
1286,OFF-PA-10004405,"Rediform Voice Mail Log Books","Office Supplies",Paper,2024-01-30,2025-03-10,2,2,2,14.900000,11,7.152000,0.100000,2.9800000000,48.0000000000,1,0,1,0
1287,OFF-PA-10004438,"Xerox 1907","Office Supplies",Paper,2025-12-12,2026-10-02,3,3,3,122.800000,10,57.716000,0.000000,12.2800000000,47.0000000000,0,0,0,0
1288,OFF-PA-10004451,"Xerox 222","Office Supplies",Paper,2024-06-11,2026-11-11,7,7,7,134.784000,22,-45.878400,0.085714,6.1265454545,-34.0384615385,0,0,0,1
1289,OFF-PA-10004470,"Adams Write n' Stick Phone Message Book  11" X 5 1/4"  200 Messages","Office Supplies",Paper,2023-11-14,2026-10-13,3,3,3,40.896000,8,16.358400,0.066667,5.1120000000,40.0000000000,0,0,0,0
1290,OFF-PA-10004475,"Xerox 1940","Office Supplies",Paper,2023-08-29,2026-12-23,4,4,4,615.552000,12,279.196800,0.050000,51.2960000000,45.3571428571,0,0,0,0
1291,OFF-PA-10004519,"Spiral Phone Message Books with Labels by Adams","Office Supplies",Paper,2023-10-19,2026-12-23,4,4,4,31.360000,7,25.760000,0.050000,4.4800000000,49.0000000000,1,1,0,0
1292,OFF-PA-10004530,"Personal Creations Ink Jet Cards and Labels","Office Supplies",Paper,2023-08-23,2026-10-01,4,4,4,321.440000,660,157.505600,0.000000,0.4870303030,49.0000000000,0,0,0,0
1293,OFF-PA-10004569,"Wirebound Message Books  Two 4 1/4" x 5" Forms per Page","Office Supplies",Paper,2023-07-20,2026-12-15,6,6,6,109.584000,15,-117.422300,0.125000,7.3056000000,-107.1527777778,0,0,0,1
1294,OFF-PA-10004609,"Xerox 221","Office Supplies",Paper,2023-11-14,2026-11-18,4,4,4,80.352000,14,25.920000,0.100000,5.7394285714,43.4782608696,0,0,1,0
1295,OFF-PA-10004610,"Xerox 1900","Office Supplies",Paper,2023-09-14,2026-03-17,7,7,7,105.288000,658,44.084000,0.085714,0.1600121581,41.8699186992,0,0,0,0
1296,OFF-PA-10004621,"Xerox 212","Office Supplies",Paper,2024-07-31,2026-04-09,7,7,7,141.264000,25,57.024000,0.164286,5.6505600000,40.3669724771,0,0,0,0
1297,OFF-PA-10004665,"Advantus Motivational Note Cards","Office Supplies",Paper,2023-09-09,2025-09-06,5,5,5,227.940000,20,94.320000,0.120000,11.3970000000,41.3793103448,0,0,0,0
1298,OFF-PA-10004675,"Telephone Message Books with Fax/Mobile Section  5 1/2" x 3 3/16"","Office Supplies",Paper,2025-05-26,2026-09-14,6,6,6,99.060000,17,40.767000,0.066667,5.8270588235,41.1538461538,0,0,0,0
1299,OFF-PA-10004733,"Things To Do Today Spiral Book","Office Supplies",Paper,2023-04-08,2026-06-02,3,3,3,82.368000,13,29.858400,0.200000,6.3360000000,36.2500000000,0,0,0,0
1300,OFF-PA-10004734,"Southworth Structures Collection","Office Supplies",Paper,2023-07-04,2025-10-28,2,2,2,72.800000,10,36.400000,0.000000,7.2800000000,50.0000000000,0,0,0,0
1301,OFF-PA-10004735,"Xerox 1905","Office Supplies",Paper,2025-09-26,2026-12-01,5,5,5,146.448000,23,68.947200,0.040000,6.3673043478,47.0796460177,0,0,0,0
1302,OFF-PA-10004782,"Xerox 228","Office Supplies",Paper,2024-07-25,2026-09-19,4,4,4,97.200000,15,46.656000,0.000000,6.4800000000,48.0000000000,0,0,0,0
1303,OFF-PA-10004888,"Xerox 217","Office Supplies",Paper,2023-09-23,2026-10-06,8,8,8,151.632000,25,67.392000,0.075000,6.0652800000,44.4444444444,0,0,0,0
1304,OFF-PA-10004911,"Rediform S.O.S. 1-Up Phone Message Bk  4-1/4x3-1/16 Bk  1 Form/Pg  40 Messages/Bk  3/Pk","Office Supplies",Paper,2025-08-15,2026-09-10,5,5,5,196.980000,21,94.550400,0.000000,9.3800000000,48.0000000000,0,0,0,0
1305,OFF-PA-10004947,"Easy-staple paper","Office Supplies",Paper,2023-11-01,2025-08-13,3,3,3,38.520000,12,20.544000,0.066667,4.2800000000,45.0000000000,1,0,0,0
1306,OFF-PA-10004948,"Xerox 190","Office Supplies",Paper,2023-03-24,2024-12-16,2,2,2,29.880000,6,14.043600,0.000000,4.9800000000,47.0000000000,0,0,0,0
1307,OFF-PA-10004965,"Xerox 1921","Office Supplies",Paper,2023-08-25,2026-12-09,3,3,3,55.944000,7,17.482500,0.200000,7.9920000000,31.2500000000,0,0,0,0
1308,OFF-PA-10004971,"Xerox 196","Office Supplies",Paper,2024-10-23,2026-04-14,8,8,8,92.480000,18,39.419600,0.100000,5.1377777778,42.6250000000,0,0,0,0
1309,OFF-PA-10004983,"Xerox 23","Office Supplies",Paper,2023-08-25,2026-05-04,6,6,6,141.264000,23,63.763200,0.033333,6.1419130435,45.1376146789,0,0,0,0
1310,OFF-PA-10004996,"Speediset Carbonless Redi-Letter 7" x 8 1/2"","Office Supplies",Paper,2024-01-09,2026-09-29,5,5,5,181.456000,19,77.634300,0.080000,9.5503157895,42.7840909091,0,0,0,0
1311,OFF-ST-10000025,"Fellowes Stor/Drawer Steel Plus Storage Drawers","Office Supplies",Storage,2023-01-13,2026-09-10,8,8,8,3397.308000,37,78.252600,0.050000,91.8191351351,2.3033707865,0,0,0,2
1312,OFF-ST-10000036,"Recycled Data-Pak for Archival Bound Computer Printouts  12-1/2 x 12-1/2 x 16","Office Supplies",Storage,2023-11-24,2026-12-08,6,6,6,1857.252000,20,414.918000,0.066667,92.8626000000,22.3404255319,0,0,0,0
1313,OFF-ST-10000046,"Fellowes Super Stor/Drawer Files","Office Supplies",Storage,2023-09-29,2026-09-09,9,9,9,4006.440000,27,473.341500,0.066667,148.3866666667,11.8145161290,0,0,0,3
1314,OFF-ST-10000060,"Fellowes Bankers Box Staxonsteel Drawer File/Stacking System","Office Supplies",Storage,2024-11-24,2026-12-10,8,8,8,2612.196000,43,153.352800,0.075000,60.7487441860,5.8706467662,0,0,0,3
1315,OFF-ST-10000078,"Tennsco 6- and 18-Compartment Lockers","Office Supplies",Storage,2023-01-13,2026-05-13,11,11,11,10925.004000,43,1575.109800,0.054545,254.0698604651,14.4174757282,0,0,0,3
1316,OFF-ST-10000107,"Fellowes Super Stor/Drawer","Office Supplies",Storage,2023-05-09,2024-12-20,4,4,4,477.300000,18,67.710000,0.050000,26.5166666667,14.1860465116,0,0,0,1
1317,OFF-ST-10000129,"Fellowes Recycled Storage Drawers","Office Supplies",Storage,2024-11-07,2026-10-22,3,3,3,1287.948000,12,48.853200,0.066667,107.3290000000,3.7931034483,0,0,0,1
1318,OFF-ST-10000136,"Letter Size File","Office Supplies",Storage,2025-10-04,2026-07-21,2,2,2,119.100000,10,34.539000,0.100000,39.7000000000,29.0000000000,1,0,1,0
1319,OFF-ST-10000142,"Deluxe Rollaway Locking File with Drawer","Office Supplies",Storage,2024-03-19,2026-11-17,5,5,5,5572.792000,14,1380.721600,0.080000,398.0565714286,24.7761194030,0,0,0,0
1320,OFF-ST-10000321,"Akro Stacking Bins","Office Supplies",Storage,2023-02-18,2026-09-19,6,6,6,91.524000,13,-0.631200,0.100000,7.0403076923,-1.0526315789,0,0,2,1
1321,OFF-ST-10000344,"Neat Ideas Personal Hanging Folder Files  Black","Office Supplies",Storage,2024-04-13,2026-08-31,7,7,7,276.658000,22,58.017600,0.114286,12.5753636364,20.9708737864,0,0,0,0
1322,OFF-ST-10000352,"Acco Perma 2700 Stacking Storage Drawers","Office Supplies",Storage,2025-09-10,2026-10-21,4,4,4,208.180000,8,5.948000,0.100000,26.0225000000,2.8571428571,0,0,0,2
1323,OFF-ST-10000419,"Rogers Jumbo File  Granite","Office Supplies",Storage,2023-12-19,2026-09-04,7,7,7,317.772000,24,-4.888800,0.028571,13.2405000000,-1.5384615385,0,0,0,1
1324,OFF-ST-10000464,"Multi-Use Personal File Cart and Caster Set  Three Stacking Bins","Office Supplies",Storage,2023-11-01,2026-10-26,5,5,5,368.456000,11,93.156800,0.040000,33.4960000000,25.2830188679,0,0,0,0
1325,OFF-ST-10000532,"Advantus Rolling Drawer Organizers","Office Supplies",Storage,2023-08-08,2026-12-04,6,6,6,1115.920000,189,-79.268800,0.100000,5.9043386243,-7.1034482759,0,0,0,1
1326,OFF-ST-10000563,"Fellowes Bankers Box Stor/Drawer Steel Plus","Office Supplies",Storage,2023-07-05,2026-12-25,12,12,12,1426.308000,50,-12.792000,0.100000,28.5261600000,-0.8968609865,0,0,0,6
1327,OFF-ST-10000585,"Economy Rollaway Files","Office Supplies",Storage,2023-03-23,2026-12-24,7,7,6,2742.320000,18,693.840000,0.085714,165.2000000000,24.2168674699,2,1,0,0
1328,OFF-ST-10000604,"Home/Office Personal File Carts","Office Supplies",Storage,2024-11-15,2026-11-30,7,7,7,980.232000,30,198.132000,0.028571,32.6744000000,20.2127659574,0,0,0,0
1329,OFF-ST-10000615,"SimpliFile Personal File  Black Granite  15w x 6-15/16d x 11-1/4h","Office Supplies",Storage,2023-10-14,2026-12-09,8,8,8,347.310000,32,85.806000,0.075000,10.8534375000,24.7058823529,0,0,0,0
1330,OFF-ST-10000617,"Woodgrain Magazine Files by Perma","Office Supplies",Storage,2023-12-12,2026-10-20,6,6,6,69.136000,24,2.622400,0.066667,2.8806666667,3.7931034483,0,0,0,2
1331,OFF-ST-10000636,"Rogers Profile Extra Capacity Storage Tub","Office Supplies",Storage,2023-04-01,2026-05-09,7,7,7,518.940000,27,4.687200,0.028571,16.7400000000,0.9032258065,0,1,0,1
1332,OFF-ST-10000642,"Tennsco Lockers  Gray","Office Supplies",Storage,2023-10-06,2026-12-01,6,6,6,402.816000,22,-26.434800,0.100000,18.3098181818,-6.5625000000,0,0,0,3
1333,OFF-ST-10000649,"Hanging Personal Folder File","Office Supplies",Storage,2024-11-05,2026-09-07,5,5,5,213.520000,15,48.670000,0.080000,15.7000000000,22.7941176471,1,1,1,0
1334,OFF-ST-10000675,"File Shuttle II and Handi-File  Black","Office Supplies",Storage,2023-09-22,2026-11-19,7,7,7,1125.148000,192,260.953000,0.057143,5.8601458333,23.1927710843,0,0,0,0
1335,OFF-ST-10000676,"Fellowes Econo/Stor Drawers","Office Supplies",Storage,2025-10-08,2025-12-04,2,2,2,581.580000,7,-56.219400,0.100000,83.0828571429,-9.6666666667,0,0,0,1
1336,OFF-ST-10000689,"Fellowes Strictly Business Drawer File  Letter/Legal Size","Office Supplies",Storage,2023-12-28,2025-11-25,7,7,7,4479.030000,33,388.746000,0.057143,135.7281818182,8.6792452830,0,0,0,2
1337,OFF-ST-10000736,"Carina Double Wide Media Storage Towers in Natural & Black","Office Supplies",Storage,2023-03-14,2026-12-28,12,12,12,3028.652000,39,-3.239200,0.066667,77.6577435897,-0.1069518717,0,0,0,4
1338,OFF-ST-10000760,"Eldon Fold 'N Roll Cart System","Office Supplies",Storage,2023-01-20,2026-01-07,5,5,5,301.968000,24,63.748800,0.120000,12.5820000000,21.1111111111,0,0,0,0
1339,OFF-ST-10000777,"Companion Letter/Legal File  Black","Office Supplies",Storage,2023-12-08,2026-11-18,5,5,5,611.712000,17,149.529600,0.080000,35.9830588235,24.4444444444,0,0,0,0
1340,OFF-ST-10000798,"2300 Heavy-Duty Transfer File Systems by Perma","Office Supplies",Storage,2023-04-29,2026-10-17,4,4,4,344.724000,16,-236.810400,0.100000,21.5452500000,-105.3333333333,0,0,1,2
1341,OFF-ST-10000876,"Eldon Simplefile Box Office","Office Supplies",Storage,2023-04-11,2026-12-22,8,8,8,345.832000,30,77.128000,0.075000,11.5277333333,22.3021582734,0,0,0,0
1342,OFF-ST-10000877,"Recycled Steel Personal File for Standard File Folders","Office Supplies",Storage,2023-04-28,2026-03-05,4,4,4,442.320000,11,254.334000,0.050000,55.2900000000,26.0000000000,2,1,0,0
1343,OFF-ST-10000885,"Fellowes Desktop Hanging File Manager","Office Supplies",Storage,2023-11-18,2026-09-24,4,4,4,201.450000,15,50.362500,0.000000,13.4300000000,25.0000000000,0,0,0,0
1344,OFF-ST-10000918,Crate-A-Files,"Office Supplies",Storage,2023-03-19,2026-12-22,9,9,7,249.820000,25,51.310100,0.111111,9.9928000000,20.5388279561,0,0,0,0
1345,OFF-ST-10000934,"Contico 72"H Heavy-Duty Storage System","Office Supplies",Storage,2023-03-07,2026-09-15,5,5,5,598.308000,16,-57.372000,0.080000,37.3942500000,-9.5890410959,0,0,0,2
1346,OFF-ST-10000943,"Eldon ProFile File 'N Store Portable File Tub Letter/Legal Size Black","Office Supplies",Storage,2023-09-17,2026-11-13,7,7,7,614.058000,35,127.446000,0.114286,17.5445142857,20.7547169811,0,0,0,0
1347,OFF-ST-10000991,"Space Solutions HD Industrial Steel Shelving.","Office Supplies",Storage,2023-01-30,2026-11-13,8,8,8,3035.208000,27,24.143700,0.025000,112.4151111111,0.7954545455,0,0,0,1
1348,OFF-ST-10001031,"Adjustable Personal File Tote","Office Supplies",Storage,2023-04-05,2026-12-17,5,5,5,270.248000,18,53.398400,0.080000,15.0137777778,19.7590361446,0,0,0,0
1349,OFF-ST-10001034,"Eldon File Chest Portable File","Office Supplies",Storage,2023-09-13,2023-09-13,1,1,1,79.400000,5,5.955000,0.200000,15.8800000000,7.5000000000,0,0,0,0
1350,OFF-ST-10001097,"Office Impressions Heavy Duty Welded Shelving & Multimedia Storage Drawers","Office Supplies",Storage,2023-06-22,2026-12-24,5,5,5,3178.130000,20,0.000000,0.040000,158.9065000000,0.0000000000,0,0,1,0
1351,OFF-ST-10001128,"Carina Mini System Audio Rack  Model AR050B","Office Supplies",Storage,2023-04-28,2026-07-01,6,6,6,2286.188000,22,-68.807600,0.066667,103.9176363636,-3.5922330097,1,1,0,2
1352,OFF-ST-10001172,"Tennsco Lockers  Sand","Office Supplies",Storage,2024-03-20,2026-08-05,5,5,5,407.012000,22,56.226400,0.120000,18.5005454545,13.8144329897,0,0,0,0
1353,OFF-ST-10001228,"Personal File Boxes with Fold-Down Carry Handle","Office Supplies",Storage,2024-03-16,2026-12-22,5,5,5,125.712000,12,38.278200,0.040000,13.9680000000,21.1540664376,1,0,0,0
1354,OFF-ST-10001228-1,"Fellowes Personal Hanging Folder Files  Navy","Office Supplies",Storage,2023-07-25,2025-12-10,4,4,4,204.136000,340,52.645600,0.100000,0.6111856287,14.7368421053,1,0,0,0
1355,OFF-ST-10001272,"Mini 13-1/2 Capacity Data Binder Rack  Pearl","Office Supplies",Storage,2024-11-29,2026-09-17,5,5,5,1465.744000,12,287.914000,0.080000,122.1453333333,19.6428571429,0,0,0,0
1356,OFF-ST-10001291,"Tenex Personal Self-Stacking Standard File Box  Black/Gray","Office Supplies",Storage,2024-03-17,2026-06-15,5,5,5,229.976000,15,44.811500,0.080000,15.3317333333,19.4852941176,0,0,0,0
1357,OFF-ST-10001321,"Decoflex Hanging Personal Folder File  Blue","Office Supplies",Storage,2023-09-19,2026-11-18,13,13,9,592.600000,48,156.161800,0.046154,12.3458333333,26.3519743503,0,0,0,0
1358,OFF-ST-10001325,"Sterilite Officeware Hinged File Box","Office Supplies",Storage,2024-09-03,2026-12-13,11,11,10,345.840000,35,78.076000,0.072727,9.8811428571,22.5757575758,0,0,0,0
1359,OFF-ST-10001328,"Personal Filing Tote with Lid  Black/Gray","Office Supplies",Storage,2023-11-12,2026-12-23,8,8,8,459.096000,31,112.912800,0.050000,14.8095483871,24.5945945946,0,0,0,0
1360,OFF-ST-10001370,"Sensible Storage WireTech Storage Systems","Office Supplies",Storage,2023-03-04,2026-09-14,8,8,8,2484.300000,38,-78.078000,0.075000,65.3763157895,-3.1428571429,0,0,0,3
1361,OFF-ST-10001414,"Decoflex Hanging Personal Folder File","Office Supplies",Storage,2026-11-06,2026-11-06,1,1,1,46.260000,3,12.027600,0.000000,15.4200000000,26.0000000000,0,0,0,0
1362,OFF-ST-10001418,"Carina Media Storage Towers in Natural & Black","Office Supplies",Storage,2024-11-17,2026-09-29,5,5,5,1073.248000,20,-121.960000,0.120000,53.6624000000,-11.3636363636,0,0,0,3
1363,OFF-ST-10001469,"Fellowes Bankers Box Recycled Super Stor/Drawer","Office Supplies",Storage,2023-03-01,2025-06-20,7,7,7,1187.560000,24,-30.228800,0.085714,49.4816666667,-2.5454545455,0,0,0,3
1364,OFF-ST-10001476,"Steel Personal Filing/Posting Tote","Office Supplies",Storage,2024-04-10,2026-09-25,5,5,5,937.464000,29,185.717300,0.080000,32.3263448276,19.8106060606,0,0,0,0
1365,OFF-ST-10001490,"Hot File 7-Pocket  Floor Stand","Office Supplies",Storage,2023-03-15,2026-06-26,13,13,12,8138.232000,49,2016.711000,0.076923,166.0863673469,24.7807017544,0,0,0,0
1366,OFF-ST-10001496,"Standard Rollaway File with Lock","Office Supplies",Storage,2023-12-06,2026-08-17,10,10,10,6594.954000,40,1261.330000,0.060000,164.8738500000,19.1256830601,0,0,0,0
1367,OFF-ST-10001505,"Perma STOR-ALL Hanging File Box  13 1/8"W x 12 1/4"D x 10 1/2"H","Office Supplies",Storage,2023-07-09,2026-07-08,10,10,8,169.994000,38,22.833800,0.080000,5.4836774194,13.9238410596,2,1,1,2
1368,OFF-ST-10001511,"Space Solutions Commercial Steel Shelving","Office Supplies",Storage,2023-03-30,2026-11-02,7,7,7,1228.350000,191,-74.347500,0.028571,6.9398305085,5.0000000000,1,0,0,1
1369,OFF-ST-10001522,"Gould Plastics 18-Pocket Panel Bin  34w x 5-1/4d x 20-1/2h","Office Supplies",Storage,2023-07-05,2026-12-23,10,10,10,2152.566000,26,-172.941200,0.120000,82.7910000000,-6.6666666667,1,1,0,6
1370,OFF-ST-10001526,"Iceberg Mobile Mega Data/Printer Cart","Office Supplies",Storage,2024-07-06,2026-12-17,8,8,7,5751.774000,49,1388.608200,0.025000,117.3831428571,24.1422594142,0,0,0,0
1371,OFF-ST-10001558,"Acco Perma 4000 Stacking Storage Drawers","Office Supplies",Storage,2023-02-07,2026-03-23,11,11,11,457.968000,31,30.044000,0.090909,14.7731612903,6.5602836879,0,0,0,5
1372,OFF-ST-10001580,"Super Decoflex Portable Personal File","Office Supplies",Storage,2025-05-02,2026-11-02,5,5,5,179.760000,13,-280.425600,0.080000,13.8276923077,-195.0000000000,0,0,1,1
1373,OFF-ST-10001590,"Tenex Personal Project File with Scoop Front Design  Black","Office Supplies",Storage,2024-05-31,2026-09-22,10,10,10,517.632000,40,118.624000,0.060000,12.9408000000,22.9166666667,0,0,0,0
1374,OFF-ST-10001627,"Eldon Jumbo ProFile Portable File Boxes Graphite/Black","Office Supplies",Storage,2025-04-07,2025-04-07,1,1,1,36.744000,3,3.674400,0.200000,12.2480000000,10.0000000000,0,0,0,0
1375,OFF-ST-10001713,"Gould Plastics 9-Pocket Panel Bin  18-3/8w x 5-1/4d x 20-1/2h  Black","Office Supplies",Storage,2023-09-24,2025-07-29,6,6,6,953.820000,20,-63.588000,0.100000,47.6910000000,-6.6666666667,0,0,0,3
1376,OFF-ST-10001780,"Tennsco 16-Compartment Lockers with Coat Rack","Office Supplies",Storage,2024-06-11,2026-06-29,5,5,5,7515.524000,329,1114.370800,0.120000,22.8435379939,14.8275862069,0,0,0,0
1377,OFF-ST-10001809,"Fellowes Officeware Wire Shelving","Office Supplies",Storage,2023-05-27,2026-11-30,11,11,11,4509.466000,55,-332.371000,0.072727,81.9902909091,-7.3705179283,0,0,0,4
1378,OFF-ST-10001837,"SAFCO Mobile Desk Side File  Wire Frame","Office Supplies",Storage,2023-05-26,2026-12-08,8,8,8,1154.520000,29,259.125600,0.050000,39.8110344828,20.5185185185,1,1,0,0
1379,OFF-ST-10001932,"Fellowes Staxonsteel Drawer Files","Office Supplies",Storage,2023-10-06,2026-05-06,7,7,7,4056.570000,22,509.968800,0.028571,184.3895454545,9.9047619048,1,1,0,1
1380,OFF-ST-10001963,"Tennsco Regal Shelving Units","Office Supplies",Storage,2023-10-31,2026-11-16,4,4,4,1764.534000,18,-6.084600,0.050000,98.0296666667,-0.3448275862,0,0,0,1
1381,OFF-ST-10002011,"Smead Adjustable Mobile File Trolley with Lockable Top","Office Supplies",Storage,2023-08-02,2025-05-08,3,3,3,4778.766000,12,314.392500,0.066667,398.2305000000,17.0454545455,0,0,1,0
1382,OFF-ST-10002182,"Iris 3-Drawer Stacking Bin  Black","Office Supplies",Storage,2024-03-22,2026-11-30,3,3,3,284.104000,16,-45.122400,0.133333,17.7565000000,-22.5000000000,0,0,1,2
1383,OFF-ST-10002205,"File Shuttle I and Handi-File","Office Supplies",Storage,2023-12-06,2026-05-29,3,3,3,106.848000,13,46.746000,0.133333,17.8080000000,8.7500000000,1,0,1,0
1384,OFF-ST-10002214,"X-Rack File for Hanging Folders","Office Supplies",Storage,2023-04-28,2026-10-30,9,9,9,318.378000,30,67.740000,0.044444,10.6126000000,21.2765957447,0,0,0,0
1385,OFF-ST-10002276,"Safco Steel Mobile File Cart","Office Supplies",Storage,2023-06-01,2026-12-17,5,5,5,683.552000,9,120.872000,0.080000,75.9502222222,17.6829268293,0,0,0,0
1386,OFF-ST-10002289,"Safco Wire Cube Shelving System  For Use as 4 or 5 14" Cubes  Black","Office Supplies",Storage,2023-08-04,2026-12-16,4,4,4,406.784000,13,14.301000,0.050000,31.2910769231,3.5156250000,0,0,0,1
1387,OFF-ST-10002292,"Sauder Facets Collection Locker/File Cabinet  Sky Alder Finish","Office Supplies",Storage,2025-07-18,2025-12-01,2,2,2,1706.508000,3,222.588000,0.100000,370.9800000000,13.0434782609,0,1,0,0
1388,OFF-ST-10002301,"Tennsco Commercial Shelving","Office Supplies",Storage,2023-03-21,2026-11-18,9,9,9,374.256000,21,-48.612600,0.111111,17.8217142857,-12.9891304348,0,0,0,5
1389,OFF-ST-10002344,"Carina 42"Hx23 3/4"W Media Storage Unit","Office Supplies",Storage,2023-03-07,2026-11-04,8,8,8,1635.796000,22,-110.132800,0.100000,74.3543636364,-6.7326732673,0,0,0,4
1390,OFF-ST-10002352,"Iris Project Case","Office Supplies",Storage,2023-10-11,2026-12-08,6,6,6,225.036000,30,47.880000,0.066667,7.5012000000,21.2765957447,0,0,0,0
1391,OFF-ST-10002370,"Sortfiler Multipurpose Personal File Organizer  Black","Office Supplies",Storage,2023-10-12,2026-08-31,6,6,6,483.414000,24,113.153100,0.066667,20.1422500000,26.1881188119,0,0,1,0
1392,OFF-ST-10002406,"Pizazz Global Quick File","Office Supplies",Storage,2023-09-08,2025-10-21,6,6,6,353.292000,24,94.610400,0.033333,14.7205000000,26.7796610169,0,0,0,0
1393,OFF-ST-10002444,"Recycled Eldon Regeneration Jumbo File","Office Supplies",Storage,2023-06-21,2026-11-21,6,6,6,235.776000,20,58.944000,0.125000,11.7888000000,25.0000000000,0,0,0,0
1394,OFF-ST-10002485,"Rogers Deluxe File Chest","Office Supplies",Storage,2023-12-06,2026-11-04,8,8,8,443.996000,22,-34.728400,0.100000,20.1816363636,-7.8217821782,0,0,0,4
1395,OFF-ST-10002486,"Eldon Shelf Savers Cubes and Bins","Office Supplies",Storage,2023-03-03,2026-11-16,8,8,8,300.140000,45,-7.678000,0.050000,6.6697777778,-2.5581395349,0,0,0,2
1396,OFF-ST-10002554,"Tennsco Industrial Shelving","Office Supplies",Storage,2023-12-30,2026-12-19,9,9,9,1203.186000,27,-108.580200,0.111111,44.5624444444,-7.5609756098,1,1,0,5
1397,OFF-ST-10002562,"Staple magnet","Office Supplies",Storage,2023-12-27,2026-01-14,7,7,7,219.492000,28,30.391200,0.142857,7.8390000000,13.8461538462,0,0,0,0
1398,OFF-ST-10002574,"SAFCO Commercial Wire Shelving  Black","Office Supplies",Storage,2023-04-21,2026-11-12,10,10,10,3536.384000,193,-635.444000,0.140000,18.9111443850,-13.2812500000,2,0,0,7
1399,OFF-ST-10002583,"Fellowes Neat Ideas Storage Cubes","Office Supplies",Storage,2023-02-11,2026-11-12,7,7,7,480.704000,16,-18.188800,0.085714,30.0440000000,-3.7837837838,0,0,0,3
1400,OFF-ST-10002615,"Dual Level  Single-Width Filing Carts","Office Supplies",Storage,2023-09-26,2026-06-30,9,9,9,6574.544000,43,1640.534800,0.022222,152.8963720930,24.9528301887,0,0,0,0
1401,OFF-ST-10002743,"SAFCO Boltless Steel Shelving","Office Supplies",Storage,2023-01-04,2026-10-21,10,10,10,4704.696000,46,-470.469600,0.100000,102.2760000000,-10.0000000000,0,0,0,5
1402,OFF-ST-10002756,"Tennsco Stur-D-Stor Boltless Shelving  5 Shelves  24" Deep  Sand","Office Supplies",Storage,2024-04-18,2026-12-25,7,7,7,4059.300000,33,-36.533700,0.028571,135.3100000000,1.0000000000,1,0,0,1
1403,OFF-ST-10002790,"Safco Industrial Shelving","Office Supplies",Storage,2023-12-14,2026-12-14,7,7,5,900.970000,14,-154.566700,0.128571,64.3550000000,-11.3109759481,1,1,0,4
1404,OFF-ST-10002957,"Sterilite Show Offs Storage Containers","Office Supplies",Storage,2023-03-30,2026-07-17,5,5,5,78.144000,16,-6.336000,0.080000,4.8840000000,-8.1081081081,0,0,0,2
1405,OFF-ST-10002974,"Trav-L-File Heavy-Duty Shuttle II  Black","Office Supplies",Storage,2023-11-04,2026-11-05,7,7,7,1193.818000,30,278.848000,0.085714,39.7939333333,23.3576642336,0,0,0,0
1406,OFF-ST-10003058,"Eldon Mobile Mega Data Cart  Mega Stackable  Add-On Trays","Office Supplies",Storage,2023-07-22,2026-12-28,6,6,6,591.250000,25,205.755000,0.000000,23.6500000000,29.0000000000,1,1,0,0
1407,OFF-ST-10003123,"Fellowes Bases and Tops For Staxonsteel/High-Stak Systems","Office Supplies",Storage,2023-01-20,2026-11-24,10,10,10,858.882000,26,201.071600,0.020000,33.0339230769,23.4108527132,0,0,0,0
1408,OFF-ST-10003208,"Adjustable Depth Letter/Legal Cart","Office Supplies",Storage,2023-11-02,2026-12-28,12,11,11,7439.860000,282,1932.549000,0.066667,26.5709285714,25.5365853659,1,0,0,0
1409,OFF-ST-10003221,"Staple magnet","Office Supplies",Storage,2023-03-14,2026-12-06,3,3,3,53.400000,5,14.418000,0.000000,10.6800000000,27.0000000000,0,0,0,0
1410,OFF-ST-10003282,"Advantus 10-Drawer Portable Organizer  Chrome Metal Frame  Smoke Drawers","Office Supplies",Storage,2024-11-11,2026-09-19,4,4,4,1051.776000,18,277.286400,0.050000,58.4320000000,26.3636363636,0,0,0,0
1411,OFF-ST-10003306,"Letter Size Cart","Office Supplies",Storage,2023-07-20,2026-12-21,8,8,7,4600.092000,33,-7994.445600,0.050000,139.3967272727,-204.2335766423,0,0,2,2
1412,OFF-ST-10003324,"Belkin OmniView SE Rackmount Kit","Office Supplies",Storage,2025-12-04,2026-11-11,2,2,2,248.360000,7,0.000000,0.000000,35.4800000000,0.0000000000,0,0,0,0
1413,OFF-ST-10003327,"Akro-Mils 12-Gallon Tote","Office Supplies",Storage,2023-09-07,2026-12-08,4,4,4,113.202000,13,11.320200,0.100000,8.7078461538,21.1111111111,0,0,2,0
1414,OFF-ST-10003442,"Eldon Portable Mobile Manager","Office Supplies",Storage,2023-05-05,2026-11-21,9,9,9,899.304000,34,197.394400,0.066667,26.4501176471,21.9496855346,0,0,0,0
1415,OFF-ST-10003455,"Tenex File Box  Personal Filing Tote with Lid  Black","Office Supplies",Storage,2023-04-05,2026-07-14,7,7,7,291.588000,261,62.660400,0.085714,1.1301860465,17.3404255319,1,0,0,0
1416,OFF-ST-10003470,"Tennsco Snap-Together Open Shelving Units  Starter Sets and Add-On Units","Office Supplies",Storage,2023-06-08,2025-12-23,6,6,6,6148.560000,25,181.662000,0.033333,279.4800000000,5.0000000000,1,0,0,1
1417,OFF-ST-10003479,"Eldon Base for stackable storage shelf  platinum","Office Supplies",Storage,2023-10-18,2025-11-07,7,7,7,872.256000,25,-52.569000,0.085714,34.8902400000,-6.0267857143,0,0,0,3
1418,OFF-ST-10003572,"Portfile Personal File Boxes","Office Supplies",Storage,2024-11-13,2025-08-27,2,2,2,99.120000,7,7.434000,0.200000,14.1600000000,7.5000000000,0,0,0,0
1419,OFF-ST-10003638,"Mobile Personal File Cube","Office Supplies",Storage,2024-08-15,2026-01-14,5,5,5,449.664000,21,90.635400,0.040000,21.4125714286,20.1562500000,0,0,0,0
1420,OFF-ST-10003641,"Space Solutions Industrial Galvanized Steel Shelving.","Office Supplies",Storage,2023-10-13,2025-03-13,3,3,3,520.080000,5,-20.488000,0.066667,78.8000000000,-3.9393939394,0,1,0,1
1421,OFF-ST-10003656,"Safco Industrial Wire Shelving","Office Supplies",Storage,2023-11-18,2026-11-13,5,5,5,1363.058000,16,-126.706800,0.160000,85.1911250000,-9.2957746479,0,0,0,4
1422,OFF-ST-10003692,"Recycled Steel Personal File for Hanging File Folders","Office Supplies",Storage,2023-01-27,2026-07-09,6,6,6,1053.032000,21,151.659500,0.100000,50.1443809524,14.4021739130,0,0,0,0
1423,OFF-ST-10003716,"Tennsco Double-Tier Lockers","Office Supplies",Storage,2023-11-05,2026-11-13,12,12,12,9630.856000,47,429.788200,0.100000,204.9118297872,4.4626168224,0,0,0,6
1424,OFF-ST-10003722,"Project Tote Personal File","Office Supplies",Storage,2023-09-19,2026-06-17,4,4,4,193.614000,15,44.194500,0.050000,12.9076000000,22.8260869565,0,0,0,0
1425,OFF-ST-10003805,"24 Capacity Maxi Data Binder Racks  Pearl","Office Supplies",Storage,2023-10-20,2026-09-04,4,4,4,2273.940000,17,536.902500,0.100000,168.4400000000,9.7222222222,1,1,0,0
1426,OFF-ST-10003816,"Fellowes High-Stak Drawer Files","Office Supplies",Storage,2023-10-11,2026-09-02,8,8,8,3946.656000,26,419.332200,0.125000,151.7944615385,10.6250000000,0,0,0,0
1427,OFF-ST-10003994,"Belkin 19" Center-Weighted Shelf  Gray","Office Supplies",Storage,2024-09-10,2026-09-02,4,4,4,849.312000,16,-47.184000,0.100000,53.0820000000,-5.5555555556,0,0,0,2
1428,OFF-ST-10003996,"Letter/Legal File Tote with Clear Snap-On Lid  Black Granite","Office Supplies",Storage,2023-10-31,2026-11-14,4,4,4,218.416000,14,52.034400,0.050000,15.6011428571,23.8235294118,0,0,0,0
1429,OFF-ST-10004123,"Safco Industrial Wire Shelving System","Office Supplies",Storage,2023-06-20,2026-12-23,8,8,8,2511.048000,30,-218.352000,0.100000,83.7016000000,-8.6956521739,0,0,0,4
1430,OFF-ST-10004180,"Safco Commercial Shelving","Office Supplies",Storage,2023-04-04,2026-12-09,5,5,5,483.704000,11,-7.441600,0.080000,43.9730909091,-1.5384615385,0,0,0,2
1431,OFF-ST-10004186,"Stur-D-Stor Shelving  Vertical 5-Shelf: 72"H x 36"W x 18 1/2"D","Office Supplies",Storage,2023-11-11,2025-09-11,5,5,5,2552.540000,23,51.050800,0.000000,110.9800000000,2.0000000000,0,0,0,0
1432,OFF-ST-10004258,"Portable Personal File Box","Office Supplies",Storage,2023-08-25,2025-11-13,6,6,6,224.664000,19,-93.772800,0.033333,11.8244210526,-41.7391304348,0,0,0,1
1433,OFF-ST-10004337,"SAFCO Commercial Wire Shelving  72h","Office Supplies",Storage,2023-01-26,2025-11-27,5,5,5,1347.280000,24,-24.496000,0.040000,61.2400000000,0.0000000000,1,0,0,1
1434,OFF-ST-10004340,"Fellowes Mobile File Cart  Black","Office Supplies",Storage,2023-09-29,2026-12-21,10,10,10,1927.580000,117,485.004000,0.060000,16.2452252252,19.9354838710,1,1,0,0
1435,OFF-ST-10004459,"Tennsco Single-Tier Lockers","Office Supplies",Storage,2023-08-11,2026-12-26,8,8,8,9158.296000,261,-825.748000,0.075000,29.3369195402,-9.0163934426,0,2,0,3
1436,OFF-ST-10004507,"Advantus Rolling Storage Box","Office Supplies",Storage,2023-12-27,2026-10-23,10,10,10,428.750000,261,90.723500,0.080000,1.4455938697,21.1600000000,0,1,0,0
1437,OFF-ST-10004634,"Personal Folder Holder  Ebony","Office Supplies",Storage,2023-04-20,2026-11-13,6,6,6,145.730000,14,30.267000,0.033333,10.4092857143,30.0000000000,0,0,1,0
1438,OFF-ST-10004804,"Belkin 19" Vented Equipment Shelf  Black","Office Supplies",Storage,2023-07-26,2026-06-13,10,10,9,1400.256000,31,-179.665200,0.120000,45.1695483871,-12.8308823529,0,0,0,6
1439,OFF-ST-10004835,"Plastic Stacking Crates & Casters","Office Supplies",Storage,2026-05-18,2026-07-07,4,4,4,35.712000,8,2.678400,0.287500,4.4640000000,7.5000000000,0,0,0,0
1440,OFF-ST-10004946,"Desktop 3-Pocket Hot File","Office Supplies",Storage,2023-12-22,2026-03-11,2,2,2,216.400000,5,59.510000,0.100000,54.1000000000,26.0000000000,1,0,0,0
1441,OFF-ST-10004950,"Acco Perma 3000 Stacking Storage Drawers","Office Supplies",Storage,2023-11-10,2026-09-04,6,6,6,373.444000,21,9.650800,0.133333,17.7830476190,3.8983050847,0,0,2,3
1442,OFF-ST-10004950-1,"Tenex Personal Filing Tote With Secure Closure Lid  Black/Frost","Office Supplies",Storage,2024-12-28,2026-09-24,5,5,5,279.180000,22,16.285500,0.120000,12.6900000000,9.7222222222,0,0,1,0
1443,OFF-ST-10004963,"Eldon Gobal File Keepers","Office Supplies",Storage,2023-09-17,2026-12-09,6,6,6,348.220000,24,-0.605600,0.066667,14.5091666667,-0.1739130435,0,0,0,2
1444,OFF-SU-10000151,"High Speed Automatic Electric Letter Opener","Office Supplies",Supplies,2023-07-25,2025-03-13,3,3,3,13100.240000,11,524.009600,0.066667,1637.5300000000,4.0000000000,1,0,1,0
1445,OFF-SU-10000157,"Compact Automatic Electric Letter Opener","Office Supplies",Supplies,2023-02-14,2026-09-25,8,8,8,2982.750000,26,-57.268800,0.050000,114.7211538462,-1.9200000000,0,0,0,2
1446,OFF-SU-10000381,"Acme Forged Steel Scissors with Black Enamel Handles","Office Supplies",Supplies,2023-03-05,2026-11-12,8,8,8,279.300000,32,67.776800,0.050000,8.7281250000,24.2666666667,0,0,0,0
1447,OFF-SU-10000432,"Acco Side-Punched Conventional Columnar Pads","Office Supplies",Supplies,2023-08-12,2026-08-17,4,4,4,41.640000,15,-7.807500,0.200000,2.7760000000,-18.7500000000,0,0,0,4
1448,OFF-SU-10000646,"Premier Automatic Letter Opener","Office Supplies",Supplies,2023-10-28,2026-11-02,5,5,5,2836.366000,14,-427.858600,0.120000,202.5975714286,-15.0847457627,0,0,0,3
1449,OFF-SU-10000898,"Acme Hot Forged Carbon Steel Scissors with Nickel-Plated Handles  3 7/8" Cut  8"L","Office Supplies",Supplies,2023-10-12,2026-12-21,7,7,7,458.700000,36,103.416000,0.085714,12.7416666667,22.5454545455,0,0,0,0
1450,OFF-SU-10000946,"Staple remover","Office Supplies",Supplies,2025-04-01,2026-12-25,4,4,4,153.216000,21,34.234200,0.100000,7.2960000000,22.3437500000,0,0,0,0
1451,OFF-SU-10000952,"Fiskars Home & Office Scissors","Office Supplies",Supplies,2025-07-15,2025-12-26,3,3,3,97.680000,11,27.350400,0.183333,8.8800000000,28.0000000000,0,0,0,0
1452,OFF-SU-10001165,"Acme Elite Stainless Steel Scissors","Office Supplies",Supplies,2024-03-19,2026-11-19,5,5,5,95.076000,12,21.016800,0.080000,7.9230000000,22.1052631579,0,0,0,0
1453,OFF-SU-10001212,"Kleencut Forged Office Shears by Acme United Corporation","Office Supplies",Supplies,2025-09-19,2026-05-01,2,2,2,9.568000,5,1.872000,0.100000,1.9136000000,30.0000000000,0,0,1,0
1454,OFF-SU-10001218,"Fiskars Softgrip Scissors","Office Supplies",Supplies,2024-08-27,2026-09-22,7,7,7,307.440000,28,86.083200,0.000000,10.9800000000,28.0000000000,0,0,0,0
1455,OFF-SU-10001225,"Staple remover","Office Supplies",Supplies,2023-06-09,2026-11-18,8,8,8,80.224000,24,-6.329600,0.100000,3.3426666667,-7.8899082569,0,0,0,4
1456,OFF-SU-10001574,"Acme Value Line Scissors","Office Supplies",Supplies,2023-09-13,2026-09-24,10,10,10,76.650000,180,20.440000,0.060000,0.4258333333,26.6666666667,0,0,0,0
1457,OFF-SU-10001664,"Acme Office Executive Series Stainless Steel Trimmers","Office Supplies",Supplies,2023-06-06,2026-12-14,9,9,7,168.512000,25,41.358200,0.066667,7.6596363636,22.5111746826,2,1,2,0
1458,OFF-SU-10001935,"Staple remover","Office Supplies",Supplies,2024-08-21,2026-12-02,6,6,6,29.648000,16,-3.836800,0.133333,1.8530000000,-12.9411764706,0,0,0,4
1459,OFF-SU-10002189,"Acme Rosewood Handle Letter Opener","Office Supplies",Supplies,2023-12-26,2025-08-23,3,3,3,43.670000,12,-3.493600,0.066667,3.6391666667,-8.0000000000,0,0,0,1
1460,OFF-SU-10002301,"Serrated Blade or Curved Handle Hand Letter Openers","Office Supplies",Supplies,2023-10-28,2025-11-04,2,2,2,23.864000,7,0.062800,0.100000,2.5120000000,1.0000000000,0,1,1,0
1461,OFF-SU-10002503,"Acme Preferred Stainless Steel Scissors","Office Supplies",Supplies,2025-09-04,2026-08-27,4,4,4,90.880000,16,-93.833600,0.000000,5.6800000000,-103.2500000000,0,0,0,1
1462,OFF-SU-10002522,"Acme Kleen Earth Office Shears","Office Supplies",Supplies,2023-06-23,2026-08-31,5,5,5,44.232000,12,11.174400,0.080000,3.6860000000,25.2631578947,0,0,0,0
1463,OFF-SU-10002537,"Acme Box Cutter Scissors","Office Supplies",Supplies,2023-08-03,2026-06-29,6,6,6,306.900000,31,72.223800,0.125000,9.9000000000,23.5333333333,0,0,0,0
1464,OFF-SU-10002557,"Fiskars Spring-Action Scissors","Office Supplies",Supplies,2024-05-25,2026-12-17,4,4,3,75.492000,6,13.420800,0.100000,12.5820000000,17.7777777778,0,0,0,0
1465,OFF-SU-10002573,"Acme 10" Easy Grip Assistive Scissors","Office Supplies",Supplies,2024-05-01,2026-10-30,8,8,8,448.768000,26,-520.641000,0.025000,17.2603076923,-116.0156250000,0,0,0,1
1466,OFF-SU-10002881,"Martin Yale Chadless Opener Electric Letter Opener","Office Supplies",Supplies,2023-04-05,2026-12-19,6,6,6,16656.200000,22,-1299.183600,0.100000,757.1000000000,-7.8000000000,0,0,0,3
1467,OFF-SU-10003002,"Letter Slitter","Office Supplies",Supplies,2023-05-23,2025-09-19,2,2,2,10.080000,4,0.302400,0.000000,2.5200000000,3.0000000000,0,0,0,0
1468,OFF-SU-10003505,"Premier Electric Letter Opener","Office Supplies",Supplies,2025-04-22,2026-12-22,8,8,8,2641.608000,24,0.000000,0.075000,110.0670000000,0.0000000000,0,0,0,3
1469,OFF-SU-10003567,"Stiletto Hand Letter Openers","Office Supplies",Supplies,2023-10-02,2025-04-16,4,4,4,136.320000,17,-17.088000,0.237500,8.0188235294,-15.0847457627,0,0,1,2
1470,OFF-SU-10003936,"Acme Serrated Blade Letter Opener","Office Supplies",Supplies,2023-08-22,2024-12-29,2,2,2,13.992000,5,-1.749000,0.100000,2.7984000000,-12.5000000000,0,0,0,1
1471,OFF-SU-10004115,"Acme Stainless Steel Office Snips","Office Supplies",Supplies,2023-11-07,2026-08-28,4,4,4,81.424000,13,12.431700,0.100000,6.2633846154,15.2678571429,0,0,0,0
1472,OFF-SU-10004231,"Acme Tagit Stainless Steel Antibacterial Scissors","Office Supplies",Supplies,2024-08-23,2026-06-08,6,6,6,196.020000,22,37.026000,0.100000,8.9100000000,18.8888888889,0,0,0,0
1473,OFF-SU-10004261,"Fiskars 8" Scissors  2/Pack","Office Supplies",Supplies,2024-05-01,2026-09-18,4,4,4,217.224000,14,45.858400,0.100000,15.5160000000,21.1111111111,0,0,0,0
1474,OFF-SU-10004290,"Acme Design Line 8" Stainless Steel Bent Scissors w/Champagne Handles  3-1/8" Cut","Office Supplies",Supplies,2023-09-07,2025-04-18,3,3,3,45.144000,7,10.191600,0.066667,6.4491428571,22.5757575758,0,0,0,0
1475,OFF-SU-10004498,"Martin-Yale Premier Letter Opener","Office Supplies",Supplies,2023-04-06,2026-05-26,7,7,7,236.992000,20,-12.880000,0.085714,11.8496000000,-5.4347826087,0,0,0,3
1476,OFF-SU-10004661,"Acme Titanium Bonded Scissors","Office Supplies",Supplies,2023-08-23,2026-11-11,5,5,5,102.000000,13,20.230000,0.080000,7.8461538462,19.8333333333,0,0,0,0
1477,OFF-SU-10004664,"Acme Softgrip Scissors","Office Supplies",Supplies,2023-07-23,2026-10-02,4,4,4,166.056000,23,33.129800,0.100000,7.2198260870,19.9509803922,0,0,0,0
1478,OFF-SU-10004737,"Acme Design Stainless Steel Bent Scissors","Office Supplies",Supplies,2023-05-10,2025-09-23,3,3,3,88.920000,13,24.008400,0.000000,6.8400000000,27.0000000000,0,0,0,0
1479,OFF-SU-10004768,"Acme Kleencut Forged Steel Scissors","Office Supplies",Supplies,2023-08-19,2026-08-20,3,3,3,18.368000,7,7.462000,0.133333,4.5920000000,12.5000000000,1,0,0,0
1480,OFF-SU-10004782,"Elite 5" Scissors","Office Supplies",Supplies,2024-09-18,2026-12-03,7,7,7,179.140000,24,25.350000,0.085714,7.4641666667,30.0000000000,0,0,3,0
1481,OFF-SU-10004884,"Acme Galleria Hot Forged Steel Scissors with Colored Handles","Office Supplies",Supplies,2024-09-28,2026-07-25,3,3,3,195.052000,13,49.864100,0.183333,15.0040000000,25.5645161290,0,0,0,0
1482,TEC-AC-10000023,"Maxell 74 Minute CD-R Spindle  50/Pack",Technology,Accessories,2023-07-20,2023-11-02,5,5,5,503.280000,24,181.180800,0.000000,20.9700000000,36.0000000000,0,0,0,0
1483,TEC-AC-10000057,"Microsoft Natural Ergonomic Keyboard 4000",Technology,Accessories,2024-10-03,2026-12-16,5,5,5,557.814000,19,107.664100,0.040000,29.3586315789,19.3010752688,0,0,0,0
1484,TEC-AC-10000109,"Sony Micro Vault Click 16 GB USB 2.0 Flash Drive",Technology,Accessories,2023-05-09,2026-09-19,9,9,9,1489.334000,424,255.314400,0.088889,3.5125801887,17.1428571429,0,0,0,0
1485,TEC-AC-10000158,"Sony 64GB Class 10 Micro SDHC R40 Memory Card",Technology,Accessories,2023-06-23,2026-12-08,9,9,9,899.750000,422,132.083300,0.066667,2.1321090047,14.6800000000,0,0,0,0
1486,TEC-AC-10000171,"Verbatim 25 GB 6x Blu-ray Single Layer Recordable Disc  25/Pack",Technology,Accessories,2024-03-22,2026-09-04,5,5,5,248.292000,12,91.040400,0.120000,20.6910000000,36.6666666667,0,0,0,0
1487,TEC-AC-10000199,"Kingston Digital DataTraveler 8GB USB 2.0",Technology,Accessories,2023-12-02,2026-09-04,3,3,3,44.030000,9,-2.023000,0.133333,4.8922222222,-4.5945945946,0,0,0,2
1488,TEC-AC-10000290,"Sabrent 4-Port USB 2.0 Hub",Technology,Accessories,2023-12-31,2026-12-01,4,4,4,96.418000,15,29.197000,0.050000,6.4278666667,30.2816901408,0,0,0,0
1489,TEC-AC-10000303,"Logitech M510 Wireless Mouse",Technology,Accessories,2023-06-09,2026-11-04,3,3,3,239.940000,7,25.993500,0.133333,34.2771428571,16.2500000000,0,0,1,0
1490,TEC-AC-10000358,"Imation Secure Drive + Hardware Encrypted USB flash drive - 16 GB",Technology,Accessories,2023-12-31,2026-12-16,6,6,6,888.966000,24,-264.410400,0.033333,37.0402500000,-29.7435897436,0,0,0,1
1491,TEC-AC-10000387,"KeyTronic KT800P2 - Keyboard - Black",Technology,Accessories,2024-03-17,2026-05-18,3,3,3,75.100000,5,2.102800,0.133333,12.0160000000,5.3846153846,0,1,1,1
1492,TEC-AC-10000397,"Perixx PERIBOARD-512B  Ergonomic Split Keyboard",Technology,Accessories,2024-11-27,2026-08-12,3,3,3,419.880000,12,-1389.802800,0.000000,34.9900000000,-331.0000000000,0,0,0,2
1493,TEC-AC-10000420,"Logitech G500s Laser Gaming Mouse with Adjustable Weight Tuning",Technology,Accessories,2025-01-09,2025-11-24,4,4,4,1399.800000,21,429.738600,0.050000,66.6571428571,30.7000000000,0,0,0,0
1494,TEC-AC-10000474,"Kensington Expert Mouse Optical USB Trackball for PC or Mac",Technology,Accessories,2023-04-18,2026-12-22,6,6,6,1405.852000,99,360.962000,0.100000,14.6442916667,19.5945945946,1,0,0,0
1495,TEC-AC-10000487,"SanDisk Cruzer 4 GB USB Flash Drive",Technology,Accessories,2024-01-12,2025-07-18,2,2,2,25.960000,5,5.516500,0.200000,5.1920000000,21.2500000000,0,0,0,0
1496,TEC-AC-10000521,"Verbatim Slim CD and DVD Storage Cases  50/Pack",Technology,Accessories,2024-10-18,2026-05-26,4,4,4,80.780000,8,16.156000,0.100000,10.0975000000,20.0000000000,0,0,0,0
1497,TEC-AC-10000580,"Logitech G13 Programmable Gameboard with LCD Display",Technology,Accessories,2025-05-26,2026-12-04,4,4,4,559.930000,11,16.797900,0.100000,63.9920000000,-11.2500000000,1,1,1,2
1498,TEC-AC-10000682,"Kensington K72356US Mouse-in-a-Box USB Desktop Mouse",Technology,Accessories,2024-09-19,2026-11-13,6,6,6,321.846000,20,106.176000,0.033333,16.0923000000,32.9896907216,0,0,0,0
1499,TEC-AC-10000710,"Maxell DVD-RAM Discs",Technology,Accessories,2023-02-07,2024-10-23,3,3,3,296.640000,18,127.555200,0.000000,16.4800000000,43.0000000000,0,0,0,0
1500,TEC-AC-10000736,"Logitech G600 MMO Gaming Mouse",Technology,Accessories,2023-02-14,2026-07-23,8,8,8,1615.798000,21,540.732400,0.025000,76.9427619048,33.4653465347,0,0,0,0
1501,TEC-AC-10000844,"Logitech Gaming G510s - Keyboard",Technology,Accessories,2023-08-17,2026-12-22,8,8,8,2362.722000,31,676.520400,0.075000,76.2168387097,28.6330935252,0,0,0,0
1502,TEC-AC-10000865,"WD My Passport Ultra 500GB Portable External Hard Drive",Technology,Accessories,2023-09-13,2025-10-14,4,4,4,708.000000,12,-794.730000,0.000000,59.0000000000,-112.2500000000,0,0,0,1
1503,TEC-AC-10000892,"NETGEAR N750 Dual Band Wi-Fi Gigabit Router",Technology,Accessories,2023-11-04,2026-04-02,7,7,7,1890.000000,22,622.800000,0.135714,85.9090909091,32.9523809524,0,0,0,0
1504,TEC-AC-10000926,"NETGEAR RangeMax WNR1000 Wireless Router",Technology,Accessories,2025-11-25,2025-11-25,1,1,1,59.976000,3,11.995200,0.200000,19.9920000000,20.0000000000,0,0,0,0
1505,TEC-AC-10000927,"Anker Ultrathin Bluetooth Wireless Keyboard Aluminum Cover with Stand",Technology,Accessories,2024-02-20,2026-11-13,4,4,4,491.836000,17,32.989000,0.050000,28.9315294118,6.7073170732,0,0,0,1
1506,TEC-AC-10000990,"Imation Bio 2GB USB Flash Drive Imation Corp",Technology,Accessories,2024-11-21,2026-09-24,3,3,3,2098.880000,16,881.529600,0.000000,131.1800000000,42.0000000000,0,0,0,0
1507,TEC-AC-10000991,"Sony Micro Vault Click 8 GB USB 2.0 Flash Drive",Technology,Accessories,2025-05-09,2026-07-27,4,4,4,582.676000,13,57.327800,0.050000,44.8212307692,9.8387096774,0,0,0,1
1508,TEC-AC-10001013,"Logitech ClearChat Comfort/USB Headset H390",Technology,Accessories,2023-05-11,2026-12-22,6,6,6,533.078000,19,160.216300,0.066667,28.0567368421,30.0549450549,0,0,0,0
1509,TEC-AC-10001090,"Micro Innovations Wireless Classic Keyboard with Mouse",Technology,Accessories,2024-11-14,2026-09-15,2,2,2,107.964000,4,9.596800,0.100000,26.9910000000,8.8888888889,0,0,0,1
1510,TEC-AC-10001101,"Sony 16GB Class 10 Micro SDHC R40 Memory Card",Technology,Accessories,2023-10-13,2026-06-19,4,4,4,190.772000,16,5.156000,0.100000,11.9232500000,2.7027027027,0,0,0,2
1511,TEC-AC-10001109,"Logitech Trackman Marble Mouse",Technology,Accessories,2023-09-17,2026-09-17,9,9,9,773.742000,28,286.704400,0.088889,27.6336428571,37.0542635659,0,0,0,0
1512,TEC-AC-10001114,"Microsoft Wireless Mobile Mouse 4000",Technology,Accessories,2026-02-20,2026-12-22,4,4,4,591.852000,15,179.155200,0.050000,39.4568000000,32.0000000000,0,0,1,0
1513,TEC-AC-10001142,"First Data FD10 PIN Pad",Technology,Accessories,2023-12-16,2026-10-30,5,5,5,1722.200000,24,15.800000,0.080000,71.7583333333,0.9174311927,0,0,0,2
1514,TEC-AC-10001266,"Memorex Micro Travel Drive 8 GB",Technology,Accessories,2023-01-09,2026-12-07,8,8,8,299.000000,26,113.100000,0.100000,11.5000000000,37.8260869565,0,0,0,0
1515,TEC-AC-10001267,"Imation 32GB Pocket Pro USB 3.0 Flash Drive - 32 GB - Black - 1 P ...",Technology,Accessories,2023-12-02,2025-12-11,5,5,5,467.220000,18,143.760000,0.120000,25.9566666667,30.7692307692,0,0,0,0
1516,TEC-AC-10001284,"Enermax Briskie RF Wireless Keyboard and Mouse Combo",Technology,Accessories,2023-02-20,2026-12-11,5,5,5,353.090000,24,150.374800,0.040000,20.7700000000,36.0000000000,1,0,0,0
1517,TEC-AC-10001314,"Case Logic 2.4GHz Wireless Keyboard",Technology,Accessories,2023-07-23,2026-11-10,8,8,8,1229.754000,27,-11.997600,0.075000,45.5464444444,-0.9756097561,0,0,0,3
1518,TEC-AC-10001383,"Logitech Wireless Touch Keyboard K400",Technology,Accessories,2023-09-08,2026-10-12,3,3,3,364.854000,15,45.231900,0.066667,24.3236000000,14.3650793651,0,0,1,1
1519,TEC-AC-10001432,"Enermax Aurora Lite Keyboard",Technology,Accessories,2023-02-01,2026-11-05,5,5,5,1641.150000,21,722.106000,0.000000,78.1500000000,44.0000000000,0,0,0,0
1520,TEC-AC-10001445,"Imation USB 2.0 Swivel Flash Drive USB flash drive - 4 GB - Pink",Technology,Accessories,2023-10-06,2026-01-14,3,3,3,42.420000,14,8.908200,0.000000,3.0300000000,21.0000000000,0,0,0,0
1521,TEC-AC-10001465,"SanDisk Cruzer 64 GB USB Flash Drive",Technology,Accessories,2023-05-11,2026-11-06,9,9,9,1184.032000,34,319.616000,0.127778,34.8244705882,26.9938650307,0,0,0,0
1522,TEC-AC-10001539,"Logitech G430 Surround Sound Gaming Headset with Dolby 7.1 Technology",Technology,Accessories,2023-12-20,2026-12-04,4,4,4,847.894000,12,-1951.756000,0.050000,70.6578333333,-247.1698113208,1,1,0,1
1523,TEC-AC-10001542,"SanDisk Cruzer 16 GB USB Flash Drive",Technology,Accessories,2023-09-12,2024-05-03,3,3,3,107.912000,10,15.268400,0.066667,10.7912000000,19.0000000000,0,0,1,0
1524,TEC-AC-10001552,"Logitech K350 2.4Ghz Wireless Keyboard",Technology,Accessories,2024-11-02,2026-08-07,5,5,5,1154.664000,25,47.281500,0.080000,46.1865600000,4.0948275862,0,0,0,2
1525,TEC-AC-10001553,"Memorex 25GB 6X Branded Blu-Ray Recordable Disc  15/Pack",Technology,Accessories,2023-10-25,2026-11-03,5,5,5,373.780000,26,3.398000,0.160000,14.3761538462,1.2500000000,0,0,1,0
1526,TEC-AC-10001590,"Dell Slim USB Multimedia Keyboard",Technology,Accessories,2024-06-23,2024-09-26,2,2,2,125.000000,5,30.000000,0.000000,25.0000000000,24.0000000000,0,0,0,0
1527,TEC-AC-10001606,"Logitech Wireless Performance Mouse MX for PC and Mac",Technology,Accessories,2023-05-27,2026-06-16,7,7,7,1799.820000,21,497.950200,0.114286,85.7057142857,27.6666666667,0,0,0,0
1528,TEC-AC-10001635,"KeyTronic KT400U2 - Keyboard - Black",Technology,Accessories,2023-08-31,2025-07-01,3,3,3,148.032000,15,-456.432000,0.066667,9.8688000000,-308.3333333333,0,0,0,1
1529,TEC-AC-10001714,"Logitech MX Performance Wireless Mouse",Technology,Accessories,2025-01-05,2026-10-05,7,7,7,789.822000,23,211.815900,0.114286,34.3400869565,26.8181818182,0,0,0,0
1530,TEC-AC-10001767,"SanDisk Ultra 64 GB MicroSDHC Class 10 Memory Card",Technology,Accessories,2023-08-08,2026-11-30,6,6,6,831.792000,22,37.990500,0.100000,37.8087272727,5.8653846154,1,1,0,3
1531,TEC-AC-10001772,"Memorex Mini Travel Drive 16 GB USB 2.0 Flash Drive",Technology,Accessories,2023-11-24,2026-11-27,6,6,6,606.860000,38,236.675400,0.000000,15.9700000000,39.0000000000,1,1,1,0
1532,TEC-AC-10001838,"Razer Tiamat Over Ear 7.1 Surround Sound PC Gaming Headset",Technology,Accessories,2024-06-20,2026-12-10,7,7,7,5119.744000,26,2155.892200,0.028571,196.9132307692,42.1093750000,0,0,0,0
1533,TEC-AC-10001874,"Logitech Wireless Anywhere Mouse MX for PC and Mac",Technology,Accessories,2023-04-11,2026-01-23,3,3,3,551.908000,11,89.985000,0.133333,50.1734545455,16.3043478261,0,0,0,0
1534,TEC-AC-10001908,"Logitech Wireless Headset h800",Technology,Accessories,2023-04-08,2026-08-27,6,6,6,2799.720000,32,719.928000,0.066667,87.4912500000,25.7142857143,0,0,0,0
1535,TEC-AC-10001956,"Microsoft Arc Touch Mouse",Technology,Accessories,2024-09-26,2024-11-08,2,2,2,359.700000,7,91.124000,0.100000,51.3857142857,25.3333333333,0,0,0,0
1536,TEC-AC-10001990,"Kensington Orbit Wireless Mobile Trackball for PC and Mac",Technology,Accessories,2024-07-16,2026-12-03,5,5,5,1703.716000,33,357.540400,0.160000,51.6277575758,20.9859154930,0,0,0,0
1537,TEC-AC-10001998,"Logitech LS21 Speaker System - PC Multimedia - 2.1-CH - Wired",Technology,Accessories,2024-09-11,2026-12-11,6,6,6,207.896000,11,54.372800,0.033333,18.8996363636,34.0000000000,0,0,1,0
1538,TEC-AC-10002001,"Logitech Wireless Gaming Headset G930",Technology,Accessories,2023-03-05,2026-11-30,6,6,6,2879.820000,21,763.152300,0.191667,137.1342857143,26.5000000000,0,0,0,0
1539,TEC-AC-10002006,"Memorex Micro Travel Drive 16 GB",Technology,Accessories,2023-07-26,2026-12-03,7,6,6,556.452000,39,126.161100,0.085714,14.2680000000,22.6724137931,0,0,0,0
1540,TEC-AC-10002018,"AmazonBasics 3-Button USB Wired Mouse",Technology,Accessories,2024-11-09,2026-07-07,5,5,5,88.074000,14,32.293800,0.080000,6.2910000000,36.6666666667,0,0,0,0
1541,TEC-AC-10002049,"Logitech G19 Programmable Gaming Keyboard",Technology,Accessories,2024-09-04,2026-10-07,8,8,7,4389.246000,36,729.061200,0.025000,121.9235000000,16.6101694915,0,0,0,1
1542,TEC-AC-10002049-1,"Plantronics Savi W720 Multi-Device Wireless Headset System",Technology,Accessories,2023-12-31,2026-08-18,7,7,7,9367.290000,24,3324.966000,0.057143,390.3037500000,39.0099009901,0,0,1,0
1543,TEC-AC-10002076,"Microsoft Natural Keyboard Elite",Technology,Accessories,2023-07-23,2026-02-21,4,4,4,1497.000000,29,20.958000,0.150000,51.6206896552,1.4000000000,0,0,0,3
1544,TEC-AC-10002134,"Rosewill 107 Normal Keys USB Wired Standard Keyboard",Technology,Accessories,2023-09-09,2026-09-07,3,3,3,78.184000,9,0.808800,0.250000,11.1691428571,-3.7931034483,1,0,0,1
1545,TEC-AC-10002167,"Imation 8gb Micro Traveldrive Usb 2.0 Flash Drive",Technology,Accessories,2023-07-23,2026-10-28,8,8,8,357.000000,25,23.250000,0.075000,14.2800000000,6.5126050420,0,0,0,3
1546,TEC-AC-10002217,"Imation Clip USB flash drive - 8 GB",Technology,Accessories,2023-05-16,2026-09-10,7,7,7,443.680000,25,1.880000,0.085714,17.7472000000,0.4237288136,0,0,0,3
1547,TEC-AC-10002253,"Imation Bio 8GB USB Flash Drive Imation Corp",Technology,Accessories,2024-03-28,2026-08-18,4,4,4,2659.840000,16,398.976000,0.000000,166.2400000000,15.0000000000,0,0,0,0
1548,TEC-AC-10002305,"KeyTronic E03601U1 - Keyboard - Beige",Technology,Accessories,2024-09-07,2026-10-08,6,6,6,324.000000,18,58.320000,0.091667,18.0000000000,18.0000000000,0,0,0,0
1549,TEC-AC-10002323,"SanDisk Ultra 32 GB MicroSDHC Class 10 Memory Card",Technology,Accessories,2023-03-26,2026-11-04,11,11,11,884.000000,44,38.012000,0.109091,20.0909090909,4.3000000000,0,0,0,6
1550,TEC-AC-10002331,"Maxell 74 Minute CDR  10/Pack",Technology,Accessories,2023-10-08,2026-12-18,5,5,5,232.764000,26,-190.025400,0.080000,8.9524615385,-81.6386554622,0,0,0,1
1551,TEC-AC-10002335,"Logitech Media Keyboard K200",Technology,Accessories,2024-11-27,2026-11-16,4,4,4,503.856000,16,50.385600,0.100000,31.4910000000,10.0000000000,0,0,0,2
1552,TEC-AC-10002345,"HP Standard 104 key PS/2 Keyboard",Technology,Accessories,2023-11-19,2026-11-03,6,6,6,275.500000,20,58.000000,0.066667,13.7750000000,21.0526315789,0,0,0,0
1553,TEC-AC-10002370,"Maxell CD-R Discs",Technology,Accessories,2023-09-26,2026-11-07,3,3,3,11.032000,6,3.230800,0.133333,1.8386666667,32.0000000000,1,1,1,0
1554,TEC-AC-10002380,"Sony 8GB Class 10 Micro SDHC R40 Memory Card",Technology,Accessories,2026-05-27,2026-05-27,1,1,1,27.192000,3,0.339900,0.200000,9.0640000000,1.2500000000,0,0,0,0
1555,TEC-AC-10002399,"SanDisk Cruzer 32 GB USB Flash Drive",Technology,Accessories,2023-08-25,2026-11-26,6,6,6,361.380000,20,102.708000,0.066667,18.0690000000,28.4210526316,0,0,0,0
1556,TEC-AC-10002402,"Razer Kraken PRO Over Ear PC and Music Headset",Technology,Accessories,2024-04-07,2026-09-30,8,8,8,2159.730000,30,479.940000,0.100000,71.9910000000,22.2222222222,0,0,0,0
1557,TEC-AC-10002473,"Maxell 4.7GB DVD-R",Technology,Accessories,2023-08-04,2026-12-25,11,11,11,1231.692000,49,411.226200,0.159091,25.1365714286,33.3870967742,0,0,0,0
1558,TEC-AC-10002550,"Maxell 4.7GB DVD-RW 3/Pack",Technology,Accessories,2023-04-30,2024-12-10,4,4,4,146.556000,10,36.957600,0.100000,14.6556000000,30.5263157895,0,0,1,0
1559,TEC-AC-10002550-1,"Memorex 25GB 6X Branded Blu-Ray Recordable Disc  30/Pack",Technology,Accessories,2023-11-30,2026-07-23,4,4,4,472.860000,17,-32.269500,0.187500,27.8152941176,-6.8243243243,0,0,0,2
1560,TEC-AC-10002558,"Imation Swivel Flash Drive USB flash drive - 8 GB",Technology,Accessories,2023-03-25,2026-09-08,2,2,2,45.480000,5,17.623500,0.100000,11.3700000000,35.0000000000,1,0,0,0
1561,TEC-AC-10002567,"Logitech G602 Wireless Gaming Mouse",Technology,Accessories,2023-07-22,2026-12-07,9,9,9,1999.750000,29,515.135600,0.172222,68.9568965517,25.7600000000,0,0,0,0
1562,TEC-AC-10002600,"Belkin QODE FastFit Bluetooth Keyboard",Technology,Accessories,2023-12-19,2024-08-09,2,2,2,495.600000,9,16.107000,0.100000,55.0666666667,3.2500000000,0,0,0,1
1563,TEC-AC-10002637,"Logitech VX Revolution Cordless Laser Mouse for Notebooks (Black)",Technology,Accessories,2024-11-09,2025-10-24,5,5,5,3743.792000,22,21.598800,0.080000,170.1723636364,0.5769230769,0,0,0,2
1564,TEC-AC-10002647,"Logitech Wireless Boombox Speaker - portable - wireless  wired",Technology,Accessories,2023-03-19,2026-09-20,2,2,2,383.040000,4,148.960000,0.100000,95.7600000000,38.8888888889,0,0,0,0
1565,TEC-AC-10002718,"Belkin Standard 104 key USB Keyboard",Technology,Accessories,2023-09-07,2024-11-21,6,6,6,163.408000,21,5.106500,0.166667,11.6720000000,-6.2500000000,1,0,0,5
1566,TEC-AC-10002800,"Plantronics Audio 478 Stereo USB Headset",Technology,Accessories,2023-05-13,2026-01-28,9,9,9,1619.676000,34,514.897000,0.066667,47.6375294118,31.7901234568,0,0,0,0
1567,TEC-AC-10002842,"WD My Passport Ultra 2TB Portable External Hard Drive",Technology,Accessories,2023-07-27,2026-10-12,8,8,8,3998.400000,35,-728.280000,0.025000,114.2400000000,-18.2142857143,0,0,0,2
1568,TEC-AC-10002857,"Verbatim 25 GB 6x Blu-ray Single Layer Recordable Disc  1/Pack",Technology,Accessories,2023-07-12,2026-09-24,3,3,3,42.241500,567,11.473000,0.200000,0.0745000000,27.1604938272,0,0,0,0
1569,TEC-AC-10002926,"Logitech Wireless Marathon Mouse M705",Technology,Accessories,2023-04-04,2026-09-22,8,8,8,1309.738000,346,554.889000,0.050000,3.8073779070,39.0839694656,1,0,0,0
1570,TEC-AC-10002942,"WD My Passport Ultra 1TB Portable External Hard Drive",Technology,Accessories,2023-10-11,2026-10-23,6,6,6,1007.400000,12,-24.840000,0.166667,55.2000000000,-3.7500000000,0,1,1,5
1571,TEC-AC-10003023,"Logitech G105 Gaming Keyboard",Technology,Accessories,2023-10-03,2026-12-08,5,5,5,759.936000,14,46.308600,0.120000,54.2811428571,7.9591836735,0,0,1,3
1572,TEC-AC-10003027,"Imation 8GB Mini TravelDrive USB 2.0 Flash Drive",Technology,Accessories,2025-01-16,2026-07-29,3,3,3,181.140000,6,-3.019000,0.066667,30.1900000000,13.0000000000,1,1,1,1
1573,TEC-AC-10003033,"Plantronics CS510 - Over-the-Head monaural Wireless Headset System",Technology,Accessories,2023-12-14,2026-10-12,10,10,10,10162.460000,588,3085.032500,0.080000,17.3420819113,28.2142857143,1,0,0,0
1574,TEC-AC-10003038,"Kingston Digital DataTraveler 16GB USB 2.0",Technology,Accessories,2023-10-02,2026-12-14,13,13,13,477.930000,57,-36.695000,0.061538,8.3847368421,-8.4710743802,0,0,1,5
1575,TEC-AC-10003063,"Micro Innovations USB RF Wireless Keyboard with Mouse",Technology,Accessories,2024-12-14,2026-07-08,6,6,6,440.000000,18,84.500000,0.033333,24.4444444444,19.2045454545,0,0,0,0
1576,TEC-AC-10003095,"Logitech G35 7.1-Channel Surround Sound Headset",Technology,Accessories,2024-05-25,2026-07-20,6,6,6,2157.834000,17,699.346200,0.033333,126.9314117647,32.4096385542,0,0,0,0
1577,TEC-AC-10003116,"Memorex Froggy Flash Drive 8 GB",Technology,Accessories,2024-03-29,2026-12-21,8,8,8,536.050000,32,189.570000,0.075000,16.7515625000,35.3642384106,0,0,0,0
1578,TEC-AC-10003133,"Memorex Mini Travel Drive 4 GB USB 2.0 Flash Drive",Technology,Accessories,2025-06-26,2025-06-26,1,1,1,13.616000,2,NULL,0.200000,6.8080000000,NULL,0,0,1,0
1579,TEC-AC-10003174,"Plantronics S12 Corded Telephone Headset System",Technology,Accessories,2023-01-13,2026-11-17,6,6,5,1983.336000,260,754.530000,0.100000,7.7172607004,34.7826086957,1,0,0,0
1580,TEC-AC-10003198,"Enermax Acrylux Wireless Keyboard",Technology,Accessories,2023-12-27,2024-12-21,6,6,6,2450.160000,29,630.468000,0.100000,84.4882758621,25.7317073171,0,0,0,0
1581,TEC-AC-10003237,"Memorex Micro Travel Drive 4 GB",Technology,Accessories,2023-08-02,2026-12-25,3,3,3,103.880000,11,37.418000,0.066667,9.4436363636,36.0204081633,0,0,0,0
1582,TEC-AC-10003280,"Belkin F8E887 USB Wired Ergonomic Keyboard",Technology,Accessories,2023-11-03,2026-09-23,8,8,8,563.812000,21,66.277900,0.100000,26.8481904762,11.7553191489,0,0,0,0
1583,TEC-AC-10003289,"Anker Ultra-Slim Mini Bluetooth 3.0 Wireless Keyboard",Technology,Accessories,2024-04-02,2026-11-07,5,5,5,499.750000,26,99.550200,0.080000,19.2211538462,19.9200000000,0,0,0,0
1584,TEC-AC-10003399,"Memorex Mini Travel Drive 64 GB USB 2.0 Flash Drive",Technology,Accessories,2023-04-11,2025-09-29,6,6,6,543.600000,15,31.891200,0.000000,36.2400000000,5.8666666667,0,0,0,1
1585,TEC-AC-10003433,"Maxell 4.7GB DVD+R 5/Pack",Technology,Accessories,2023-10-29,2026-11-20,5,5,5,11.682000,13,4.603500,0.080000,0.8986153846,39.4067796610,0,0,0,0
1586,TEC-AC-10003441,"Kingston Digital DataTraveler 32GB USB 2.0",Technology,Accessories,2023-04-06,2026-11-06,7,7,7,288.150000,19,5.424000,0.057143,16.9500000000,6.0000000000,2,1,0,2
1587,TEC-AC-10003447,"Micropad Numeric Keypads",Technology,Accessories,2023-11-28,2025-11-26,4,4,4,291.854000,15,66.966500,0.050000,19.4569333333,22.9452054795,0,0,0,0
1588,TEC-AC-10003499,"Memorex Mini Travel Drive 8 GB USB 2.0 Flash Drive",Technology,Accessories,2024-02-06,2026-11-23,5,5,5,194.544000,20,-70.638000,0.160000,9.7272000000,-63.5416666667,0,0,2,1
1589,TEC-AC-10003590,"TRENDnet 56K USB 2.0 Phone  Internet and Fax Modem",Technology,Accessories,2024-04-18,2026-07-31,5,5,5,626.538000,25,72.492000,0.080000,25.0615200000,30.4347826087,0,0,2,0
1590,TEC-AC-10003610,"Logitech Illuminated - Keyboard",Technology,Accessories,2023-10-16,2026-12-18,6,6,6,1139.810000,20,515.914000,0.033333,56.9905000000,45.2631578947,0,0,0,0
1591,TEC-AC-10003614,"Verbatim 25 GB 6x Blu-ray Single Layer Recordable Disc  10/Pack",Technology,Accessories,2023-12-31,2026-11-12,5,5,5,150.670000,14,41.955800,0.190000,10.7621428571,27.8461538462,0,0,0,0
1592,TEC-AC-10003628,"Logitech 910-002974 M325 Wireless Mouse for Web Scrolling",Technology,Accessories,2023-01-15,2026-09-25,15,15,15,1409.530000,52,281.906000,0.093333,27.1063461538,20.0000000000,0,0,0,1
1593,TEC-AC-10003657,"Lenovo 17-Key USB Numeric Keypad",Technology,Accessories,2024-06-13,2026-09-28,5,5,4,367.092000,13,22.433400,0.160000,28.2378461538,6.1111111111,0,0,0,0
1594,TEC-AC-10003709,"Maxell 4.7GB DVD-R 5/Pack",Technology,Accessories,2023-07-15,2026-10-12,5,5,5,18.018000,20,6.890400,0.080000,0.9009000000,39.2771084337,1,1,1,0
1595,TEC-AC-10003832,"Imation 16GB Mini TravelDrive USB 2.0 Flash Drive",Technology,Accessories,2023-11-12,2026-12-05,9,9,9,874.632000,271,342.564200,0.088889,3.2757752809,32.9545454545,1,0,0,0
1596,TEC-AC-10003832-1,"Logitech P710e Mobile Speakerphone",Technology,Accessories,2023-11-15,2026-07-11,9,9,9,9990.612000,38,1645.361100,0.066667,253.3144864865,16.4948453608,1,1,0,3
1597,TEC-AC-10003870,"Logitech Z-906 Speaker sys - home theater - 5.1-CH",Technology,Accessories,2024-06-04,2026-07-26,4,4,4,5609.830000,17,2243.932000,0.000000,329.9900000000,40.0000000000,0,0,0,0
1598,TEC-AC-10003911,"NETGEAR AC1750 Dual Band Gigabit Smart WiFi Router",Technology,Accessories,2023-07-05,2026-11-05,5,5,5,2623.836000,18,723.154800,0.040000,145.7686666667,27.5609756098,0,0,0,0
1599,TEC-AC-10004001,"Logitech Wireless Headset H600 Over-The-Head Design",Technology,Accessories,2025-11-05,2026-03-13,2,2,2,214.950000,10,133.269000,0.100000,42.9900000000,41.0000000000,1,0,0,0
1600,TEC-AC-10004114,"KeyTronic 6101 Series - Keyboard - Black",Technology,Accessories,2023-06-22,2026-11-13,2,2,2,360.712000,10,127.069000,0.100000,36.0712000000,35.2272727273,0,0,0,0
1601,TEC-AC-10004127,"SanDisk Cruzer 8 GB USB Flash Drive",Technology,Accessories,2024-11-22,2024-11-22,1,1,1,NULL,4,-1.358400,0.200000,NULL,NULL,1,0,0,1
1602,TEC-AC-10004145,"Logitech diNovo Edge Keyboard",Technology,Accessories,2024-11-16,2026-11-02,5,5,5,5999.760000,31,1432.442700,0.040000,249.9900000000,23.0000000000,1,0,0,0
1603,TEC-AC-10004171,"Razer Kraken 7.1 Surround Sound Over Ear USB Gaming Headset",Technology,Accessories,2023-04-06,2026-11-09,6,6,6,2619.738000,29,995.900400,0.066667,90.3357931034,38.0152671756,0,0,0,0
1604,TEC-AC-10004209,"Memorex Froggy Flash Drive 4 GB",Technology,Accessories,2023-09-08,2025-09-08,5,5,5,101.547600,330,42.421400,0.080000,0.3077200000,41.7748917749,0,0,0,0
1605,TEC-AC-10004227,"SanDisk Ultra 16 GB MicroSDHC Class 10 Memory Card",Technology,Accessories,2023-05-20,2026-11-12,7,7,6,329.946000,31,-48.582600,0.142857,10.6434193548,-14.7244094488,0,0,0,5
1606,TEC-AC-10004353,"Hypercom P1300 Pinpad",Technology,Accessories,2023-03-02,2026-09-03,7,7,7,1108.800000,21,182.070000,0.171429,52.8000000000,21.2500000000,0,0,1,0
1607,TEC-AC-10004396,"Logitech Keyboard K120",Technology,Accessories,2024-04-16,2024-12-11,3,3,3,174.240000,12,-367.900500,0.200000,14.5200000000,-316.7187500000,0,0,1,2
1608,TEC-AC-10004420,"Cherry 142-key Programmable Keyboard",Technology,Accessories,2025-11-05,2025-11-05,1,1,1,479.720000,4,52.769200,0.000000,119.9300000000,11.0000000000,0,0,0,0
1609,TEC-AC-10004469,"Microsoft Sculpt Comfort Mouse",Technology,Accessories,2024-03-07,2026-12-14,10,10,10,1574.030000,42,-452.234000,0.060000,37.4769047619,-28.7309644670,0,0,0,1
1610,TEC-AC-10004510,"Logitech Desktop MK120 Mouse and keyboard Combo",Technology,Accessories,2023-08-05,2026-12-14,12,12,12,778.736000,50,-207.772000,0.112500,15.5747200000,-26.6806722689,0,0,0,5
1611,TEC-AC-10004518,"Memorex Mini Travel Drive 32 GB USB 2.0 Flash Drive",Technology,Accessories,2025-05-12,2025-11-25,2,2,2,280.000000,14,62.400000,0.000000,20.0000000000,39.0000000000,0,0,1,0
1612,TEC-AC-10004568,"Maxell LTO Ultrium - 800 GB",Technology,Accessories,2023-10-31,2026-11-12,8,8,8,1086.012000,41,156.464100,0.075000,26.4880975610,14.4072164948,0,0,0,3
1613,TEC-AC-10004571,"Logitech G700s Rechargeable Gaming Mouse",Technology,Accessories,2023-08-06,2026-09-29,9,9,9,2339.766000,25,889.911000,0.088889,93.5906400000,38.0341880342,0,0,0,0
1614,TEC-AC-10004595,"First Data TMFD35 PIN Pad",Technology,Accessories,2025-07-17,2026-12-04,2,2,2,571.200000,4,119.952000,0.000000,142.8000000000,21.0000000000,0,0,0,0
1615,TEC-AC-10004633,"Verbatim 25 GB 6x Blu-ray Single Layer Recordable Disc  3/Pack",Technology,Accessories,2023-09-17,2026-09-22,6,6,6,184.536000,30,36.348000,0.100000,6.1512000000,31.7073170732,0,0,2,0
1616,TEC-AC-10004659,"Imation Secure+ Hardware Encrypted USB 2.0 Flash Drive; 16GB",Technology,Accessories,2023-04-06,2026-09-23,6,5,5,1634.976000,32,306.558000,0.166667,58.3920000000,18.7500000000,1,0,1,0
1617,TEC-AC-10004666,"Maxell iVDR EX 500GB Cartridge",Technology,Accessories,2026-09-02,2026-11-09,2,2,2,2755.400000,10,1184.822000,0.000000,275.5400000000,43.0000000000,0,0,0,0
1618,TEC-AC-10004708,"Sony 32GB Class 10 Micro SDHC R40 Memory Card",Technology,Accessories,2023-12-24,2026-10-01,4,4,4,251.400000,12,52.794000,0.000000,20.9500000000,21.0000000000,0,0,0,0
1619,TEC-AC-10004761,"Maxell 4.7GB DVD+RW 3/Pack",Technology,Accessories,2024-12-11,2025-09-06,4,4,4,264.438000,17,88.411500,0.050000,15.5551764706,33.4337349398,0,0,0,0
1620,TEC-AC-10004803,"Sony Micro Vault Click 4 GB USB 2.0 Flash Drive",Technology,Accessories,2025-08-03,2026-08-07,3,3,3,250.920000,18,35.128800,0.000000,13.9400000000,14.0000000000,0,0,0,0
1621,TEC-AC-10004814,"Logitech Illuminated Ultrathin Keyboard with Backlighting",Technology,Accessories,2023-07-26,2023-07-26,1,1,1,170.970000,3,70.097700,0.000000,56.9900000000,41.0000000000,0,0,0,0
1622,TEC-AC-10004855,"V7 USB Numeric Keypad",Technology,Accessories,2025-03-15,2026-11-14,4,4,4,461.868000,16,-58.783200,0.150000,28.8667500000,-12.7272727273,0,0,0,3
1623,TEC-AC-10004859,"Maxell Pro 80 Minute CD-R  10/Pack",Technology,Accessories,2023-09-26,2026-12-09,4,4,4,374.072000,24,115.368000,0.100000,15.5863333333,33.3333333333,0,0,1,0
1624,TEC-AC-10004864,"Memorex Micro Travel Drive 32 GB",Technology,Accessories,2023-11-05,2026-09-08,5,5,5,379.704000,12,-464.772300,0.120000,31.6420000000,-122.4038461538,0,0,0,1
1625,TEC-AC-10004877,"Imation 30456 USB Flash Drive 8GB",Technology,Accessories,2023-03-14,2025-12-08,5,5,5,154.560000,23,11.040000,0.040000,6.7200000000,8.0000000000,0,0,1,0
1626,TEC-AC-10004901,"Kensington SlimBlade Notebook Wireless Mouse with Nano Receiver",Technology,Accessories,2023-03-31,2026-03-27,4,4,4,549.890000,13,64.987000,0.150000,42.2992307692,28.2608695652,0,0,2,0
1627,TEC-AC-10004975,"Plantronics Audio 995 Wireless Stereo Headset",Technology,Accessories,2024-10-15,2026-11-07,4,4,4,1913.130000,18,587.133000,0.050000,106.2850000000,30.6896551724,0,0,0,0
1628,TEC-AC-10004992,"Kingston Digital DataTraveler 64GB USB 2.0",Technology,Accessories,2026-06-17,2026-09-18,2,2,2,202.680000,6,8.107200,0.000000,33.7800000000,8.0000000000,0,0,1,0
1629,TEC-CO-10000971,"Hewlett Packard 310 Color Digital Copier",Technology,Copiers,2024-09-12,2026-08-12,6,6,6,4199.860000,16,-4079.864000,0.133333,262.4912500000,-97.1428571429,0,0,0,1
1630,TEC-CO-10001046,"Canon Imageclass D680 Copier / Fax",Technology,Copiers,2023-07-06,2026-12-09,5,5,5,8959.872000,16,2799.960000,0.200000,559.9920000000,31.2500000000,0,0,0,0
1631,TEC-CO-10001449,"Hewlett Packard LaserJet 3310 Copier",Technology,Copiers,2023-05-08,2026-12-24,8,8,8,18839.686000,38,6983.883600,0.200000,495.7812105263,37.0700636943,0,0,0,0
1632,TEC-CO-10001571,"Sharp 1540cs Digital Laser Copier",Technology,Copiers,2023-08-08,2026-08-27,7,7,7,4399.920000,10,1649.970000,0.171429,439.9920000000,37.5000000000,0,0,0,0
1633,TEC-CO-10001766,"Canon PC940 Copier",Technology,Copiers,2023-12-09,2024-04-16,3,3,3,2519.944000,15,2092.453500,0.200000,314.9930000000,24.2857142857,1,0,0,0
1634,TEC-CO-10001943,"Canon PC-428 Personal Copier",Technology,Copiers,2024-04-11,2026-09-08,6,6,6,4119.794000,25,717.964100,0.200000,164.7917600000,28.4920634921,0,0,1,0
1635,TEC-CO-10002095,"Hewlett Packard 610 Color Digital Copier / Printer",Technology,Copiers,2023-10-14,2026-11-16,7,7,7,8899.822000,21,3124.937500,0.142857,423.8010476190,35.1123595506,0,0,0,0
1636,TEC-CO-10002313,"Canon PC1080F Personal Copier",Technology,Copiers,2023-09-21,2026-12-14,6,6,4,4817.200000,16,1880.088200,0.033333,274.2936363636,39.0286514988,1,1,1,0
1637,TEC-CO-10003236,"Canon Image Class D660 Copier",Technology,Copiers,2026-01-22,2026-11-03,2,2,2,3959.934000,7,1379.977000,0.100000,565.7048571429,46.0000000000,0,0,1,0
1638,TEC-CO-10003763,"Canon PC1060 Personal Laser Copier",Technology,Copiers,2024-03-06,2025-09-04,4,4,4,11619.834000,19,4570.934700,0.150000,611.5702105263,39.3373493976,0,0,0,0
1639,TEC-CO-10004115,"Sharp AL-1530CS Digital Copier",Technology,Copiers,2023-08-08,2026-12-08,4,4,4,6399.872000,17,2064.958700,0.250000,376.4630588235,32.2656250000,0,0,0,0
1640,TEC-CO-10004202,"Brother DCP1000 Digital 3 in 1 Multifunction Machine",Technology,Copiers,2023-05-02,2026-07-17,7,7,7,4859.838000,19,1154.961500,0.192857,255.7809473684,23.7654320988,0,0,0,0
1641,TEC-CO-10004722,"Canon imageCLASS 2200 Advanced Copier",Technology,Copiers,2025-05-23,2026-11-17,5,5,5,19599.944000,20,25199.928000,0.120000,2449.9930000000,25.7142857143,3,0,0,0
1642,TEC-MA-10000010,"Hewlett-Packard Deskjet 3050a All-in-One Color Inkjet Printer",Technology,Machines,2025-11-26,2025-11-26,1,1,1,3040.000000,8,1459.200000,0.000000,380.0000000000,48.0000000000,0,0,0,0
1643,TEC-MA-10000029,"Epson WorkForce WF-2530 All-in-One Printer  Copier Scanner",Technology,Machines,2023-09-08,2023-09-12,2,2,2,279.960000,4,120.382800,0.000000,69.9900000000,43.0000000000,0,0,0,0
1644,TEC-MA-10000045,"Zebra ZM400 Thermal Label Printer",Technology,Machines,2024-11-08,2024-11-09,2,2,2,6965.700000,6,2229.024000,0.000000,1160.9500000000,48.0000000000,0,0,1,0
1645,TEC-MA-10000112,"Panasonic KX MB2061 Multifunction Printer",Technology,Machines,2025-05-21,2025-05-21,1,1,1,2396.400000,10,179.730000,0.200000,239.6400000000,7.5000000000,0,0,0,0
1646,TEC-MA-10000418,"Cubify CubeX 3D Printer Double Head Print",Technology,Machines,2024-12-15,2026-04-01,3,3,3,11099.963000,9,-8879.970400,0.533333,1233.3292222222,-80.0000000000,0,0,0,2
1647,TEC-MA-10000423,"Texas Instruments TI-34 Scientific Calculator",Technology,Machines,2023-06-17,2025-08-14,3,3,3,171.522000,12,64.650600,0.233333,19.0580000000,38.8461538462,1,0,0,1
1648,TEC-MA-10000488,"Bady BDG101FRU Card Printer",Technology,Machines,2024-01-30,2026-11-16,4,4,4,5279.934000,14,1591.980100,0.200000,586.6593333333,11.2500000000,1,0,1,0
1649,TEC-MA-10000597,"Lexmark S315 Color Inkjet Printer",Technology,Machines,2024-08-31,2024-10-30,2,2,2,299.970000,5,34.996500,0.450000,59.9940000000,11.6666666667,0,0,0,1
1650,TEC-MA-10000752,"Texas Instrument TI-15 Fraction Calculator",Technology,Machines,2025-11-21,2025-12-22,2,2,2,41.905000,8,-20.519000,0.450000,5.2381250000,-48.9655172414,0,0,0,1
1651,TEC-MA-10000822,"Lexmark MX611dhe Monochrome Laser Printer",Technology,Machines,2023-09-08,2026-04-17,4,4,4,13769.919000,18,-4589.973000,0.400000,860.6199375000,-38.2716049383,1,0,0,3
1652,TEC-MA-10000864,"Cisco 9971 IP Video Phone Charcoal",Technology,Machines,2024-01-02,2024-08-24,2,2,2,4268.000000,16,466.400000,0.350000,266.7500000000,10.9278350515,0,0,0,1
1653,TEC-MA-10000904,"Brother MFC-9340CDW LED All-In-One Printer  Copier Scanner",Technology,Machines,2025-07-10,2025-07-10,1,1,1,341.991000,3,-319.191600,0.700000,113.9970000000,-93.3333333333,0,0,0,1
1654,TEC-MA-10000984,"Okidata MB760 Printer",Technology,Machines,2025-03-10,2025-06-24,2,2,2,7834.400000,7,503.640000,0.200000,1119.2000000000,11.2500000000,0,0,1,0
1655,TEC-MA-10001016,"Canon PC170 Desktop Personal Copier",Technology,Machines,2024-11-07,2025-03-03,2,2,2,575.820000,6,67.179000,0.400000,95.9700000000,11.6666666667,0,0,0,0
1656,TEC-MA-10001031,"Socket Bluetooth Cordless Hand Scanner (CHS)",Technology,Machines,2026-09-24,2026-09-24,1,1,1,NULL,3,177.198000,0.200000,NULL,NULL,1,0,0,0
1657,TEC-MA-10001047,"3D Systems Cube Printer  2nd Generation  Magenta",Technology,Machines,2025-04-16,2026-10-05,2,2,2,14299.890000,NULL,1351.989600,0.000000,NULL,26.0000000000,0,2,1,0
1658,TEC-MA-10001127,"HP Designjet T520 Inkjet Large Format Printer - 24" Color",Technology,Machines,2023-09-19,2025-02-02,3,3,3,15749.910000,12,2239.987200,0.166667,1749.9900000000,32.0000000000,1,0,2,0
1659,TEC-MA-10001148,"Swingline SM12-08 MicroCut Jam Free Shredder",Technology,Machines,2023-03-18,2026-10-16,3,3,3,2359.941000,9,31.999200,0.533333,119.9970000000,1.8181818182,0,1,1,1
1660,TEC-MA-10001148-1,"Okidata MB491 Multifunction Printer",Technology,Machines,2025-03-13,2026-07-03,2,2,2,2844.300000,9,-434.130000,0.450000,316.0333333333,-15.2631578947,0,0,0,1
1661,TEC-MA-10001570,"Cisco Desktop Collaboration Experience DX650 IP Video Phone",Technology,Machines,2026-06-11,2026-06-11,1,1,1,385.800000,5,130.207500,0.200000,77.1600000000,33.7500000000,0,0,0,0
1662,TEC-MA-10001681,"Lexmark MarkNet N8150 Wireless Print Server",Technology,Machines,2024-12-03,2026-09-14,2,2,2,723.510000,6,-506.457000,0.700000,120.5850000000,-70.0000000000,0,0,0,2
1663,TEC-MA-10001695,"Zebra GK420t Direct Thermal/Thermal Transfer Printer",Technology,Machines,2025-10-06,2025-10-06,1,1,1,703.710000,6,-938.280000,0.700000,117.2850000000,-133.3333333333,0,0,0,1
1664,TEC-MA-10001856,"Okidata C610n Printer",Technology,Machines,2026-12-04,2026-12-04,1,1,1,649.000000,2,-272.580000,0.500000,324.5000000000,-42.0000000000,0,0,0,1
1665,TEC-MA-10001972,"Okidata C331dn Printer",Technology,Machines,2023-06-20,2025-10-07,5,5,5,3210.800000,12,111.680000,0.240000,267.5666666667,3.4782608696,0,0,0,1
1666,TEC-MA-10002073,"3D Systems Cube Printer  2nd Generation  White",Technology,Machines,2023-09-09,2026-11-21,2,2,2,1039.992000,3,-467.996400,0.350000,1039.9920000000,10.0000000000,1,0,0,1
1667,TEC-MA-10002109,"HP Officejet Pro 8600 e-All-In-One Printer  Copier  Scanner  Fax",Technology,Machines,2026-02-02,2026-03-13,2,2,2,449.970000,2,47.996800,0.250000,104.9930000000,10.6666666667,0,1,0,0
1668,TEC-MA-10002178,"Cisco CP-7937G Unified IP Conference Station Phone",Technology,Machines,2025-06-09,2026-01-02,2,2,2,1391.400000,4,-55.656000,0.500000,347.8500000000,-4.0000000000,0,0,0,2
1669,TEC-MA-10002210,"Epson TM-T88V Direct Thermal Printer - Monochrome - Desktop",Technology,Machines,2023-09-02,2026-11-13,2,2,2,1212.705000,10,-935.959500,0.550000,121.2705000000,-143.3333333333,0,0,1,1
1670,TEC-MA-10002412,"Cisco TelePresence System EX90 Videoconferencing Unit",Technology,Machines,2023-03-18,2023-03-18,1,1,1,22638.480000,6,-1811.078400,0.500000,3773.0800000000,-8.0000000000,0,0,0,1
1671,TEC-MA-10002428,"Fellowes Powershred HS-440 4-Sheet High Security Shredder",Technology,Machines,2024-07-09,2026-10-01,3,3,3,2541.836000,14,1092.679500,0.066667,154.9900000000,42.9878048780,0,1,0,0
1672,TEC-MA-10002694,"Hewlett-Packard Deskjet F4180 All-in-One Color Ink-jet - Printer / copier / scanner",Technology,Machines,2023-10-10,2023-10-10,1,1,1,101.994000,2,-71.395800,0.700000,50.9970000000,-70.0000000000,0,0,0,1
1673,TEC-MA-10002790,"NeatDesk Desktop Scanner & Digital Filing System",Technology,Machines,2024-11-20,2024-11-20,1,1,1,479.988000,2,55.998600,0.400000,239.9940000000,11.6666666667,0,0,0,0
1674,TEC-MA-10002859,"Ativa MDM8000 8-Sheet Micro-Cut Shredder",Technology,Machines,2023-04-18,2024-09-26,2,2,2,917.898000,7,97.189200,0.100000,89.9900000000,33.7500000000,0,1,1,0
1675,TEC-MA-10002927,"Canon imageCLASS MF7460 Monochrome Digital Laser Multifunction Copier",Technology,Machines,2023-11-04,2023-11-04,1,1,1,3991.980000,2,1995.990000,0.000000,1995.9900000000,50.0000000000,0,0,0,0
1676,TEC-MA-10002930,"Ricoh - Ink Collector Unit for GX3000 Series Printers",Technology,Machines,2024-11-21,2026-10-02,3,3,3,465.645000,14,36.916000,0.300000,33.2603571429,7.9279279279,0,0,0,1
1677,TEC-MA-10002937,"Canon Color ImageCLASS MF8580Cdw Wireless Laser All-In-One Printer  Copier  Scanner",Technology,Machines,2025-06-12,2025-06-12,1,1,1,1007.979000,3,43.199100,0.300000,335.9930000000,4.2857142857,0,0,0,0
1678,TEC-MA-10002981,"I.R.I.S IRISCard Anywhere 5 Card Scanner",Technology,Machines,2026-01-21,2026-01-21,1,1,1,350.973000,3,152.088300,0.100000,116.9910000000,43.3333333333,0,0,0,0
1679,TEC-MA-10003066,"Wasp CCD Handheld Bar Code Reader",Technology,Machines,2026-09-29,2026-09-29,1,1,1,336.510000,3,NULL,0.400000,112.1700000000,NULL,0,0,1,0
1680,TEC-MA-10003173,"Hewlett-Packard 300S Scientific Calculator",Technology,Machines,2026-06-03,2026-11-16,2,2,2,131.100000,10,60.306000,0.000000,13.1100000000,46.0000000000,0,0,0,0
1681,TEC-MA-10003176,"Okidata B400 Printer",Technology,Machines,2023-05-20,2026-05-20,4,4,2,1716.000000,5,193.050000,0.200000,343.2000000000,11.2500000000,0,0,0,0
1682,TEC-MA-10003183,"DYMO CardScan Personal V9 Business Card Scanner",Technology,Machines,2023-12-29,2026-12-24,3,3,3,575.964000,11,223.986000,0.300000,115.1928000000,-66.6666666667,1,0,1,1
1683,TEC-MA-10003230,"Okidata C610n Printer",Technology,Machines,2025-09-02,2025-09-02,1,1,1,1362.900000,3,-19.470000,0.300000,454.3000000000,-1.4285714286,0,0,0,1
1684,TEC-MA-10003246,"Hewlett-Packard Deskjet D4360 Printer",Technology,Machines,2023-11-04,2023-11-04,1,1,1,447.968000,4,139.990000,0.200000,111.9920000000,31.2500000000,0,0,0,0
1685,TEC-MA-10003329,"Vtech AT&T CL2940 Corded Speakerphone  Black",Technology,Machines,2024-04-02,2024-04-02,1,1,1,71.976000,3,24.291900,0.200000,23.9920000000,33.7500000000,0,0,0,0
1686,TEC-MA-10003337,"Okidata B401 Printer",Technology,Machines,2025-11-03,2025-11-03,1,1,1,179.991000,3,-251.987400,0.700000,59.9970000000,-140.0000000000,0,0,0,1
1687,TEC-MA-10003353,"Xerox WorkCentre 6505DN Laser Multifunction Printer",Technology,Machines,2023-09-19,2023-09-19,1,1,1,NULL,7,-251.995800,0.400000,NULL,NULL,1,0,0,1
1688,TEC-MA-10003356,"Panasonic KX MC6040 Color Laser Multifunction Printer",Technology,Machines,2025-06-04,2025-12-25,2,2,2,1619.820000,5,-7136.207000,0.350000,323.9640000000,-440.5555555556,0,0,0,2
1689,TEC-MA-10003493,"Penpower WorldCard Pro Card Scanner",Technology,Machines,2025-06-16,2025-06-16,1,1,1,91.475000,1,-1.829500,0.500000,91.4750000000,-2.0000000000,0,0,0,1
1690,TEC-MA-10003589,"Cisco 8961 IP Phone Charcoal",Technology,Machines,2025-05-03,2025-05-03,1,1,1,224.937000,3,-164.953800,0.700000,74.9790000000,-73.3333333333,0,0,0,1
1691,TEC-MA-10003626,"Hewlett-Packard Deskjet 6540 Color Inkjet Printer",Technology,Machines,2023-03-14,2023-03-18,2,2,2,1396.210000,6,139.621000,0.400000,232.7016666667,10.0000000000,0,0,0,1
1692,TEC-MA-10003673,"Hewlett-Packard Desktjet 6988DT Refurbished Printer",Technology,Machines,2026-06-17,2026-06-17,1,1,1,3404.500000,5,1668.205000,0.000000,680.9000000000,49.0000000000,0,0,0,0
1693,TEC-MA-10003674,"Hewlett-Packard Deskjet 5550 Printer",Technology,Machines,2026-07-03,2026-07-03,1,1,1,597.132000,NULL,49.761000,0.400000,NULL,8.3333333333,0,1,0,0
1694,TEC-MA-10003979,"Ativa V4110MDD Micro-Cut Shredder",Technology,Machines,2023-09-14,2025-03-01,2,2,2,7699.890000,11,3772.946100,0.000000,699.9900000000,49.0000000000,0,0,0,0
1695,TEC-MA-10004002,"Zebra GX420t Direct Thermal/Thermal Transfer Printer",Technology,Machines,2024-05-22,2025-07-23,3,3,3,5787.355000,567,509.712000,0.300000,10.2069753086,8.8073394495,0,0,0,1
1696,TEC-MA-10004086,"Plantronics Single Ear Headset",Technology,Machines,2023-09-17,2023-09-17,1,1,1,NULL,5,NULL,0.700000,NULL,NULL,1,0,1,0
1697,TEC-MA-10004125,"Cubify CubeX 3D Printer Triple Head Print",Technology,Machines,2026-11-04,2026-11-04,1,1,1,7999.980000,4,-3839.990400,0.500000,1999.9950000000,-48.0000000000,0,0,0,1
1698,TEC-MA-10004212,"Cisco SPA525G2 5-Line IP Phone",Technology,Machines,2024-04-27,2024-04-27,1,1,1,NULL,8,648.562400,0.000000,NULL,NULL,1,0,0,0
1699,TEC-MA-10004241,"Star Micronics TSP800 TSP847IIU Receipt Printer",Technology,Machines,2023-09-29,2024-12-21,2,2,2,686.320000,4,360.318000,0.250000,343.1600000000,32.5000000000,1,0,0,0
1700,TEC-MA-10004255,"Konica Minolta magicolor 1690MF Multifunction Printer",Technology,Machines,2025-11-25,2025-11-25,1,1,1,NULL,8,118.370400,0.000000,NULL,NULL,1,0,0,0
1701,TEC-MA-10004458,"Lexmark X 9575 Professional All-in-One Color Printer",Technology,Machines,2025-09-17,2025-09-17,1,1,1,396.000000,4,190.080000,0.000000,99.0000000000,48.0000000000,0,0,0,0
1702,TEC-MA-10004521,"Epson Perfection V600 Photo Scanner",Technology,Machines,2023-06-21,2023-06-21,1,1,1,206.991000,3,-172.492500,0.700000,68.9970000000,-83.3333333333,0,0,0,1
1703,TEC-MA-10004552,"Star Micronics TSP100 TSP143LAN Receipt Printer",Technology,Machines,2024-10-30,2024-10-30,1,1,1,1035.800000,NULL,269.308000,0.000000,NULL,26.0000000000,0,1,0,0
1704,TEC-MA-10004626,"Lexmark 20R1285 X6650 Wireless All-in-One Printer",Technology,Machines,2026-09-17,2026-12-25,2,2,2,600.000000,6,-7.200000,0.250000,100.0000000000,-6.0000000000,0,0,1,1
1705,TEC-MA-10004679,"StarTech.com 10/100 VDSL2 Ethernet Extender Kit",Technology,Machines,2023-09-07,2026-03-28,4,4,4,2330.650000,13,-785.762000,0.425000,179.2807692308,-33.7142857143,0,0,0,3
1706,TEC-PH-10000004,"Belkin iPhone and iPad Lightning Cable",Technology,Phones,2025-03-20,2026-07-11,2,2,2,83.944000,7,6.295800,0.200000,11.9920000000,7.5000000000,0,0,0,0
1707,TEC-PH-10000011,"PureGear Roll-On Screen Protector",Technology,Phones,2024-03-31,2026-11-14,5,5,5,571.714000,34,179.110400,0.160000,16.8151176471,38.9565217391,0,0,2,0
1708,TEC-PH-10000038,"Jawbone MINI JAMBOX Wireless Bluetooth Speaker",Technology,Phones,2023-08-09,2026-03-19,5,5,5,2027.304000,18,-339.710400,0.160000,112.6280000000,-16.7567567568,0,0,0,4
1709,TEC-PH-10000127,"iOttie XL Car Mount",Technology,Phones,2026-09-11,2026-11-04,2,2,2,223.888000,14,-50.374800,0.200000,15.9920000000,-22.5000000000,0,0,0,2
1710,TEC-PH-10000141,"Clearsounds A400",Technology,Phones,2025-03-29,2026-03-25,3,3,3,488.326000,11,-48.832600,0.333333,44.3932727273,-10.0000000000,0,0,0,2
1711,TEC-PH-10000148,"Cyber Acoustics AC-202b Speech Recognition Stereo Headset",Technology,Phones,2025-01-11,2026-12-10,5,5,5,119.508000,11,-3.637200,0.160000,10.8643636364,-5.0000000000,0,0,2,1
1712,TEC-PH-10000149,"Cisco SPA525G2 IP Phone - Wireless",Technology,Phones,2023-08-23,2026-03-17,5,5,5,307.230000,26,43.092000,0.200000,15.3615000000,3.8961038961,1,0,0,1
1713,TEC-PH-10000169,"ARKON Windshield Dashboard Air Vent Car Mount Holder",Technology,Phones,2023-12-15,2026-01-14,4,4,4,216.960000,14,-15.594000,0.100000,15.4971428571,-7.1875000000,0,0,0,2
1714,TEC-PH-10000193,"Jensen SMPS-640 - speaker phone",Technology,Phones,2024-12-04,2026-01-27,4,4,4,496.584000,12,80.005200,0.100000,41.3820000000,20.7142857143,0,0,1,0
1715,TEC-PH-10000213,"Seidio BD2-HK3IPH5-BK DILEX Case and Holster Combo for Apple iPhone 5/5s - Black",Technology,Phones,2023-12-24,2026-12-02,3,3,3,272.888000,11,4.961600,0.200000,24.8080000000,10.0000000000,0,0,2,0
1716,TEC-PH-10000215,"Plantronics Cordless Phone Headset with In-line Volume - M214C",Technology,Phones,2023-06-18,2026-09-20,6,6,6,908.700000,27,219.835500,0.033333,33.6555555556,24.1923076923,0,0,0,0
1717,TEC-PH-10000307,"Shocksock Galaxy S4 Armband",Technology,Phones,2023-12-06,2026-06-08,3,3,3,63.510000,7,-7.008000,0.133333,9.0728571429,-20.0000000000,0,0,2,1
1718,TEC-PH-10000347,"Cush Cases Heavy Duty Rugged Cover Case for Samsung Galaxy S5 - Purple",Technology,Phones,2024-04-05,2026-12-28,6,6,6,65.340000,17,-71.824500,0.200000,3.8435294118,-168.7209302326,0,0,2,2
1719,TEC-PH-10000369,"HTC One Mini",Technology,Phones,2023-06-20,2025-08-15,4,4,4,2041.038000,19,317.494800,0.150000,107.4230526316,15.5555555556,0,0,0,0
1720,TEC-PH-10000376,"Square Credit Card Reader",Technology,Phones,2023-04-29,2026-11-19,7,7,7,173.826000,22,11.188800,0.171429,7.9011818182,6.4367816092,0,0,0,1
1721,TEC-PH-10000439,"GE DSL Phone Line Filter",Technology,Phones,2023-07-12,2026-09-15,4,4,4,495.876000,15,58.385400,0.100000,33.0584000000,12.8070175439,0,0,1,0
1722,TEC-PH-10000441,"VTech DS6151",Technology,Phones,2023-05-26,2026-06-03,8,8,8,2746.582000,25,-569.474800,0.125000,109.8632800000,-22.3762376238,0,0,1,1
1723,TEC-PH-10000455,"GE 30522EE2",Technology,Phones,2023-08-27,2026-08-27,3,3,3,1159.900000,10,336.371000,0.000000,115.9900000000,29.0000000000,0,0,0,0
1724,TEC-PH-10000486,"Plantronics HL10 Handset Lifter",Technology,Phones,2023-05-27,2024-12-27,3,3,3,2227.008000,24,250.538400,0.200000,92.7920000000,11.2500000000,0,0,0,0
1725,TEC-PH-10000526,"Vtech CS6719",Technology,Phones,2023-09-14,2026-09-24,7,7,7,2630.126000,32,418.516400,0.171429,82.1914375000,15.9124087591,0,0,0,1
1726,TEC-PH-10000560,"Samsung Galaxy S III - 16GB - pebble blue (T-Mobile)",Technology,Phones,2023-11-11,2026-07-14,6,6,6,7139.796000,28,-111.996800,0.200000,254.9927142857,-1.7391304348,0,0,1,2
1727,TEC-PH-10000562,"Samsung Convoy 3",Technology,Phones,2024-03-05,2025-11-10,2,2,2,688.138000,9,-31.077200,0.200000,76.4597777778,-4.5161290323,0,0,0,1
1728,TEC-PH-10000576,"AT&T 1080 Corded phone",Technology,Phones,2023-04-12,2026-12-27,7,7,7,1945.258000,176,145.209400,0.200000,11.0526022727,7.4647887324,0,0,0,1
1729,TEC-PH-10000586,"AT&T SB67148 SynJ",Technology,Phones,2023-04-11,2026-12-01,3,3,3,475.128000,8,89.746400,0.133333,59.3910000000,18.8888888889,0,0,0,0
1730,TEC-PH-10000673,"Plantronics Voyager Pro HD - Bluetooth Headset",Technology,Phones,2023-11-01,2026-06-26,5,5,5,675.896000,25,376.942000,0.120000,61.4450909091,45.0000000000,1,0,0,0
1731,TEC-PH-10000675,"Panasonic KX TS3282B Corded phone",Technology,Phones,2023-09-07,2026-12-15,3,3,3,590.328000,9,44.274600,0.200000,65.5920000000,7.5000000000,0,0,0,0
1732,TEC-PH-10000702,"Square Credit Card Reader  4 1/2" x 4 1/2" x 1"  White",Technology,Phones,2023-04-13,2026-10-07,7,7,5,125.872000,111,62.074600,0.200000,1.3390638298,36.9074933266,3,0,1,0
1733,TEC-PH-10000730,"Samsung Galaxy S4 Active",Technology,Phones,2023-03-21,2024-09-18,2,2,2,3999.920000,8,1039.979200,0.000000,499.9900000000,26.0000000000,0,0,0,0
1734,TEC-PH-10000895,"Polycom VVX 310 VoIP phone",Technology,Phones,2023-07-11,2026-10-21,8,8,8,6227.654000,40,1000.744400,0.150000,155.6913500000,17.2670807453,0,0,1,0
1735,TEC-PH-10000912,"Anker 24W Portable Micro USB Car Charger",Technology,Phones,2024-01-12,2026-08-28,2,2,2,26.376000,8,14.067200,0.300000,6.5940000000,10.0000000000,1,0,0,0
1736,TEC-PH-10000923,"Belkin SportFit Armband For iPhone 5s/5c  Fuchsia",Technology,Phones,2024-08-24,2026-12-01,5,5,5,239.840000,574,79.297100,0.200000,0.4178397213,33.0625000000,0,0,0,0
1737,TEC-PH-10000984,"Panasonic KX-TG9471B",Technology,Phones,2023-03-11,2026-09-24,9,9,7,5410.416000,32,1277.850400,0.044444,169.0755000000,23.7955385032,0,0,1,0
1738,TEC-PH-10001051,"HTC One",Technology,Phones,2023-12-29,2026-06-15,4,4,4,1119.888000,14,125.987400,0.200000,79.9920000000,11.2500000000,0,0,0,0
1739,TEC-PH-10001061,"Apple iPhone 5C",Technology,Phones,2023-01-20,2025-10-24,4,4,4,1339.866000,15,229.977000,0.150000,89.3244000000,17.1641791045,0,0,0,0
1740,TEC-PH-10001079,"Polycom SoundPoint Pro SE-225 Corded phone",Technology,Phones,2023-11-04,2026-07-31,4,4,4,1903.840000,19,276.056800,0.150000,100.2021052632,14.5000000000,0,0,0,1
1741,TEC-PH-10001128,"Motorola Droid Maxx",Technology,Phones,2023-04-02,2023-11-18,4,4,4,1349.910000,21,341.977200,0.150000,149.9900000000,28.0000000000,2,0,0,1
1742,TEC-PH-10001198,"Avaya 4621SW VoIP phone",Technology,Phones,2024-11-30,2025-07-04,4,4,3,709.920000,12,79.866000,0.200000,59.1600000000,11.2500000000,0,0,0,0
1743,TEC-PH-10001254,"Jabra BIZ 2300 Duo QD Duo Corded Headset",Technology,Phones,2024-11-16,2026-12-01,4,4,4,1727.064000,17,129.529800,0.200000,101.5920000000,7.5000000000,0,0,0,0
1744,TEC-PH-10001299,"Polycom CX300 Desktop Phone USB VoIP phone",Technology,Phones,2023-09-21,2025-09-18,5,5,5,1679.888000,15,-23.998400,0.200000,111.9925333333,-1.7391304348,0,0,1,1
1745,TEC-PH-10001300,"iKross Bluetooth Portable Keyboard + Cell Phone Stand Holder + Brush for Apple iPhone 5S 5C 5  4S 4",Technology,Phones,2023-01-21,2026-12-22,9,9,5,1315.660000,64,343.580000,0.044444,20.5571875000,27.5167785235,0,0,1,0
1746,TEC-PH-10001305,"Panasonic KX TS208W Corded phone",Technology,Phones,2023-10-19,2026-11-23,6,6,6,1283.538000,32,201.838800,0.166667,40.1105625000,19.2523364486,0,0,1,0
1747,TEC-PH-10001336,"Digium D40 VoIP phone",Technology,Phones,2023-10-28,2026-10-19,9,9,9,3044.164000,27,571.425700,0.111111,112.7468148148,18.7711864407,0,0,0,1
1748,TEC-PH-10001363,"Apple iPhone 5S",Technology,Phones,2023-07-26,2026-11-20,4,4,4,4901.914000,11,512.991000,0.200000,445.6285454545,10.4651162791,0,0,0,1
1749,TEC-PH-10001425,"Mophie Juice Pack Helium for iPhone",Technology,Phones,2023-06-02,2026-09-19,6,6,6,1583.802000,24,201.574800,0.166667,65.9917500000,12.7272727273,0,0,0,1
1750,TEC-PH-10001433,"Cisco Small Business SPA 502G VoIP phone",Technology,Phones,2024-12-15,2026-10-26,4,4,4,882.102000,11,58.464900,0.250000,80.1910909091,6.6279069767,0,0,0,1
1751,TEC-PH-10001448,"Anker Astro 15000mAh USB Portable Charger",Technology,Phones,2025-02-05,2026-12-02,5,5,5,599.880000,13,-15.996800,0.080000,46.1446153846,-2.8571428571,0,0,1,1
1752,TEC-PH-10001459,"Samsung Galaxy Mega 6.3",Technology,Phones,2023-04-28,2026-11-20,6,6,6,13943.668000,39,1495.164400,0.133333,357.5299487179,11.7880794702,0,0,1,0
1753,TEC-PH-10001468,"Panasonic Business Telephones KX-T7736",Technology,Phones,2026-11-30,2026-11-30,1,1,1,NULL,3,163.818000,0.000000,NULL,NULL,1,0,0,0
1754,TEC-PH-10001494,"Polycom CX600 IP Phone VoIP phone",Technology,Phones,2024-04-13,2026-10-22,4,4,4,4619.230000,17,854.857500,0.150000,271.7194117647,20.6521739130,0,0,1,1
1755,TEC-PH-10001527,"Plantronics MX500i Earset",Technology,Phones,2024-03-16,2026-12-11,7,7,7,618.480000,15,-6.442500,0.057143,41.2320000000,-1.0416666667,0,0,0,2
1756,TEC-PH-10001530,"Cisco Unified IP Phone 7945G VoIP phone",Technology,Phones,2023-08-09,2025-09-02,6,6,6,5387.642000,17,51.148500,0.233333,252.7337647059,-0.7462686567,1,2,1,1
1757,TEC-PH-10001530-1,"Plantronics Voyager Pro Legend",Technology,Phones,2023-05-21,2025-08-14,3,3,3,741.564000,8,173.031600,0.200000,148.3128000000,0.0000000000,1,0,0,1
1758,TEC-PH-10001536,"Spigen Samsung Galaxy S5 Case Wallet",Technology,Phones,2023-09-14,2026-10-27,5,5,5,234.462000,15,45.873000,0.080000,15.6308000000,19.5652173913,0,0,0,0
1759,TEC-PH-10001552,"I Need's 3d Hello Kitty Hybrid Silicone Case Cover for HTC One X 4g with 3d Hello Kitty Stylus Pen Green/pink",Technology,Phones,2023-05-28,2026-10-23,10,10,10,542.984000,52,95.201600,0.120000,10.4420000000,17.5330396476,0,0,0,1
1760,TEC-PH-10001557,"Pyle PMP37LED",Technology,Phones,2023-04-12,2026-08-11,10,10,10,3590.026000,43,576.899900,0.100000,83.4889767442,16.0695187166,0,0,0,0
1761,TEC-PH-10001578,"Polycom SoundStation2 EX Conference phone",Technology,Phones,2023-06-21,2024-12-06,4,4,4,3482.570000,12,518.336000,0.200000,348.2570000000,17.4418604651,1,0,0,1
1762,TEC-PH-10001580,"Logitech Mobile Speakerphone P710e - speaker phone",Technology,Phones,2023-11-25,2026-02-20,5,5,5,1916.716000,17,241.614200,0.160000,112.7480000000,12.6056338028,0,0,0,0
1763,TEC-PH-10001615,"AT&T CL82213",Technology,Phones,2023-02-06,2026-09-22,5,5,5,481.234000,17,131.324700,0.040000,28.3078823529,27.2891566265,0,0,0,0
1764,TEC-PH-10001619,"LG G3",Technology,Phones,2024-03-07,2026-06-05,4,4,4,1803.108000,10,411.579000,0.100000,180.3108000000,22.8260869565,0,0,0,0
1765,TEC-PH-10001644,"BlueLounge Milo Smartphone Stand  White/Metallic",Technology,Phones,2023-12-01,2025-11-14,3,3,3,335.888000,12,76.774400,0.066667,27.9906666667,22.8571428571,0,0,0,0
1766,TEC-PH-10001700,"Panasonic KX-TG6844B Expandable Digital Cordless Telephone",Technology,Phones,2024-10-26,2026-12-01,7,7,7,976.652000,22,75.228600,0.200000,54.2584444444,11.2162162162,1,0,0,1
1767,TEC-PH-10001750,"Samsung Rugby III",Technology,Phones,2023-11-02,2026-09-08,8,8,8,1385.790000,24,229.645200,0.125000,57.7412500000,16.5714285714,0,0,0,0
1768,TEC-PH-10001760,"Bose SoundLink Bluetooth Speaker",Technology,Phones,2023-10-02,2026-06-26,5,5,5,2865.600000,18,967.140000,0.200000,159.2000000000,33.7500000000,0,0,0,0
1769,TEC-PH-10001795,"ClearOne CHATAttach 160 - speaker phone",Technology,Phones,2023-11-01,2026-12-02,4,4,4,6695.892000,13,1053.983000,0.337500,515.0686153846,15.7407407407,0,0,0,1
1770,TEC-PH-10001795-1,"RCA H5401RE1 DECT 6.0 4-Line Cordless Handset With Caller ID/Call Waiting",Technology,Phones,2024-05-30,2024-05-30,1,1,1,239.970000,3,2.399700,0.000000,79.9900000000,1.0000000000,0,0,0,0
1771,TEC-PH-10001809,"Panasonic KX T7736-B Digital phone",Technology,Phones,2023-12-05,2026-06-15,5,5,5,1259.580000,10,134.955000,0.160000,125.9580000000,10.7142857143,0,0,0,1
1772,TEC-PH-10001817,"Wilson Electronics DB Pro Signal Booster",Technology,Phones,2023-05-10,2026-11-02,10,10,10,7160.000000,427,322.200000,0.220000,17.0071258907,2.6666666667,1,0,1,2
1773,TEC-PH-10001819,"Innergie mMini Combo Duo USB Travel Charging Kit",Technology,Phones,2023-03-30,2026-11-26,6,6,6,674.850000,17,302.332800,0.100000,39.6970588235,41.0666666667,1,1,0,0
1774,TEC-PH-10001835,"Jawbone JAMBOX Wireless Bluetooth Speaker",Technology,Phones,2023-04-11,2025-05-12,3,3,3,2022.272000,14,872.104800,0.066667,144.4480000000,43.1250000000,0,0,0,0
1775,TEC-PH-10001870,"Lunatik TT5L-002 Taktik Strike Impact Protection System for iPhone 5",Technology,Phones,2023-12-05,2025-09-12,3,3,3,281.658000,6,15.307500,0.266667,46.9430000000,6.2500000000,0,0,1,0
1776,TEC-PH-10001918,"Nortel Business Series Terminal T7208 Digital phone",Technology,Phones,2025-05-22,2026-12-09,3,3,3,1000.728000,9,100.072800,0.200000,111.1920000000,10.0000000000,0,0,0,0
1777,TEC-PH-10001924,"iHome FM Clock Radio with Lightning Dock",Technology,Phones,2025-07-18,2026-12-08,5,5,5,699.900000,13,17.497500,0.240000,53.8384615385,2.5000000000,0,0,0,1
1778,TEC-PH-10001944,"Wi-Ex zBoost YX540 Cellular Phone Signal Booster",Technology,Phones,2023-09-24,2026-09-24,8,8,5,2957.710000,29,-1631.428400,0.075000,101.9900000000,-55.1584976215,0,0,0,1
1779,TEC-PH-10001949,"Cisco SPA 501G IP Phone",Technology,Phones,2023-08-27,2023-08-27,1,1,1,213.480000,3,16.011000,0.200000,71.1600000000,7.5000000000,0,0,0,0
1780,TEC-PH-10002033,"Konftel 250 Conference phone - Charcoal black",Technology,Phones,2023-06-09,2026-09-07,4,4,4,2221.596000,9,324.694800,0.100000,246.8440000000,14.6153846154,0,0,0,0
1781,TEC-PH-10002070,"Griffin GC36547 PowerJolt SE Lightning Charger",Technology,Phones,2023-07-14,2025-07-19,3,3,3,175.422000,10,17.992000,0.266667,17.5422000000,10.2564102564,0,0,0,1
1782,TEC-PH-10002075,"AT&T EL51110 DECT",Technology,Phones,2023-09-07,2023-09-07,1,1,1,377.970000,3,109.611300,0.000000,125.9900000000,29.0000000000,0,0,0,0
1783,TEC-PH-10002085,"Clarity 53712",Technology,Phones,2023-12-19,2026-10-12,4,4,4,752.286000,14,51.472200,0.150000,53.7347142857,7.5000000000,0,0,1,0
1784,TEC-PH-10002103,"Jabra SPEAK 410",Technology,Phones,2023-01-26,2026-12-21,9,9,9,3158.064000,37,654.170400,0.088889,85.3530810811,20.7142857143,0,0,0,0
1785,TEC-PH-10002114,"Xiaomi Mi3",Technology,Phones,2025-11-13,2025-11-13,1,1,1,2279.960000,320,592.789600,0.000000,7.1248750000,26.0000000000,0,0,0,0
1786,TEC-PH-10002115,"Plantronics 81402",Technology,Phones,2023-06-25,2026-10-02,4,4,4,844.672000,15,112.183000,0.150000,56.3114666667,13.2812500000,0,0,0,1
1787,TEC-PH-10002170,"ClearSounds CSC500 Amplified Spirit Phone Corded phone",Technology,Phones,2023-11-26,2026-09-16,6,6,6,1119.840000,19,162.376800,0.133333,58.9389473684,14.5000000000,0,0,0,1
1788,TEC-PH-10002185,"QVS USB Car Charger 2-Port 2.1Amp for iPod/iPhone/iPad/iPad 2/iPad 3",Technology,Phones,2023-09-20,2026-10-19,5,5,5,79.230000,13,29.537500,0.160000,6.0946153846,37.2807017544,0,0,0,0
1789,TEC-PH-10002200,"Aastra 6757i CT Wireless VoIP phone",Technology,Phones,2024-11-02,2026-11-10,6,6,6,2929.984000,16,491.203200,0.166667,183.1240000000,21.1111111111,0,0,2,0
1790,TEC-PH-10002200-1,"Samsung Galaxy Note 2",Technology,Phones,2025-12-25,2026-09-09,2,2,2,4507.902000,14,-128.797200,0.300000,321.9930000000,-2.8571428571,0,0,0,1
1791,TEC-PH-10002262,"LG Electronics Tone+ HBS-730 Bluetooth Headset",Technology,Phones,2024-01-12,2026-04-04,4,4,4,904.552000,18,99.976800,0.150000,50.2528888889,12.7272727273,0,0,1,1
1792,TEC-PH-10002275,"Mitel 5320 IP Phone VoIP phone",Technology,Phones,2023-06-09,2026-01-30,4,4,4,2116.688000,14,211.668800,0.200000,151.1920000000,10.0000000000,0,0,0,0
1793,TEC-PH-10002293,"Anker 36W 4-Port USB Wall Charger Travel Power Adapter for iPhone 5s 5c 5",Technology,Phones,2024-12-21,2026-07-05,6,6,6,259.870000,22,23.188400,0.233333,14.4372222222,0.3076923077,1,0,0,2
1794,TEC-PH-10002310,"Plantronics Calisto P620-M USB Wireless Speakerphone System",Technology,Phones,2024-04-17,2026-11-26,4,4,4,2508.672000,14,505.654200,0.100000,179.1908571429,20.1562500000,0,0,0,0
1795,TEC-PH-10002310-1,"Panasonic KX T7731-B Digital phone",Technology,Phones,2023-08-04,2025-07-07,3,3,3,851.934000,8,127.832400,0.200000,106.4917500000,15.0049651734,0,0,0,1
1796,TEC-PH-10002350,"Apple EarPods with Remote and Mic",Technology,Phones,2024-11-27,2026-05-18,4,4,4,195.930000,247,50.382000,0.237500,0.7997142857,17.7142857143,1,0,0,0
1797,TEC-PH-10002352,"Avaya IP Phone 1140E VoIP phone",Technology,Phones,2023-10-18,2023-10-18,1,1,1,NULL,5,362.687000,0.000000,NULL,NULL,1,0,0,0
1798,TEC-PH-10002365,"Belkin Grip Candy Sheer Case / Cover for iPhone 5 and 5S",Technology,Phones,2025-03-07,2025-09-01,3,3,3,64.972000,8,12.994400,0.066667,8.1215000000,20.0000000000,0,0,0,0
1799,TEC-PH-10002398,"AT&T 1070 Corded Phone",Technology,Phones,2023-08-08,2025-02-22,3,3,3,1070.304000,12,133.788000,0.200000,89.1920000000,12.5000000000,0,0,0,0
1800,TEC-PH-10002415,"Polycom VoiceStation 500 Conference phone",Technology,Phones,2023-03-16,2026-09-19,5,5,5,3657.380000,15,339.192500,0.160000,243.8253333333,9.2741935484,0,0,0,0
1801,TEC-PH-10002447,"AT&T CL83451 4-Handset Telephone",Technology,Phones,2025-09-06,2026-09-18,4,4,4,1936.306000,10,473.777000,0.100000,193.6306000000,24.4680851064,0,0,0,0
1802,TEC-PH-10002468,"Plantronics CS 50-USB - headset - Convertible  Monaural",Technology,Phones,2023-08-05,2026-11-07,5,5,5,1468.692000,13,178.146900,0.190000,112.9763076923,12.1296296296,0,0,0,0
1803,TEC-PH-10002483,"Motorola Moto X",Technology,Phones,2025-11-27,2026-11-04,2,2,2,1631.952000,6,-6776.000700,0.200000,271.9920000000,-415.2083333333,0,0,0,1
1804,TEC-PH-10002496,"Cisco SPA301",Technology,Phones,2024-06-11,2026-12-07,9,9,9,4180.532000,30,904.742000,0.155556,139.3510666667,21.6417910448,0,0,0,1
1805,TEC-PH-10002538,"Grandstream GXP1160 VoIP phone",Technology,Phones,2023-05-31,2026-08-18,6,6,6,561.068000,24,157.705600,0.100000,35.0667500000,23.2432432432,1,0,0,1
1806,TEC-PH-10002549,"Polycom SoundPoint IP 450 VoIP phone",Technology,Phones,2023-09-09,2026-11-03,6,6,6,3839.620000,22,194.239600,0.233333,174.5281818182,5.2439024390,0,0,1,1
1807,TEC-PH-10002555,"Nortel Meridian M5316 Digital phone",Technology,Phones,2024-01-27,2026-03-11,4,4,4,2744.870000,13,253.771000,0.200000,211.1438461538,9.2452830189,0,0,0,2
1808,TEC-PH-10002563,"Adtran 1202752G1",Technology,Phones,2023-06-01,2026-12-29,5,5,5,1990.642000,11,-1244.781200,0.160000,100.7920000000,-73.7313432836,0,1,1,1
1809,TEC-PH-10002564,"OtterBox Defender Series Case - Samsung Galaxy S4",Technology,Phones,2024-10-19,2026-11-30,8,8,8,689.770000,27,122.959000,0.150000,25.5470370370,17.8260869565,0,0,0,0
1810,TEC-PH-10002583,"iOttie HLCRIO102 Car Mount",Technology,Phones,2023-07-14,2026-11-16,5,5,5,191.904000,12,-8.995500,0.160000,19.1904000000,2.8409090909,1,0,1,2
1811,TEC-PH-10002584,"Samsung Galaxy S4",Technology,Phones,2023-11-24,2026-06-30,5,5,5,6134.702000,13,438.193000,0.310000,471.9001538462,7.1428571429,0,0,0,1
1812,TEC-PH-10002597,"Xblue XB-1670-86 X16 Small Office Telephone - Titanium",Technology,Phones,2023-05-11,2024-11-01,2,2,2,100.792000,5,6.299500,0.100000,100.7920000000,6.2500000000,1,0,1,0
1813,TEC-PH-10002624,"Samsung Galaxy S4 Mini",Technology,Phones,2024-08-16,2026-11-26,5,5,5,6109.870000,15,1104.476500,0.120000,407.3246666667,18.0769230769,0,0,0,0
1814,TEC-PH-10002645,"LG G2",Technology,Phones,2025-12-23,2025-12-23,1,1,1,1499.970000,5,-374.992500,0.400000,299.9940000000,-25.0000000000,0,0,0,1
1815,TEC-PH-10002660,"Nortel Networks T7316 E Nt8 B27",Technology,Phones,2023-05-22,2026-08-01,6,6,6,1876.524000,29,397.741500,0.066667,64.7077241379,21.1956521739,0,0,0,0
1816,TEC-PH-10002680,"Samsung Galaxy Note 3",Technology,Phones,2023-05-31,2024-09-07,3,3,3,1363.938000,13,153.993000,0.200000,194.8482857143,20.9677419355,1,0,0,1
1817,TEC-PH-10002726,"netTALK DUO VoIP Telephone Service",Technology,Phones,2023-05-26,2026-07-03,7,7,7,1112.788000,26,430.418000,0.171429,42.7995384615,38.6792452830,0,0,0,0
1818,TEC-PH-10002789,"LG Exalt",Technology,Phones,2024-11-27,2026-02-17,3,3,3,1154.326000,12,-212.146400,0.333333,96.1938333333,-18.3783783784,0,0,0,2
1819,TEC-PH-10002807,"Motorla HX550 Universal Bluetooth Headset",Technology,Phones,2024-11-30,2026-11-24,4,4,4,419.230000,15,122.605000,0.250000,27.9486666667,29.2452830189,0,0,0,0
1820,TEC-PH-10002817,"RCA ViSYS 25425RE1 Corded phone",Technology,Phones,2023-12-19,2023-12-19,1,1,1,323.976000,3,NULL,0.200000,107.9920000000,NULL,0,0,1,0
1821,TEC-PH-10002824,"Jabra SPEAK 410 Multidevice Speakerphone",Technology,Phones,2025-07-08,2026-11-12,3,3,3,2018.702000,13,10.299500,0.266667,155.2847692308,0.5102040816,0,0,0,1
1822,TEC-PH-10002834,"Google Nexus 5",Technology,Phones,2024-02-14,2026-11-28,5,5,5,3815.788000,23,710.960500,0.120000,165.9038260870,18.6320754717,0,0,0,1
1823,TEC-PH-10002844,"Speck Products Candyshell Flip Case",Technology,Phones,2024-01-02,2026-11-23,4,4,4,188.946000,8,-18.194800,0.300000,23.6182500000,-9.6296296296,0,0,0,2
1824,TEC-PH-10002885,"Apple iPhone 5",Technology,Phones,2023-05-18,2026-09-24,6,6,6,12996.600000,24,1611.578400,0.200000,541.5250000000,12.4000000000,0,0,0,2
1825,TEC-PH-10002890,"AT&T 17929 Lendline Telephone",Technology,Phones,2023-02-02,2026-12-25,10,10,10,1339.104000,272,-546.499200,0.140000,4.9231764706,-40.8108108108,0,0,0,2
1826,TEC-PH-10002922,"ShoreTel ShorePhone IP 230 VoIP phone",Technology,Phones,2024-05-04,2024-12-19,4,4,4,2906.628000,21,422.475000,0.150000,138.4108571429,14.5348837209,0,0,0,0
1827,TEC-PH-10002923,"Logitech B530 USB Headset - headset - Full size  Binaural",Technology,Phones,2023-07-02,2026-06-10,10,10,10,739.800000,25,54.745200,0.215000,29.5920000000,7.7894736842,0,0,1,1
1828,TEC-PH-10003012,"Nortel Meridian M3904 Professional Digital phone",Technology,Phones,2023-09-21,2026-11-05,10,10,10,4434.912000,32,936.259200,0.080000,138.5910000000,21.1111111111,0,0,0,0
1829,TEC-PH-10003072,"Panasonic KX-TG9541B DECT 6.0 Digital 2-Line Expandable Cordless Phone With Digital Answering System",Technology,Phones,2023-09-20,2026-12-22,5,5,5,3059.796000,25,1147.423500,0.200000,122.3918400000,37.5000000000,0,0,0,0
1830,TEC-PH-10003092,"Motorola L804",Technology,Phones,2023-05-23,2026-11-26,6,6,6,570.276000,18,-13.337100,0.266667,31.6820000000,-3.0645161290,1,1,0,2
1831,TEC-PH-10003095,"Samsung HM1900 Bluetooth Headset",Technology,Phones,2023-12-08,2026-12-14,7,7,7,491.680000,27,151.455000,0.171429,18.2103703704,37.5000000000,0,0,1,0
1832,TEC-PH-10003171,"Plantronics Encore H101 Dual Earpieces Headset",Technology,Phones,2023-05-22,2026-11-16,7,7,7,746.170000,18,163.618000,0.085714,41.4538888889,21.9277108434,0,0,0,0
1833,TEC-PH-10003174,"RCA ViSYS 25825 Wireless digital phone",Technology,Phones,2024-04-26,2024-11-17,2,2,2,727.944000,7,90.993000,0.200000,103.9920000000,12.5000000000,0,0,0,0
1834,TEC-PH-10003187,"Anker Astro Mini 3000mAh Ultra-Compact Portable Charger",Technology,Phones,2024-09-15,2026-10-13,4,4,4,147.926000,9,-23.988000,0.200000,16.4362222222,-20.6896551724,0,0,1,2
1835,TEC-PH-10003215,"Jackery Bar Premium Fast-charging Portable Charger",Technology,Phones,2024-03-01,2026-12-10,4,4,4,467.220000,18,104.226000,0.150000,25.9566666667,36.2500000000,0,0,1,0
1836,TEC-PH-10003273,"AT&T TR1909W",Technology,Phones,2023-03-28,2025-12-11,4,4,4,1738.662000,252,340.173000,0.100000,6.8994523810,19.5652173913,0,0,0,0
1837,TEC-PH-10003356,"SmartStand Mobile Device Holder  Assorted Colors",Technology,Phones,2024-03-15,2025-11-14,3,3,3,75.492000,13,10.065600,0.133333,5.8070769231,13.3333333333,0,0,0,0
1838,TEC-PH-10003357,"Grandstream GXP2100 Mainstream Business Phone",Technology,Phones,2024-04-18,2025-11-20,4,4,4,290.662000,10,45.894000,0.337500,58.1324000000,5.2631578947,2,0,0,1
1839,TEC-PH-10003437,"Blue Parrot B250XT Professional Grade Wireless Bluetooth Headset with",Technology,Phones,2025-07-14,2026-11-25,4,4,4,1229.836000,21,127.483000,0.250000,58.5636190476,10.3658536585,0,0,0,1
1840,TEC-PH-10003442,"Samsung Replacement EH64AVFWE Premium Headset",Technology,Phones,2025-08-26,2026-11-13,5,5,5,104.500000,21,16.500000,0.080000,4.9761904762,20.0000000000,0,0,1,0
1841,TEC-PH-10003484,"Ooma Telo VoIP Home Phone System",Technology,Phones,2023-03-23,2026-09-02,5,5,5,2015.840000,18,314.975000,0.120000,111.9911111111,15.6250000000,0,0,0,0
1842,TEC-PH-10003505,"Geemarc AmpliPOWER60",Technology,Phones,2023-05-30,2026-10-30,11,11,11,2969.600000,46,303.456000,0.181818,78.1473684211,14.3103448276,1,0,1,1
1843,TEC-PH-10003535,"RCA ViSYS 25423RE1 Corded phone",Technology,Phones,2025-03-01,2025-03-01,1,1,1,159.984000,NULL,13.998600,0.200000,NULL,8.7500000000,0,1,0,0
1844,TEC-PH-10003555,"Motorola HK250 Universal Bluetooth Headset",Technology,Phones,2024-09-28,2026-12-11,9,9,9,832.238000,41,-91.500200,0.133333,20.2984878049,-10.9944751381,0,0,0,6
1845,TEC-PH-10003580,"Cisco IP Phone 7961G-GE VoIP phone",Technology,Phones,2024-08-16,2026-09-10,4,4,4,2252.432000,15,-119.119000,0.350000,150.1621333333,-5.2884615385,0,0,0,3
1846,TEC-PH-10003589,"invisibleSHIELD by ZAGG Smudge-Free Screen Protector",Technology,Phones,2023-09-07,2026-09-04,7,7,7,442.554000,29,171.264800,0.171429,15.2604827586,38.6991869919,0,0,0,0
1847,TEC-PH-10003601,"Ativa D5772 2-Line 5.8GHz Digital Expandable Corded/Cordless Phone System with Answering & Caller ID/Call Waiting  Black/Silver",Technology,Phones,2024-08-07,2026-12-23,4,4,4,1979.880000,12,593.964000,0.137500,164.9900000000,30.0000000000,0,0,0,0
1848,TEC-PH-10003645,"Aastra 57i VoIP phone",Technology,Phones,2023-02-06,2026-08-10,7,7,7,3684.708000,26,575.331600,0.142857,141.7195384615,15.6140350877,0,0,0,1
1849,TEC-PH-10003655,"Sannysis Cute Owl Design Soft Skin Case Cover for Samsung Galaxy S4",Technology,Phones,2023-03-01,2026-01-14,2,2,2,13.860000,8,0.693000,0.100000,1.7325000000,8.7500000000,0,0,1,0
1850,TEC-PH-10003691,"BlackBerry Q10",Technology,Phones,2023-08-12,2026-06-20,6,6,6,3099.354000,27,548.056500,0.066667,114.7908888889,17.6829268293,0,0,0,0
1851,TEC-PH-10003800,"i.Sound Portable Power - 8000 mAh",Technology,Phones,2024-02-27,2026-10-22,5,5,5,413.322000,9,-58.818900,0.120000,45.9246666667,-14.2307692308,0,0,0,3
1852,TEC-PH-10003811,"Jabra Supreme Plus Driver Edition Headset",Technology,Phones,2023-12-03,2026-11-07,5,5,5,2159.820000,22,259.178400,0.160000,98.1736363636,12.0000000000,0,0,0,1
1853,TEC-PH-10003875,"KLD Oscar II Style Snap-on Ultra Thin Side Flip Synthetic Leather Cover Case for HTC One HTC M7",Technology,Phones,2024-10-09,2026-02-17,3,3,3,126.360000,13,36.644400,0.000000,9.7200000000,29.0000000000,0,0,0,0
1854,TEC-PH-10003885,"Cisco SPA508G",Technology,Phones,2023-07-11,2026-09-02,5,5,5,910.662000,11,207.868500,0.230000,63.5903636364,22.8260869565,0,1,0,1
1855,TEC-PH-10003931,"JBL Micro Wireless Portable Bluetooth Speaker",Technology,Phones,2023-09-08,2026-08-01,6,6,6,779.870000,17,14.997500,0.233333,45.8747058824,1.9230769231,0,0,0,2
1856,TEC-PH-10003963,"GE 2-Jack Phone Line Splitter",Technology,Phones,2023-06-21,2025-07-16,3,3,3,1771.514000,11,45.317800,0.200000,161.0467272727,4.0740740741,0,0,1,1
1857,TEC-PH-10003988,"LF Elite 3D Dazzle Designer Hard Case Cover  Lf Stylus Pen and Wiper For Apple Iphone 5c Mini Lite",Technology,Phones,2023-05-10,2026-11-13,8,8,8,228.900000,28,37.496000,0.100000,9.9521739130,23.7647058824,1,0,1,1
1858,TEC-PH-10004006,"Panasonic KX - TS880B Telephone",Technology,Phones,2026-03-27,2026-11-17,3,3,3,453.420000,11,-94.806000,0.000000,41.2200000000,-20.9090909091,0,0,0,1
1859,TEC-PH-10004042,"ClearOne Communications CHAT 70 OC Speaker Phone",Technology,Phones,2024-10-25,2026-10-31,4,4,4,1685.294000,12,273.462800,0.100000,140.4411666667,16.2264150943,0,0,0,0
1860,TEC-PH-10004071,"PayAnywhere Card Reader",Technology,Phones,2025-09-22,2026-11-25,5,5,5,199.800000,25,17.482500,0.200000,7.9920000000,8.7500000000,0,0,0,0
1861,TEC-PH-10004080,"Avaya 5410 Digital phone",Technology,Phones,2025-01-08,2026-04-20,4,4,4,625.508000,13,-21.756800,0.300000,48.1160000000,-4.2105263158,0,0,1,2
1862,TEC-PH-10004093,"Panasonic Kx-TS550",Technology,Phones,2023-06-22,2026-09-10,7,7,7,846.216000,23,15.176700,0.200000,36.7920000000,2.6612903226,0,0,1,2
1863,TEC-PH-10004094,"Motorola L703CM",Technology,Phones,2024-07-25,2026-11-09,6,6,6,3119.800000,32,467.970000,0.166667,124.7920000000,6.2500000000,1,0,0,0
1864,TEC-PH-10004100,"Griffin GC17055 Auxiliary Audio Cable",Technology,Phones,2023-03-26,2026-11-27,6,6,6,395.780000,27,46.054400,0.166667,14.6585185185,11.6363636364,0,0,0,0
1865,TEC-PH-10004120,"AT&T 1080 Phone",Technology,Phones,2024-09-24,2025-11-24,3,3,3,821.940000,13,57.535800,0.133333,136.9900000000,NULL,2,0,1,0
1866,TEC-PH-10004165,"Mitel MiVoice 5330e IP Phone",Technology,Phones,2024-07-04,2026-11-21,9,9,9,7699.720000,34,857.968800,0.216667,226.4623529412,11.6417910448,0,0,1,1
1867,TEC-PH-10004188,"OtterBox Commuter Series Case - Samsung Galaxy S4",Technology,Phones,2023-11-16,2026-09-23,4,4,4,259.896000,18,-55.977600,0.150000,19.9920000000,-22.5000000000,1,0,0,3
1868,TEC-PH-10004241,"Nokia Lumia 1020",Technology,Phones,2025-01-30,2025-01-30,1,1,1,1439.968000,4,NULL,0.200000,359.9920000000,NULL,0,0,1,0
1869,TEC-PH-10004345,"Cisco SPA 502G IP Phone",Technology,Phones,2024-12-27,2026-04-04,5,5,5,2063.140000,21,299.875000,0.160000,98.2447619048,14.5348837209,0,0,0,0
1870,TEC-PH-10004348,"OtterBox Defender Series Case - iPhone 5c",Technology,Phones,2024-05-01,2026-03-16,2,2,2,133.128000,5,3.698000,0.300000,26.6256000000,2.7777777778,0,0,0,1
1871,TEC-PH-10004389,"Nokia Lumia 925",Technology,Phones,2026-05-19,2026-11-13,3,3,3,1310.296000,11,284.737400,0.066667,119.1178181818,21.7307692308,0,0,0,0
1872,TEC-PH-10004434,"Cisco IP Phone 7961G VoIP phone - Dark gray",Technology,Phones,2023-11-01,2025-06-26,3,3,3,407.850000,12,118.276500,0.066667,135.9500000000,29.0000000000,1,0,1,0
1873,TEC-PH-10004447,"Toshiba IPT2010-SD IP Telephone",Technology,Phones,2023-11-08,2026-11-23,8,8,8,3280.164000,28,400.291200,0.175000,117.1487142857,12.2033898305,1,1,1,0
1874,TEC-PH-10004522,"Dexim XPower Skin Super-Thin Power Case for iPhone 5 - Black",Technology,Phones,2024-06-09,2026-12-11,3,3,3,257.356000,9,-14.622500,0.200000,46.7920000000,14.7727272727,1,1,0,1
1875,TEC-PH-10004531,"OtterBox Commuter Series Case - iPhone 5 & 5s",Technology,Phones,2024-04-11,2026-11-11,4,4,4,285.870000,16,90.598800,0.150000,17.8668750000,36.1403508772,0,0,1,0
1876,TEC-PH-10004531-1,"AT&T CL2909",Technology,Phones,2023-04-25,2026-12-02,3,3,3,755.940000,245,12.599000,0.266667,3.0854693878,2.7777777778,0,0,1,1
1877,TEC-PH-10004536,"Avaya 5420 Digital phone",Technology,Phones,2025-11-20,2026-09-15,3,3,3,1214.910000,12,323.976000,0.066667,134.9900000000,25.0000000000,1,0,0,0
1878,TEC-PH-10004539,"Wireless Extenders zBoost YX545 SOHO Signal Booster",Technology,Phones,2023-01-06,2025-12-23,7,7,7,4044.386000,24,733.281200,0.192857,168.5160833333,18.1308411215,0,0,0,1
1879,TEC-PH-10004586,"Wilson SignalBoost 841262 DB PRO Amplifier Kit",Technology,Phones,2023-07-01,2026-10-23,6,6,6,5327.260000,17,503.930000,0.166667,313.3682352941,14.2857142857,0,0,1,1
1880,TEC-PH-10004614,"AT&T 841000 Phone",Technology,Phones,2023-01-16,2026-04-24,7,7,7,1614.600000,28,165.600000,0.171429,57.6642857143,10.2564102564,0,0,0,2
1881,TEC-PH-10004667,"Cisco 8x8 Inc. 6753i IP Business Phone System",Technology,Phones,2023-03-19,2026-08-21,6,6,6,2645.804000,26,83.693800,0.166667,101.7616923077,3.1632653061,0,0,0,1
1882,TEC-PH-10004700,"PowerGen Dual USB Car Charger",Technology,Phones,2023-03-03,2026-03-13,4,4,4,127.872000,14,52.347600,0.100000,9.1337142857,40.9375000000,0,0,0,0
1883,TEC-PH-10004774,"Gear Head AU3700S Headset",Technology,Phones,2024-11-20,2026-12-30,3,3,3,189.654000,16,-11.950800,0.066667,11.8533750000,-6.3013698630,0,0,0,1
1884,TEC-PH-10004830,"Pyle PRT45 Retro Home Telephone",Technology,Phones,2024-06-23,2024-06-23,1,1,1,201.568000,4,22.676400,0.200000,50.3920000000,11.2500000000,0,0,0,0
1885,TEC-PH-10004833,"Macally Suction Cup Mount",Technology,Phones,2023-01-26,2026-12-02,4,4,4,124.280000,26,-31.070000,0.150000,9.5600000000,-25.0000000000,1,0,0,3
1886,TEC-PH-10004875,"PNY Rapid USB Car Charger - Black",Technology,Phones,2023-11-18,2023-11-18,1,1,1,9.588000,2,-2.077400,0.400000,4.7940000000,-21.6666666667,0,0,0,1
1887,TEC-PH-10004896,"Nokia Lumia 521 (T-Mobile)",Technology,Phones,2023-11-19,2026-03-26,5,5,5,461.846000,20,83.972000,0.160000,27.1674117647,20.5194805195,1,0,0,1
1888,TEC-PH-10004897,"Mediabridge Sport Armband iPhone 5s",Technology,Phones,2023-12-29,2026-04-01,7,7,7,257.742000,30,-38.961000,0.142857,8.5914000000,-15.1162790698,0,0,0,4
1889,TEC-PH-10004908,"Panasonic KX TS3282W Corded phone",Technology,Phones,2023-12-31,2026-11-12,7,7,7,1665.804000,23,178.479000,0.228571,67.9920000000,10.7142857143,0,1,0,1
1890,TEC-PH-10004912,"Cisco SPA112 2 Port Phone Adapter",Technology,Phones,2023-07-11,2026-12-01,3,3,3,516.530000,11,87.370500,0.133333,46.9572727273,16.9148936170,0,0,0,0
1891,TEC-PH-10004922,"RCA Visys Integrated PBX 8-Line Router",Technology,Phones,2023-04-07,2026-10-19,9,9,5,1146.068000,27,118.675500,0.066667,42.4469629630,11.7258084277,0,0,1,0
1892,TEC-PH-10004924,"SKILCRAFT Telephone Shoulder Rest  2" x 6.5" x 2.5"  Black",Technology,Phones,2024-10-23,2025-08-20,3,3,3,56.164000,8,13.006400,0.066667,7.0205000000,23.1578947368,0,0,0,0
1893,TEC-PH-10004959,"Classic Ivory Antique Telephone ZL1810",Technology,Phones,2023-11-11,2024-09-03,2,2,2,341.666000,4,40.196000,0.100000,85.4165000000,11.7647058824,0,0,0,0
1894,TEC-PH-10004977,"GE 30524EE4",Technology,Phones,2023-01-06,2026-12-02,9,9,9,5291.730000,32,-2491.032900,0.155556,165.3665625000,-59.3925233645,0,0,1,2
