order_detail_key,source_row_id,order_key,order_id,order_date,ship_date,shipping_days,ship_mode,customer_id,customer_name,segment,country,state,city,postal_code,region,product_key,product_id,product_name,category,sub_category,sales,quantity,discount,profit
1380,1380,1,CA-2023-100867,2023-10-19,2023-10-24,5,"Standard Class",EH-14125,"Eugene Hildebrand","Home Office",Canada,"British Columbia",Vancouver,V6G,West,1891,TEC-PH-10004922,"RCA Visys Integrated PBX 8-Line Router",Technology,Phones,32.700000,3,0.00,8.500000
1241,1241,2,CA-2023-107153,2023-09-28,2023-10-03,5,"Standard Class",GZ-14545,"George Zrebassa",Corporate,Canada,Quebec,Montreal,H1A,East,1357,OFF-ST-10001321,"Decoflex Hanging Personal Folder File Blue","Office Supplies",Storage,10.688000,2,0.20,3.740800
62,62,3,CA-2023-115238,2023-01-21,2023-01-24,3,"Standard Class",JW-15220,"Jane Waco",Corporate,Canada,Ontario,Toronto,M7A,East,174,FUR-FU-10001025,"Eldon Imàge Series Desk Accessories Clear",Furniture,Furnishings,24.300000,5,0.00,10.450000
63,63,3,CA-2023-115238,2023-01-21,2023-01-24,3,"Standard Class",JW-15220,"Jane Waco",Corporate,Canada,Ontario,Toronto,M7A,East,227,FUR-FU-10002445,"DAX Two-Tone Rosewood/Black Document Frame Desktop 5 x 7",Furniture,Furnishings,9.480000,1,0.00,3.790000
64,64,3,CA-2023-115238,2023-01-21,2023-01-24,3,"Standard Class",JW-15220,"Jane Waco",Corporate,Canada,Ontario,Toronto,M7A,East,246,FUR-FU-10002960,"Eldon 200 Class Desk Accessories Burgundy",Furniture,Furnishings,31.400000,5,0.00,13.190000
65,65,3,CA-2023-115238,2023-01-21,2023-01-24,3,"Standard Class",JW-15220,"Jane Waco",Corporate,Canada,Ontario,Toronto,M7A,East,1202,OFF-PA-10002689,"Weyerhaeuser First Choice Laser/Copy Paper (20Lb. and 88 Bright)","Office Supplies",Paper,6.480000,1,0.00,3.110000
66,66,3,CA-2023-115238,2023-01-21,2023-01-24,3,"Standard Class",JW-15220,"Jane Waco",Corporate,Canada,Ontario,Toronto,M7A,East,1745,TEC-PH-10001300,"iKross Bluetooth Portable Keyboard + Cell Phone Stand Holder + Brush for Apple iPhone 5S 5C 5 4S 4",Technology,Phones,209.500000,10,0.00,58.660000
937,937,4,CA-2023-115777,2023-08-19,2023-08-24,5,"Standard Class",DO-13645,"Doug O'Connell",Consumer,Canada,Quebec,Montreal,H1B,East,1073,OFF-PA-10000552,"Xerox 200","Office Supplies",Paper,387.990000,1,0.00,NULL
1782,1782,5,CA-2023-117964,2023-12-02,2023-12-06,4,"Standard Class",MK-19560,"Michael Knudson",Corporate,Canada,"New Brunswick",Moncton,E1A,East,239,FUR-FU-10002759,"12-1/2 Diameter Round Wall Clock",Furniture,Furnishings,39.960000,5,0.60,-20.976000
1783,1783,5,CA-2023-117964,2023-12-02,2023-12-06,4,"Standard Class",MK-19560,"Michael Knudson",Corporate,Canada,"New Brunswick",Moncton,E1A,East,510,OFF-AR-10000940,"Newell 343","Office Supplies",Art,16.464000,7,0.20,2.440600
1787,1787,6,CA-2023-119508,2023-12-04,2023-12-09,5,"Standard Class",TZ-21580,"Tracy Zic",Consumer,Canada,"British Columbia",Vancouver,V6B,West,301,FUR-FU-10004270,"Eldon Image Series Desk Accessories Burgundy",Furniture,Furnishings,25.080000,6,0.00,9.030000
1788,1788,6,CA-2023-119508,2023-12-04,2023-12-09,5,"Standard Class",TZ-21580,"Tracy Zic",Consumer,Canada,"British Columbia",Vancouver,V6B,West,603,OFF-AR-10003723,"Avery Hi-Liter Fluorescent Desk Style Markers","Office Supplies",Art,16.900000,5,0.00,6.250000
2018,2018,7,CA-2023-123625,2023-12-29,2024-01-02,4,"Standard Class",BG-18435,"Bruce Galang",Consumer,Canada,Quebec,"Quebec City",G1B,East,297,FUR-FU-10004093,"Hand-Finished Solid Wood Document Frame",Furniture,Furnishings,101.120000,8,0.00,37.414400
2020,2020,7,CA-2023-123625,2023-12-29,2024-01-02,4,"Standard Class",BG-18435,"Bruce Galang",Consumer,Canada,Quebec,"Quebec City",G1B,East,297,FUR-FU-10004093,"Hand-Finished Solid Wood Document Frame",Furniture,Furnishings,68.460000,2,0.00,20.538000
2021,2021,7,CA-2023-123625,2023-12-29,2024-01-02,4,"Standard Class",BG-18435,"Bruce Galang",Consumer,Canada,Quebec,"Quebec City",G1B,East,915,OFF-FA-10000089,"Acco Glide Clips","Office Supplies",Fasteners,68.460000,2,0.55,20.538000
2023,2023,7,CA-2023-123625,2023-12-29,2024-01-02,4,"Standard Class",BG-18435,"Bruce Galang",Consumer,Canada,Quebec,"Quebec City",G1B,East,915,OFF-FA-10000089,"Acco Glide Clips","Office Supplies",Fasteners,19.600000,5,0.00,9.604000
1781,1781,8,CA-2023-123664,2023-12-02,2023-12-06,4,"Standard Class",NC-19470,"Neil Cohen","Home Office",Canada,"Nova Scotia",Halifax,B3H,East,192,FUR-FU-10001588,"Deflect-o SuperTray Unbreakable Stackable Tray Letter Black",Furniture,Furnishings,58.360000,5,0.60,-24.803000
1378,1378,9,CA-2023-125388,2023-10-19,2023-10-23,4,"Standard Class",MP-17965,"Michael Paige",Corporate,Canada,Quebec,Montreal,H1A,East,314,FUR-FU-10004712,"Westinghouse Mesh Shade Clip-On Gooseneck Lamp Black",Furniture,Furnishings,117.576000,3,0.20,11.757600
1379,1379,9,CA-2023-125388,2023-10-19,2023-10-23,4,"Standard Class",MP-17965,"Michael Paige",Corporate,Canada,Quebec,Montreal,H1A,East,1344,OFF-ST-10000918,Crate-A-Files,"Office Supplies",Storage,56.560000,4,0.00,14.705600
1084,1084,10,CA-2023-126438,2023-09-10,2023-09-13,3,"First Class",AR-10345,"Alex Russell",Corporate,Canada,Quebec,Montreal,H1C,East,587,OFF-AR-10003338,"Eberhard Faber 3 1/2 Golf Pencils","Office Supplies",Art,14.880000,2,0.00,3.720000
1933,1933,11,CA-2023-126634,2023-12-20,2023-12-22,2,"Second Class",AB-10165,"Alan Barnes",Consumer,Canada,"British Columbia",Vancouver,V5K,West,326,FUR-FU-10004973,"Flat Face Poster Frame",Furniture,Furnishings,94.200000,5,0.00,39.560000
887,887,12,CA-2023-129322,2023-08-08,2023-08-10,2,"Second Class",DB-13405,"Denny Blanton",Consumer,Canada,Ontario,Toronto,M5H,East,473,OFF-AP-10004336,"Conquest 14 Commercial Heavy-Duty Upright Vacuum Collection System Accessory Kit","Office Supplies",Appliances,113.920000,2,0.00,33.040000
888,888,12,CA-2023-129322,2023-08-08,2023-08-10,2,"Second Class",DB-13405,"Denny Blanton",Consumer,Canada,Ontario,Toronto,M5H,East,633,OFF-AR-10004587,"Boston 1827 Commercial Additional Cutter Drive Gear & Gear Rack for 1606","Office Supplies",Art,39.660000,2,0.00,11.900000
889,889,12,CA-2023-129322,2023-08-08,2023-08-10,2,"Second Class",DB-13405,"Denny Blanton",Consumer,Canada,Ontario,Toronto,M5H,East,718,OFF-BI-10001718,"GBC DocuBind P50 Personal Binding Machine","Office Supplies",Binders,447.860000,7,0.00,210.490000
1294,1294,13,CA-2023-131807,2023-10-05,2023-10-10,5,"Standard Class",GG-14650,"Greg Guthrie",Corporate,Canada,Alberta,Calgary,T1Y,West,69,FUR-CH-10001190,"Global Deluxe High-Back Office Chair in Storm",Furniture,Chairs,435.170000,4,0.20,-59.840000
1298,1298,13,CA-2023-131807,2023-10-05,2023-10-10,5,"Standard Class",GG-14650,"Greg Guthrie",Corporate,Canada,Alberta,Calgary,T1Y,West,939,OFF-FA-10002780,Staples,"Office Supplies",Fasteners,14.900000,5,0.00,6.850000
1295,1295,14,CA-2023-131807,2023-10-05,2023-10-10,5,"Standard Class",GG-14650,"Greg Guthrie",Corporate,Canada,Alberta,Edmonton,T5A,West,312,FUR-FU-10004666,"DAX Clear Channel Poster Frame",Furniture,Furnishings,72.900000,5,0.00,26.970000
1296,1296,14,CA-2023-131807,2023-10-05,2023-10-10,5,"Standard Class",GG-14650,"Greg Guthrie",Corporate,Canada,Alberta,Edmonton,T5A,West,370,FUR-TA-10004086,"KI Adjustable-Height Table",Furniture,Tables,206.350000,3,0.20,5.160000
1297,1297,14,CA-2023-131807,2023-10-05,2023-10-10,5,"Standard Class",GG-14650,"Greg Guthrie",Corporate,Canada,Alberta,Edmonton,T5A,West,469,OFF-AP-10004052,"Hoover Replacement Belts For Soft Guard & Commercial Ltweight Upright Vacs 2/Pk","Office Supplies",Appliances,15.800000,4,0.00,4.110000
1299,1299,14,CA-2023-131807,2023-10-05,2023-10-10,5,"Standard Class",GG-14650,"Greg Guthrie",Corporate,Canada,Alberta,Edmonton,T5A,West,1732,TEC-PH-10000702,"Square Credit Card Reader 4 1/2 x 4 1/2 x 1 White",Technology,Phones,7.990000,1,0.20,2.700000
936,936,15,CA-2023-132339,2023-08-19,2023-08-23,4,"Standard Class",JB-15400,"Jennifer Braxton",Corporate,Canada,Quebec,Montreal,H1B,East,807,OFF-BI-10003925,"Fellowes PB300 Plastic Comb Binding Machine","Office Supplies",Binders,19.440000,3,0.00,9.330000
180,180,16,CA-2023-139675,2023-03-13,2023-03-18,5,"Second Class",NF-18595,"Nicole Fjeld","Home Office",Canada,Alberta,Calgary,T2C,West,121,FUR-CH-10004063,"Global Deluxe High-Back Manager's Chair",Furniture,Chairs,915.140000,4,0.20,102.950000
181,181,16,CA-2023-139675,2023-03-13,2023-03-18,5,"Second Class",NF-18595,"Nicole Fjeld","Home Office",Canada,Alberta,Calgary,T2C,West,210,FUR-FU-10001979,"Dana Halogen Swing-Arm Architect Lamp",Furniture,Furnishings,327.760000,8,0.00,NULL
2019,2019,17,CA-2023-141531,2023-12-29,2024-01-02,4,"Standard Class",BG-18435,"Bruce Galang",Consumer,Canada,Quebec,"Quebec City",G1B,East,297,FUR-FU-10004093,"Hand-Finished Solid Wood Document Frame",Furniture,Furnishings,NULL,2,0.00,20.538000
2022,2022,17,CA-2023-141531,2023-12-29,2024-01-02,4,"Standard Class",BG-18435,"Bruce Galang",Consumer,Canada,Quebec,"Quebec City",G1B,East,915,OFF-FA-10000089,"Acco Glide Clips","Office Supplies",Fasteners,19.600000,5,0.00,9.604000
2037,2037,18,CA-2023-143500,2023-12-30,2024-01-03,4,"Standard Class",HO-15230,"Harry Olson",Consumer,Canada,"Prince Edward Island",Charlottetown,C0A,East,815,OFF-BI-10004040,"Wilson Jones Impact Binders","Office Supplies",Binders,NULL,3,0.20,-0.604800
2017,2017,19,CA-2023-146626,2023-12-29,2024-01-05,7,"Standard Class",JP-11135,"James Peterman",Corporate,Canada,"Newfoundland and Labrador","St. John's",A0A,East,229,FUR-FU-10002501,"Nu-Dell Executive Frame",Furniture,Furnishings,19.600000,5,0.00,9.604000
1870,1870,20,CA-2023-151799,2023-12-14,2023-12-18,4,"Standard Class",BF-11170,"Ben Ferrer","Home Office",Canada,Ontario,Toronto,M3C,East,364,FUR-TA-10003473,"Bretford Rectangular Conference Table Tops",Furniture,Tables,526.580000,2,0.30,-52.660000
1871,1871,20,CA-2023-151799,2023-12-14,2023-12-18,4,"Standard Class",BF-11170,"Ben Ferrer","Home Office",Canada,Ontario,Toronto,M3C,East,930,OFF-FA-10001332,"Acco Banker's Clasps 5 3/4-Long","Office Supplies",Fasteners,17.280000,6,0.00,8.120000
1872,1872,20,CA-2023-151799,2023-12-14,2023-12-18,4,"Standard Class",BF-11170,"Ben Ferrer","Home Office",Canada,Ontario,Toronto,M3C,East,1403,OFF-ST-10002790,"Safco Industrial Shelving","Office Supplies",Storage,73.850000,1,0.00,2.220000
1873,1873,20,CA-2023-151799,2023-12-14,2023-12-18,4,"Standard Class",BF-11170,"Ben Ferrer","Home Office",Canada,Ontario,Toronto,M3C,East,1457,OFF-SU-10001664,"Acme Office Executive Series Stainless Steel Trimmers","Office Supplies",Supplies,25.710000,3,0.00,6.680000
1874,1874,20,CA-2023-151799,2023-12-14,2023-12-18,4,"Standard Class",BF-11170,"Ben Ferrer","Home Office",Canada,Ontario,Toronto,M3C,East,1636,TEC-CO-10002313,"Canon PC1080F Personal Copier",Technology,Copiers,1199.980000,2,0.00,467.990000
515,515,21,CA-2023-152443,2023-05-21,2023-05-26,5,"Standard Class",FG-14260,"Frank Gastineau","Home Office",Canada,Quebec,Montreal,H1A,East,412,OFF-AP-10001293,"Belkin 8 Outlet Surge Protector","Office Supplies",Appliances,245.880000,6,0.00,68.846400
516,516,21,CA-2023-152443,2023-05-21,2023-05-26,5,"Standard Class",FG-14260,"Frank Gastineau","Home Office",Canada,Quebec,Montreal,H1A,East,686,OFF-BI-10001071,"GBC ProClick Punch Binding System","Office Supplies",Binders,447.860000,NULL,0.00,219.451400
517,517,21,CA-2023-152443,2023-05-21,2023-05-26,5,"Standard Class",FG-14260,"Frank Gastineau","Home Office",Canada,Quebec,Montreal,H1A,East,1219,OFF-PA-10003022,"Xerox 1992","Office Supplies",Paper,17.940000,3,0.00,8.790600
1699,1699,22,CA-2023-153623,2023-11-24,2023-12-05,11,"Standard Class",JP-11135,"James Peterman",Corporate,Canada,"Newfoundland and Labrador","St. John's",A0A,East,229,FUR-FU-10002501,"Nu-Dell Executive Frame",Furniture,Furnishings,99.120000,8,0.00,35.414400
1700,1700,22,CA-2023-153623,2023-11-24,2023-12-05,11,"Standard Class",JP-11135,"James Peterman",Corporate,Canada,"Newfoundland and Labrador","St. John's",A0A,East,229,FUR-FU-10002501,"Nu-Dell Executive Frame",Furniture,Furnishings,99.120000,8,0.55,35.414400
1176,1176,23,CA-2023-153738,2023-09-20,2023-09-22,2,NULL,AG-10270,"Alejandro Grove",Consumer,Canada,Ontario,Toronto,M2N,East,701,OFF-BI-10001308,"GBC Standard Plastic Binding Systems' Combs","Office Supplies",Binders,37.680000,6,0.00,16.960000
1214,1214,24,CA-2023-160325,2023-09-24,2023-09-24,0,"Same Day",BP-11095,"Bart Pistole",Corporate,Canada,Quebec,Montreal,H1C,East,1737,TEC-PH-10000984,"Panasonic KX-TG9471B",Technology,Phones,391.980000,2,0.00,109.750000
1215,1215,24,CA-2023-160325,2023-09-24,2023-09-24,0,"Same Day",BP-11095,"Bart Pistole",Corporate,Canada,Quebec,Montreal,H1C,East,1778,TEC-PH-10001944,"Wi-Ex zBoost YX540 Cellular Phone Signal Booster",Technology,Phones,437.850000,3,0.00,-2189.250000
450,450,25,CA-2023-166086,2023-05-07,2023-05-12,5,"Standard Class",CT-11995,"Carol Triggs",Consumer,Canada,Ontario,Toronto,M3C,East,130,FUR-CH-10004675,"Lifetime Advantage Folding Chairs 4/Carton",Furniture,Chairs,872.320000,4,0.00,244.249600
451,451,25,CA-2023-166086,2023-05-07,2023-05-12,5,"Standard Class",CT-11995,"Carol Triggs",Consumer,Canada,Ontario,Toronto,M3C,East,363,FUR-TA-10003469,"Balt Split Level Computer Training Table",Furniture,Tables,194.250000,2,0.30,-38.850000
452,452,25,CA-2023-166086,2023-05-07,2023-05-12,5,"Standard Class",CT-11995,"Carol Triggs",Consumer,Canada,Ontario,Toronto,M3C,East,566,OFF-AR-10002578,"Newell 335","Office Supplies",Art,8.640000,3,0.00,NULL
453,453,25,CA-2023-166086,2023-05-07,2023-05-12,5,"Standard Class",CT-11995,"Carol Triggs",Consumer,Canada,Ontario,Toronto,M3C,East,688,OFF-BI-10001078,"Acco PRESSTEX Data Binder with Storage Hooks Dark Blue 14 7/8 X 11","Office Supplies",Binders,16.140000,3,0.00,7.908600
502,502,26,CA-2023-166695,2023-05-20,2023-05-24,4,"Standard Class",CC-12430,"Chuck Clark","Home Office",Canada,"British Columbia",Vancouver,V6Z,West,53,FUR-CH-10000225,"Global Geo Office Task Chair Gray",Furniture,Chairs,518.270000,8,0.20,-97.180000
503,503,26,CA-2023-166695,2023-05-20,2023-05-24,4,"Standard Class",CC-12430,"Chuck Clark","Home Office",Canada,"British Columbia",Vancouver,V6Z,West,219,FUR-FU-10002191,"G.E. Halogen Desk Lamp Bulbs",Furniture,Furnishings,6.980000,1,0.00,3.350000
504,504,26,CA-2023-166695,2023-05-20,2023-05-24,4,"Standard Class",CC-12430,"Chuck Clark","Home Office",Canada,"British Columbia",Vancouver,V6Z,West,1681,TEC-MA-10003176,"Okidata B400 Printer",Technology,Machines,343.200000,1,0.20,38.610000
631,631,27,CA-2023-184712,2023-06-18,2023-06-20,2,"Second Class",NC-19470,"Neil Cohen","Home Office",Canada,"Nova Scotia",Halifax,B3H,East,1039,OFF-PA-10000167,"Xerox 1925","Office Supplies",Paper,74.352000,3,0.20,23.235000
3871,3871,28,CA-2024-112224,2024-12-02,2024-12-06,4,"Standard Class",NC-19470,"Neil Cohen","Home Office",Canada,"Nova Scotia",Halifax,B3H,East,192,FUR-FU-10001588,"Deflect-o SuperTray Unbreakable Stackable Tray Letter Black",Furniture,Furnishings,58.360000,5,0.60,-24.803000
2096,2096,29,CA-2024-115238,2024-01-21,2024-01-24,3,"Standard Class",JW-15220,"Jane Waco",Corporate,Canada,Ontario,Toronto,M7A,East,174,FUR-FU-10001025,"Eldon Imàge Series Desk Accessories Clear",Furniture,Furnishings,24.300000,5,0.00,10.450000
2097,2097,29,CA-2024-115238,2024-01-21,2024-01-24,3,"Standard Class",JW-15220,"Jane Waco",Corporate,Canada,Ontario,Toronto,M7A,East,227,FUR-FU-10002445,"DAX Two-Tone Rosewood/Black Document Frame Desktop 5 x 7",Furniture,Furnishings,9.480000,1,0.00,3.790000
2098,2098,29,CA-2024-115238,2024-01-21,2024-01-24,3,"Standard Class",JW-15220,"Jane Waco",Corporate,Canada,Ontario,Toronto,M7A,East,246,FUR-FU-10002960,"Eldon 200 Class Desk Accessories Burgundy",Furniture,Furnishings,31.400000,5,0.00,13.190000
2099,2099,29,CA-2024-115238,2024-01-21,2024-01-24,3,"Standard Class",JW-15220,"Jane Waco",Corporate,Canada,Ontario,Toronto,M7A,East,1202,OFF-PA-10002689,"Weyerhaeuser First Choice Laser/Copy Paper (20Lb. and 88 Bright)","Office Supplies",Paper,6.480000,1,0.55,3.110000
2100,2100,29,CA-2024-115238,2024-01-21,2024-01-24,3,"Standard Class",JW-15220,"Jane Waco",Corporate,Canada,Ontario,Toronto,M7A,East,1745,TEC-PH-10001300,"iKross Bluetooth Portable Keyboard + Cell Phone Stand Holder + Brush for Apple iPhone 5S 5C 5 4S 4",Technology,Phones,209.500000,10,0.00,58.660000
3902,3902,30,CA-2024-119508,2024-12-04,2024-12-09,5,"Standard Class",TZ-21580,"Tracy Zic",Consumer,Canada,"British Columbia",Vancouver,V6B,West,301,FUR-FU-10004270,"Eldon Image Series Desk Accessories Burgundy",Furniture,Furnishings,361.764000,2,0.10,68.333200
3903,3903,30,CA-2024-119508,2024-12-04,2024-12-09,5,"Standard Class",TZ-21580,"Tracy Zic",Consumer,Canada,"British Columbia",Vancouver,V6B,West,603,OFF-AR-10003723,"Avery Hi-Liter Fluorescent Desk Style Markers","Office Supplies",Art,39.960000,4,0.00,10.389600
2942,2942,31,CA-2024-129322,2024-08-08,2024-08-10,2,"Second Class",DB-13405,"Denny Blanton",Consumer,Canada,Ontario,Toronto,M5H,East,473,OFF-AP-10004336,"Conquest 14 Commercial Heavy-Duty Upright Vacuum Collection System Accessory Kit","Office Supplies",Appliances,7.280000,2,0.20,2.730000
2943,2943,31,CA-2024-129322,2024-08-08,2024-08-10,2,"Second Class",DB-13405,"Denny Blanton",Consumer,Canada,Ontario,Toronto,M5H,East,633,OFF-AR-10004587,"Boston 1827 Commercial Additional Cutter Drive Gear & Gear Rack for 1606","Office Supplies",Art,6.608000,NULL,0.20,2.230200
2944,2944,31,CA-2024-129322,2024-08-08,2024-08-10,2,"Second Class",DB-13405,"Denny Blanton",Consumer,Canada,Ontario,Toronto,M5H,East,718,OFF-BI-10001718,"GBC DocuBind P50 Personal Binding Machine","Office Supplies",Binders,144.784000,1,0.20,10.858800
2510,2510,32,CA-2024-132548,2024-05-07,2024-05-12,5,"Standard Class",CT-11995,"Carol Triggs",Consumer,Canada,Ontario,Toronto,M3C,East,130,FUR-CH-10004675,"Lifetime Advantage Folding Chairs 4/Carton",Furniture,Chairs,24.300000,5,0.00,10.450000
2511,2511,32,CA-2024-132548,2024-05-07,2024-05-12,5,"Standard Class",CT-11995,"Carol Triggs",Consumer,Canada,Ontario,Toronto,M3C,East,363,FUR-TA-10003469,"Balt Split Level Computer Training Table",Furniture,Tables,19.600000,5,0.00,9.604000
2512,2512,32,CA-2024-132548,2024-05-07,2024-05-12,5,"Standard Class",CT-11995,"Carol Triggs",Consumer,Canada,Ontario,Toronto,M3C,East,566,OFF-AR-10002578,"Newell 335","Office Supplies",Art,39.960000,5,0.60,-23.976000
2513,2513,32,CA-2024-132548,2024-05-07,2024-05-12,5,"Standard Class",CT-11995,"Carol Triggs",Consumer,Canada,Ontario,Toronto,M3C,East,688,OFF-BI-10001078,"Acco PRESSTEX Data Binder with Storage Hooks Dark Blue 14 7/8 X 11","Office Supplies",Binders,31.400000,5,0.00,15.386000
2232,2232,33,CA-2024-139675,2024-03-13,2024-03-18,5,"Second Class",NF-18595,"Nicole Fjeld","Home Office",Canada,Alberta,Calgary,T2C,West,121,FUR-CH-10004063,"Global Deluxe High-Back Manager's Chair",Furniture,Chairs,915.136000,4,0.20,102.952800
2233,2233,33,CA-2024-139675,2024-03-13,2024-03-18,5,"Second Class",NF-18595,"Nicole Fjeld","Home Office",Canada,Alberta,Calgary,T2C,West,210,FUR-FU-10001979,"Dana Halogen Swing-Arm Architect Lamp",Furniture,Furnishings,327.760000,8,0.00,91.772800
3872,3872,34,CA-2024-145154,2024-12-02,2024-12-06,4,"Standard Class",MK-19560,"Michael Knudson",Corporate,Canada,"New Brunswick",Moncton,E1A,East,239,FUR-FU-10002759,"12-1/2 Diameter Round Wall Clock",Furniture,Furnishings,39.960000,5,0.60,-20.976000
2275,2275,35,CA-2024-150547,2024-03-21,2024-03-26,5,"Standard Class",FG-14260,"Frank Gastineau","Home Office",Canada,Quebec,Montreal,H1A,East,686,OFF-BI-10001071,"GBC ProClick Punch Binding System","Office Supplies",Binders,9.480000,1,0.00,3.790000
2093,2093,36,CA-2024-152681,2024-01-17,2024-01-22,5,"Standard Class",SC-20260,"Scott Cohen",Corporate,Canada,Quebec,Montreal,H1A,East,583,OFF-AR-10003183,"Avery Fluorescent Highlighter Four-Color Set","Office Supplies",Art,6.680000,2,0.00,2.004000
3135,3135,37,CA-2024-153071,2024-09-08,2024-09-12,4,"Standard Class",GZ-14545,"George Zrebassa",Corporate,Canada,Quebec,Montreal,H1A,East,1357,OFF-ST-10001321,"Decoflex Hanging Personal Folder File Blue","Office Supplies",Storage,6.680000,2,0.00,2.000000
3253,3253,38,CA-2024-153738,2024-09-20,2024-09-22,2,"First Class",AG-10270,"Alejandro Grove",Consumer,Canada,Ontario,Toronto,M2N,East,701,OFF-BI-10001308,"GBC Standard Plastic Binding Systems' Combs","Office Supplies",Binders,24.448000,2,0.20,8.862400
3873,3873,39,CA-2024-154124,2024-12-02,2024-12-06,4,"Standard Class",MK-19560,"Michael Knudson",Corporate,Canada,"New Brunswick",Moncton,E1A,East,510,OFF-AR-10000940,"Newell 343","Office Supplies",Art,16.464000,7,0.20,2.440600
3461,3461,40,CA-2024-154231,2024-10-19,2024-10-24,5,"Standard Class",EH-14125,"Eugene Hildebrand","Home Office",Canada,"British Columbia",Vancouver,V6G,West,1891,TEC-PH-10004922,"RCA Visys Integrated PBX 8-Line Router",Technology,Phones,2.210000,1,0.00,0.600000
4008,4008,41,CA-2024-155586,2024-12-12,2024-12-16,4,"Second Class",XP-21865,"Xylona Preis",Consumer,Canada,Alberta,Calgary,T2C,West,533,OFF-AR-10001547,"Newell 311","Office Supplies",Art,15.520000,4,0.00,7.449600
4009,4009,41,CA-2024-155586,2024-12-12,2024-12-16,4,"Second Class",XP-21865,"Xylona Preis",Consumer,Canada,Alberta,Calgary,T2C,West,894,OFF-EN-10003072,"Peel & Seel Envelopes","Office Supplies",Envelopes,36.440000,4,0.00,16.398000
4010,4010,41,CA-2024-155586,2024-12-12,2024-12-16,4,"Second Class",XP-21865,"Xylona Preis",Consumer,Canada,Alberta,Calgary,T2C,West,1086,OFF-PA-10000726,"Black Print Carbonless Snap-Off Rapid Letter 8 1/2 x 7","Office Supplies",Paper,22.368000,4,0.20,6.430800
4140,4140,42,CA-2024-158792,2024-12-26,2025-01-02,7,NULL,BD-11605,"Brian Dahlen",Consumer,Canada,Quebec,Montreal,H1A,East,940,OFF-FA-10002815,Staples,"Office Supplies",Fasteners,22.200000,5,0.00,10.434000
4631,4631,43,CA-2025-108735,2025-04-17,2025-04-21,4,"Standard Class",JM-15535,"Jessica Myrick",Consumer,Canada,"British Columbia",Vancouver,V6E,West,33,FUR-BO-10003441,"Bush Westfield Collection Bookcases Fully Assembled",Furniture,Bookcases,79.120000,5,0.20,13.846000
6492,6492,44,CA-2025-111254,2025-12-02,2025-12-06,4,"Standard Class",MK-19560,"Michael Knudson",Corporate,Canada,"New Brunswick",Moncton,E1A,East,510,OFF-AR-10000940,"Newell 343","Office Supplies",Art,16.464000,7,0.20,NULL
5180,5180,45,CA-2025-112109,2025-07-08,2025-07-12,4,"Standard Class",JE-15715,"Joe Elijah",Consumer,Canada,Manitoba,Winnipeg,R0H,Central,124,FUR-CH-10004287,"SAFCO Arco Folding Chair",Furniture,Chairs,47.616000,3,0.20,3.571200
5181,5181,45,CA-2025-112109,2025-07-08,2025-07-12,4,"Standard Class",JE-15715,"Joe Elijah",Consumer,Canada,Manitoba,Winnipeg,R0H,Central,713,OFF-BI-10001634,"Wilson Jones Active Use Binders","Office Supplies",Binders,52.416000,9,0.20,107.955000
5182,5182,45,CA-2025-112109,2025-07-08,2025-07-12,4,"Standard Class",JE-15715,"Joe Elijah",Consumer,Canada,Manitoba,Winnipeg,R0H,Central,737,OFF-BI-10002082,"GBC Twin Loop Wire Binding Elements","Office Supplies",Binders,107.984000,1,0.20,9.448600
5183,5183,45,CA-2025-112109,2025-07-08,2025-07-12,4,"Standard Class",JE-15715,"Joe Elijah",Consumer,Canada,Manitoba,Winnipeg,R0H,Central,1367,OFF-ST-10001505,"Perma STOR-ALL Hanging File Box 13 1/8W x 12 1/4D x 10 1/2H","Office Supplies",Storage,19.296000,3,0.20,6.030000
4233,4233,46,CA-2025-115238,2025-01-21,2025-01-24,3,"Standard Class",JW-15220,"Jane Waco",Corporate,Canada,Ontario,Toronto,M7A,East,174,FUR-FU-10001025,"Eldon Imàge Series Desk Accessories Clear",Furniture,Furnishings,24.300000,5,0.00,10.450000
4234,4234,46,CA-2025-115238,2025-01-21,2025-01-24,3,"Standard Class",JW-15220,"Jane Waco",Corporate,Canada,Ontario,Toronto,M7A,East,227,FUR-FU-10002445,"DAX Two-Tone Rosewood/Black Document Frame Desktop 5 x 7",Furniture,Furnishings,9.480000,1,0.00,3.790000
4235,4235,46,CA-2025-115238,2025-01-21,2025-01-24,3,"Standard Class",JW-15220,"Jane Waco",Corporate,Canada,Ontario,Toronto,M7A,East,246,FUR-FU-10002960,"Eldon 200 Class Desk Accessories Burgundy",Furniture,Furnishings,31.400000,5,0.00,13.190000
4236,4236,46,CA-2025-115238,2025-01-21,2025-01-24,3,"Standard Class",JW-15220,"Jane Waco",Corporate,Canada,Ontario,Toronto,M7A,East,1202,OFF-PA-10002689,"Weyerhaeuser First Choice Laser/Copy Paper (20Lb. and 88 Bright)","Office Supplies",Paper,6.480000,1,0.00,3.110000
4237,4237,46,CA-2025-115238,2025-01-21,2025-01-24,3,"Standard Class",JW-15220,"Jane Waco",Corporate,Canada,Ontario,Toronto,M7A,East,1745,TEC-PH-10001300,"iKross Bluetooth Portable Keyboard + Cell Phone Stand Holder + Brush for Apple iPhone 5S 5C 5 4S 4",Technology,Phones,209.500000,10,0.00,58.660000
4481,4481,47,CA-2025-115483,2025-03-19,2025-03-21,2,"Second Class",JT-12540,"Jill Trafton",Consumer,Canada,Quebec,"Quebec City",G1B,East,17,FUR-BO-10002202,"Atlantic Metals Mobile 2-Shelf Bookcases Custom Colors",Furniture,Bookcases,72.294000,1,0.70,-98.801800
6518,6518,48,CA-2025-119508,2025-12-04,2025-12-09,5,"Standard Class",TZ-21580,"Tracy Zic",Consumer,Canada,"British Columbia",Vancouver,V6B,West,301,FUR-FU-10004270,"Eldon Image Series Desk Accessories Burgundy",Furniture,Furnishings,25.080000,6,0.00,9.030000
6519,6519,48,CA-2025-119508,2025-12-04,2025-12-09,5,"Standard Class",TZ-21580,"Tracy Zic",Consumer,Canada,"British Columbia",Vancouver,V6B,West,603,OFF-AR-10003723,"Avery Hi-Liter Fluorescent Desk Style Markers","Office Supplies",Art,16.900000,5,0.00,6.250000
5010,5010,49,CA-2025-121465,2025-06-12,2025-06-17,5,"Standard Class",HO-15230,"Harry Olson",Consumer,Canada,"Prince Edward Island",Charlottetown,C0A,East,71,FUR-CH-10001270,"Harbour Creations Steel Folding Chair",Furniture,Chairs,140.670000,3,0.00,54.861300
5011,5011,49,CA-2025-121465,2025-06-12,2025-06-17,5,"Standard Class",HO-15230,"Harry Olson",Consumer,Canada,"Prince Edward Island",Charlottetown,C0A,East,127,FUR-CH-10004495,"Global Leather and Oak Executive Chair Black",Furniture,Chairs,19.680000,5,0.20,6.888000
5012,5012,49,CA-2025-121465,2025-06-12,2025-06-17,5,"Standard Class",HO-15230,"Harry Olson",Consumer,Canada,"Prince Edward Island",Charlottetown,C0A,East,602,OFF-AR-10003696,"Panasonic KP-350BK Electric Pencil Sharpener with Auto Stop","Office Supplies",Art,70.464000,6,0.20,22.900800
5013,5013,49,CA-2025-121465,2025-06-12,2025-06-17,5,"Standard Class",HO-15230,"Harry Olson",Consumer,Canada,"Prince Edward Island",Charlottetown,C0A,East,748,OFF-BI-10002414,"GBC ProClick Spines for 32-Hole Punch","Office Supplies",Binders,310.120000,2,0.00,80.631200
6491,6491,50,CA-2025-124574,2025-12-02,2025-12-06,4,"Standard Class",MK-19560,"Michael Knudson",Corporate,Canada,"New Brunswick",Moncton,E1A,East,239,FUR-FU-10002759,"12-1/2 Diameter Round Wall Clock",Furniture,Furnishings,39.960000,5,0.60,-20.976000
6602,6602,51,CA-2025-124626,2025-12-10,2025-12-15,5,"Standard Class",JP-11135,"James Peterman",Corporate,Canada,"Newfoundland and Labrador","St. John's",A0A,East,229,FUR-FU-10002501,"Nu-Dell Executive Frame",Furniture,Furnishings,NULL,8,0.00,35.414400
5799,5799,52,CA-2025-125724,2025-09-22,2025-09-27,5,"Standard Class",SM-20950,"Suzanne McNair",Corporate,Canada,Saskatchewan,Regina,S0G,West,149,FUR-FU-10000246,"Aluminum Document Frame",Furniture,Furnishings,63.968000,2,0.20,19.990000
5936,5936,53,CA-2025-126627,2025-10-10,2025-10-12,2,"First Class",WB-21850,"William Brown",Consumer,Canada,Manitoba,Winnipeg,R3R,Central,325,FUR-FU-10004963,"Eldon 400 Class Desk Accessories Black Carbon",Furniture,Furnishings,7.000000,1,0.20,-2.998500
5937,5937,53,CA-2025-126627,2025-10-10,2025-10-12,2,"First Class",WB-21850,"William Brown",Consumer,Canada,Manitoba,Winnipeg,R3R,Central,710,OFF-BI-10001597,"Wilson Jones Ledger-Size Piano-Hinge Binder 2 Blue","Office Supplies",Binders,32.784000,1,0.20,13.588200
5365,5365,54,CA-2025-129322,2025-08-08,2025-08-10,2,"Second Class",DB-13405,"Denny Blanton",Consumer,Canada,Ontario,Toronto,M5H,East,473,OFF-AP-10004336,"Conquest 14 Commercial Heavy-Duty Upright Vacuum Collection System Accessory Kit","Office Supplies",Appliances,113.920000,2,0.00,33.040000
5366,5366,54,CA-2025-129322,2025-08-08,2025-08-10,2,"Second Class",DB-13405,"Denny Blanton",Consumer,Canada,Ontario,Toronto,M5H,East,633,OFF-AR-10004587,"Boston 1827 Commercial Additional Cutter Drive Gear & Gear Rack for 1606","Office Supplies",Art,39.660000,2,0.00,11.900000
5367,5367,54,CA-2025-129322,2025-08-08,2025-08-10,2,"Second Class",DB-13405,"Denny Blanton",Consumer,Canada,Ontario,Toronto,M5H,East,718,OFF-BI-10001718,"GBC DocuBind P50 Personal Binding Machine","Office Supplies",Binders,447.860000,7,0.00,210.490000
6490,6490,55,CA-2025-133541,2025-12-02,2025-12-06,4,"Standard Class",NC-19470,"Neil Cohen","Home Office",Canada,"Nova Scotia",Halifax,B3H,East,192,FUR-FU-10001588,"Deflect-o SuperTray Unbreakable Stackable Tray Letter Black",Furniture,Furnishings,58.360000,5,0.60,-24.803000
6667,6667,56,CA-2025-135480,2025-12-15,2025-12-22,7,"Standard Class",BG-18435,"Bruce Galang",Consumer,Canada,Quebec,"Quebec City",G1B,East,297,FUR-FU-10004093,"Hand-Finished Solid Wood Document Frame",Furniture,Furnishings,68.460000,2,0.00,20.538000
6668,6668,56,CA-2025-135480,2025-12-15,2025-12-22,7,"Standard Class",BG-18435,"Bruce Galang",Consumer,Canada,Quebec,"Quebec City",G1B,East,915,OFF-FA-10000089,"Acco Glide Clips","Office Supplies",Fasteners,19.600000,5,0.00,9.604000
5053,5053,57,CA-2025-136547,2025-06-18,2025-06-22,4,"Standard Class",FG-14260,"Frank Gastineau","Home Office",Canada,Quebec,Montreal,H1A,East,1219,OFF-PA-10003022,"Xerox 1992","Office Supplies",Paper,14.000000,4,0.55,-6.300000
4452,4452,58,CA-2025-139675,2025-03-13,2025-03-18,5,"Second Class",NF-18595,"Nicole Fjeld","Home Office",Canada,Alberta,Calgary,T2C,West,121,FUR-CH-10004063,"Global Deluxe High-Back Manager's Chair",Furniture,Chairs,915.140000,4,0.20,NULL
4453,4453,58,CA-2025-139675,2025-03-13,2025-03-18,5,"Second Class",NF-18595,"Nicole Fjeld","Home Office",Canada,Alberta,Calgary,T2C,West,210,FUR-FU-10001979,"Dana Halogen Swing-Arm Architect Lamp",Furniture,Furnishings,327.760000,8,0.00,91.770000
6586,6586,59,CA-2025-141082,2025-12-09,2025-12-13,4,"Standard Class",FM-14380,"Fred McMath",Consumer,Canada,Quebec,Montreal,H1A,East,977,OFF-LA-10001404,"Avery 517","Office Supplies",Labels,79.974000,3,0.40,-29.323800
6587,6587,59,CA-2025-141082,2025-12-09,2025-12-13,4,"Standard Class",FM-14380,"Fred McMath",Consumer,Canada,Quebec,Montreal,H1A,East,978,OFF-LA-10001474,"Avery 477","Office Supplies",Labels,NULL,2,0.70,NULL
5784,5784,60,CA-2025-153738,2025-09-20,2025-09-22,2,"First Class",AG-10270,"Alejandro Grove",Consumer,Canada,Ontario,Toronto,M2N,East,701,OFF-BI-10001308,"GBC Standard Plastic Binding Systems' Combs","Office Supplies",Binders,37.680000,6,0.00,16.960000
4230,4230,61,CA-2025-155412,2025-01-17,2025-01-22,5,NULL,SC-20260,"Scott Cohen",Corporate,Canada,Quebec,Montreal,H1A,East,583,OFF-AR-10003183,"Avery Fluorescent Highlighter Four-Color Set","Office Supplies",Art,6.680000,2,0.00,2.000000
6644,6644,62,CA-2025-155586,2025-12-12,2025-12-16,4,"Second Class",XP-21865,"Xylona Preis",Consumer,Canada,Alberta,Calgary,T2C,West,533,OFF-AR-10001547,"Newell 311","Office Supplies",Art,2.210000,1,0.00,0.600000
6645,6645,62,CA-2025-155586,2025-12-12,2025-12-16,4,"Second Class",XP-21865,"Xylona Preis",Consumer,Canada,Alberta,Calgary,T2C,West,894,OFF-EN-10003072,"Peel & Seel Envelopes","Office Supplies",Envelopes,15.520000,4,0.00,7.450000
6646,6646,62,CA-2025-155586,2025-12-12,2025-12-16,4,"Second Class",XP-21865,"Xylona Preis",Consumer,Canada,Alberta,Calgary,T2C,West,1086,OFF-PA-10000726,"Black Print Carbonless Snap-Off Rapid Letter 8 1/2 x 7","Office Supplies",Paper,36.440000,4,0.00,16.400000
6781,6781,63,CA-2025-158792,2025-12-26,2026-01-02,7,NULL,BD-11605,"Brian Dahlen",Consumer,Canada,Quebec,Montreal,H1A,East,940,OFF-FA-10002815,Staples,"Office Supplies",Fasteners,22.200000,5,0.00,10.430000
4749,4749,64,CA-2025-169856,2025-05-07,2025-05-12,5,"Standard Class",CT-11995,"Carol Triggs",Consumer,Canada,Ontario,Toronto,M3C,East,130,FUR-CH-10004675,"Lifetime Advantage Folding Chairs 4/Carton",Furniture,Chairs,37.680000,6,0.00,16.960000
4750,4750,64,CA-2025-169856,2025-05-07,2025-05-12,5,"Standard Class",CT-11995,"Carol Triggs",Consumer,Canada,Ontario,Toronto,M3C,East,363,FUR-TA-10003469,"Balt Split Level Computer Training Table",Furniture,Tables,2.210000,1,0.00,0.600000
4751,4751,64,CA-2025-169856,2025-05-07,2025-05-12,5,"Standard Class",CT-11995,"Carol Triggs",Consumer,Canada,Ontario,Toronto,M3C,East,566,OFF-AR-10002578,"Newell 335","Office Supplies",Art,6.480000,1,0.00,3.110000
4752,4752,64,CA-2025-169856,2025-05-07,2025-05-12,5,"Standard Class",CT-11995,"Carol Triggs",Consumer,Canada,Ontario,Toronto,M3C,East,688,OFF-BI-10001078,"Acco PRESSTEX Data Binder with Storage Hooks Dark Blue 14 7/8 X 11","Office Supplies",Binders,8.740000,4,0.70,-6.120000
5990,5990,65,CA-2025-174514,2025-10-19,2025-10-24,5,"Standard Class",EH-14125,"Eugene Hildebrand","Home Office",Canada,"British Columbia",Vancouver,V6G,West,1891,TEC-PH-10004922,"RCA Visys Integrated PBX 8-Line Router",Technology,Phones,6.480000,1,0.00,3.110000
5126,5126,66,CA-2025-187423,2025-06-28,2025-07-03,5,"Standard Class",GZ-14545,"George Zrebassa",Corporate,Canada,Quebec,Montreal,H1A,East,1357,OFF-ST-10001321,"Decoflex Hanging Personal Folder File Blue","Office Supplies",Storage,37.680000,6,0.00,16.960000
5862,5862,67,CA-2025-192314,2025-09-26,2025-10-01,5,"Second Class",JS-13215,"Jennifer Sheldon",Corporate,Canada,Quebec,"Quebec City",G1B,East,1266,OFF-PA-10004022,"Hammermill Color Copier Paper (28Lb. and 96 Bright)","Office Supplies",Paper,9.990000,1,0.00,4.495500
9781,9781,68,CA-2026-105471,2026-12-02,2026-12-06,4,"Standard Class",NC-19470,"Neil Cohen","Home Office",Canada,"Nova Scotia",Halifax,B3H,East,192,FUR-FU-10001588,"Deflect-o SuperTray Unbreakable Stackable Tray Letter Black",Furniture,Furnishings,58.360000,5,0.60,-24.803000
9782,9782,69,CA-2026-106541,2026-12-02,2026-12-06,4,"Standard Class",MK-19560,"Michael Knudson",Corporate,Canada,"New Brunswick",Moncton,E1A,East,239,FUR-FU-10002759,"12-1/2 Diameter Round Wall Clock",Furniture,Furnishings,39.960000,5,0.60,-20.976000
9130,9130,70,CA-2026-107004,2026-10-19,2026-10-24,5,"Standard Class",EH-14125,"Eugene Hildebrand","Home Office",Canada,"British Columbia",Vancouver,V6G,West,1891,TEC-PH-10004922,"RCA Visys Integrated PBX 8-Line Router",Technology,Phones,19.440000,3,0.00,9.330000
7443,7443,71,CA-2026-108735,2026-04-17,2026-04-21,4,"Standard Class",JM-15535,"Jessica Myrick",Consumer,Canada,"British Columbia",Vancouver,V6E,West,33,FUR-BO-10003441,"Bush Westfield Collection Bookcases Fully Assembled",Furniture,Bookcases,257.500000,3,0.20,24.240000
8089,8089,72,CA-2026-112109,2026-07-08,2026-07-12,4,"Standard Class",JE-15715,"Joe Elijah",Consumer,Canada,Manitoba,Winnipeg,R0H,Central,124,FUR-CH-10004287,"SAFCO Arco Folding Chair",Furniture,Chairs,NULL,3,0.20,74.570000
8090,8090,72,CA-2026-112109,2026-07-08,2026-07-12,4,"Standard Class",JE-15715,"Joe Elijah",Consumer,Canada,Manitoba,Winnipeg,R0H,Central,713,OFF-BI-10001634,"Wilson Jones Active Use Binders","Office Supplies",Binders,8.740000,4,0.70,-6.120000
8091,8091,72,CA-2026-112109,2026-07-08,2026-07-12,4,"Standard Class",JE-15715,"Joe Elijah",Consumer,Canada,Manitoba,Winnipeg,R0H,Central,737,OFF-BI-10002082,"GBC Twin Loop Wire Binding Elements","Office Supplies",Binders,19.970000,2,0.70,-13.310000
8092,8092,72,CA-2026-112109,2026-07-08,2026-07-12,4,"Standard Class",JE-15715,"Joe Elijah",Consumer,Canada,Manitoba,Winnipeg,R0H,Central,1367,OFF-ST-10001505,"Perma STOR-ALL Hanging File Box 13 1/8W x 12 1/4D x 10 1/2H","Office Supplies",Storage,33.490000,7,0.20,NULL
6915,6915,73,CA-2026-115238,2026-01-21,2026-01-24,3,"Standard Class",JW-15220,"Jane Waco",Corporate,Canada,Ontario,Toronto,M7A,East,174,FUR-FU-10001025,"Eldon Imàge Series Desk Accessories Clear",Furniture,Furnishings,24.300000,5,0.00,10.450000
6916,6916,73,CA-2026-115238,2026-01-21,2026-01-24,3,"Standard Class",JW-15220,"Jane Waco",Corporate,Canada,Ontario,Toronto,M7A,East,227,FUR-FU-10002445,"DAX Two-Tone Rosewood/Black Document Frame Desktop 5 x 7",Furniture,Furnishings,9.480000,1,0.00,3.790000
6917,6917,73,CA-2026-115238,2026-01-21,2026-01-24,3,"Standard Class",JW-15220,"Jane Waco",Corporate,Canada,Ontario,Toronto,M7A,East,246,FUR-FU-10002960,"Eldon 200 Class Desk Accessories Burgundy",Furniture,Furnishings,31.400000,5,0.00,NULL
6918,6918,73,CA-2026-115238,2026-01-21,2026-01-24,3,"Standard Class",JW-15220,"Jane Waco",Corporate,Canada,Ontario,Toronto,M7A,East,1202,OFF-PA-10002689,"Weyerhaeuser First Choice Laser/Copy Paper (20Lb. and 88 Bright)","Office Supplies",Paper,6.480000,1,0.00,3.110000
6919,6919,73,CA-2026-115238,2026-01-21,2026-01-24,3,"Standard Class",JW-15220,"Jane Waco",Corporate,Canada,Ontario,Toronto,M7A,East,1745,TEC-PH-10001300,"iKross Bluetooth Portable Keyboard + Cell Phone Stand Holder + Brush for Apple iPhone 5S 5C 5 4S 4",Technology,Phones,209.500000,10,0.00,58.660000
7230,7230,74,CA-2026-115483,2026-03-19,2026-03-21,2,"Second Class",JT-12540,"Jill Trafton",Consumer,Canada,Quebec,"Quebec City",G1B,East,17,FUR-BO-10002202,"Atlantic Metals Mobile 2-Shelf Bookcases Custom Colors",Furniture,Bookcases,72.294000,1,0.70,-98.801800
8386,8386,75,CA-2026-115777,2026-08-19,2026-08-24,5,"Standard Class",DO-13645,"Doug O'Connell",Consumer,Canada,Quebec,Montreal,H1B,East,1073,OFF-PA-10000552,"Xerox 200","Office Supplies",Paper,387.990000,1,0.00,182.355300
9822,9822,76,CA-2026-119508,2026-12-04,2026-12-09,5,"Standard Class",TZ-21580,"Tracy Zic",Consumer,Canada,"British Columbia",Vancouver,V6B,West,301,FUR-FU-10004270,"Eldon Image Series Desk Accessories Burgundy",Furniture,Furnishings,25.080000,6,0.00,NULL
9823,9823,76,CA-2026-119508,2026-12-04,2026-12-09,5,"Standard Class",TZ-21580,"Tracy Zic",Consumer,Canada,"British Columbia",Vancouver,V6B,West,603,OFF-AR-10003723,"Avery Hi-Liter Fluorescent Desk Style Markers","Office Supplies",Art,16.900000,5,0.00,-84.500000
6885,6885,77,CA-2026-121451,2026-01-17,2026-01-22,5,"Standard Class",SC-20260,"Scott Cohen",Corporate,Canada,Quebec,Montreal,H1A,East,583,OFF-AR-10003183,"Avery Fluorescent Highlighter Four-Color Set","Office Supplies",Art,6.680000,2,0.00,2.000000
9939,9939,78,CA-2026-124626,2026-12-10,2026-12-15,5,NULL,JP-11135,"James Peterman",Corporate,Canada,"Newfoundland and Labrador","St. John's",A0A,East,229,FUR-FU-10002501,"Nu-Dell Executive Frame",Furniture,Furnishings,99.120000,8,0.00,35.414400
9128,9128,79,CA-2026-125388,2026-10-19,2026-10-23,4,"Standard Class",MP-17965,"Michael Paige",Corporate,Canada,Quebec,Montreal,H1A,East,314,FUR-FU-10004712,"Westinghouse Mesh Shade Clip-On Gooseneck Lamp Black",Furniture,Furnishings,24.368000,2,0.20,-3.350600
9129,9129,79,CA-2026-125388,2026-10-19,2026-10-23,4,"Standard Class",MP-17965,"Michael Paige",Corporate,Canada,Quebec,Montreal,H1A,East,1344,OFF-ST-10000918,Crate-A-Files,"Office Supplies",Storage,16.680000,3,0.20,5.212500
8837,8837,80,CA-2026-125724,2026-09-22,2026-09-27,5,NULL,SM-20950,"Suzanne McNair",Corporate,Canada,Saskatchewan,Regina,S0G,West,149,FUR-FU-10000246,"Aluminum Document Frame",Furniture,Furnishings,NULL,7,0.20,8.550000
8652,8652,81,CA-2026-126438,2026-09-10,2026-09-13,3,"First Class",AR-10345,"Alex Russell",Corporate,Canada,Quebec,Montreal,H1C,East,587,OFF-AR-10003338,"Eberhard Faber 3 1/2 Golf Pencils","Office Supplies",Art,2.780000,1,0.00,1.362200
9054,9054,82,CA-2026-126627,2026-10-10,2026-10-12,2,"First Class",WB-21850,"William Brown",Consumer,Canada,Manitoba,Winnipeg,R3R,Central,325,FUR-FU-10004963,"Eldon 400 Class Desk Accessories Black Carbon",Furniture,Furnishings,14.000000,4,0.60,-6.300000
9055,9055,82,CA-2026-126627,2026-10-10,2026-10-12,2,"First Class",WB-21850,"William Brown",Consumer,Canada,Manitoba,Winnipeg,R3R,Central,710,OFF-BI-10001597,"Wilson Jones Ledger-Size Piano-Hinge Binder 2 Blue","Office Supplies",Binders,16.392000,2,0.80,-26.230000
10054,10054,83,CA-2026-126634,2026-12-20,2026-12-22,2,"Second Class",AB-10165,"Alan Barnes",Consumer,Canada,"British Columbia",Vancouver,V5K,West,326,FUR-FU-10004973,"Flat Face Poster Frame",Furniture,Furnishings,15.072000,1,0.20,2.357100
8301,8301,84,CA-2026-129322,2026-08-08,2026-08-10,2,"Second Class",DB-13405,"Denny Blanton",Consumer,Canada,Ontario,Toronto,M5H,East,473,OFF-AP-10004336,"Conquest 14 Commercial Heavy-Duty Upright Vacuum Collection System Accessory Kit","Office Supplies",Appliances,113.920000,2,0.00,33.040000
8302,8302,84,CA-2026-129322,2026-08-08,2026-08-10,2,"Second Class",DB-13405,"Denny Blanton",Consumer,Canada,Ontario,Toronto,M5H,East,633,OFF-AR-10004587,"Boston 1827 Commercial Additional Cutter Drive Gear & Gear Rack for 1606","Office Supplies",Art,39.660000,2,0.55,11.900000
8303,8303,84,CA-2026-129322,2026-08-08,2026-08-10,2,"Second Class",DB-13405,"Denny Blanton",Consumer,Canada,Ontario,Toronto,M5H,East,718,OFF-BI-10001718,"GBC DocuBind P50 Personal Binding Machine","Office Supplies",Binders,447.860000,7,0.00,210.490000
7192,7192,85,CA-2026-130494,2026-03-16,2026-03-21,5,"Standard Class",HO-15230,"Harry Olson",Consumer,Canada,"Prince Edward Island",Charlottetown,C0A,East,71,FUR-CH-10001270,"Harbour Creations Steel Folding Chair",Furniture,Chairs,NULL,3,0.00,54.861300
7193,7193,85,CA-2026-130494,2026-03-16,2026-03-21,5,"Standard Class",HO-15230,"Harry Olson",Consumer,Canada,"Prince Edward Island",Charlottetown,C0A,East,127,FUR-CH-10004495,"Global Leather and Oak Executive Chair Black",Furniture,Chairs,19.680000,5,0.20,6.888000
7194,7194,85,CA-2026-130494,2026-03-16,2026-03-21,5,"Standard Class",HO-15230,"Harry Olson",Consumer,Canada,"Prince Edward Island",Charlottetown,C0A,East,602,OFF-AR-10003696,"Panasonic KP-350BK Electric Pencil Sharpener with Auto Stop","Office Supplies",Art,70.464000,6,0.20,22.900800
7195,7195,85,CA-2026-130494,2026-03-16,2026-03-21,5,"Standard Class",HO-15230,"Harry Olson",Consumer,Canada,"Prince Edward Island",Charlottetown,C0A,East,748,OFF-BI-10002414,"GBC ProClick Spines for 32-Hole Punch","Office Supplies",Binders,310.120000,2,0.00,80.631200
9007,9007,86,CA-2026-131807,2026-10-05,2026-10-10,5,"Standard Class",GG-14650,"Greg Guthrie",Corporate,Canada,Alberta,Calgary,T1Y,West,69,FUR-CH-10001190,"Global Deluxe High-Back Office Chair in Storm",Furniture,Chairs,221.382000,2,0.10,2.459800
9011,9011,86,CA-2026-131807,2026-10-05,2026-10-10,5,"Standard Class",GG-14650,"Greg Guthrie",Corporate,Canada,Alberta,Calgary,T1Y,West,939,OFF-FA-10002780,Staples,"Office Supplies",Fasteners,5199.960000,4,0.00,1351.989600
9008,9008,87,CA-2026-131807,2026-10-05,2026-10-10,5,"Standard Class",GG-14650,"Greg Guthrie",Corporate,Canada,Alberta,Edmonton,T5A,West,312,FUR-FU-10004666,"DAX Clear Channel Poster Frame",Furniture,Furnishings,39.920000,NULL,0.20,13.473000
9009,9009,87,CA-2026-131807,2026-10-05,2026-10-10,5,"Standard Class",GG-14650,"Greg Guthrie",Corporate,Canada,Alberta,Edmonton,T5A,West,370,FUR-TA-10004086,"KI Adjustable-Height Table",Furniture,Tables,171.960000,2,0.00,27.882000
9010,9010,87,CA-2026-131807,2026-10-05,2026-10-10,5,"Standard Class",GG-14650,"Greg Guthrie",Corporate,Canada,Alberta,Edmonton,T5A,West,469,OFF-AP-10004052,"Hoover Replacement Belts For Soft Guard & Commercial Ltweight Upright Vacs 2/Pk","Office Supplies",Appliances,63.824000,2,0.20,13.562600
9012,9012,87,CA-2026-131807,2026-10-05,2026-10-10,5,"Standard Class",GG-14650,"Greg Guthrie",Corporate,Canada,Alberta,Edmonton,T5A,West,1732,TEC-PH-10000702,"Square Credit Card Reader 4 1/2 x 4 1/2 x 1 White",Technology,Phones,NULL,4,0.20,7.226800
8385,8385,88,CA-2026-132339,2026-08-19,2026-08-23,4,"Standard Class",JB-15400,"Jennifer Braxton",Corporate,Canada,Quebec,Montreal,H1B,East,807,OFF-BI-10003925,"Fellowes PB300 Plastic Comb Binding Machine","Office Supplies",Binders,19.440000,3,0.00,9.331200
7680,7680,89,CA-2026-135471,2026-05-18,2026-05-25,7,"Standard Class",GZ-14545,"George Zrebassa",Corporate,Canada,Quebec,Montreal,H1A,East,1357,OFF-ST-10001321,"Decoflex Hanging Personal Folder File Blue","Office Supplies",Storage,19.440000,3,0.00,9.330000
9996,9996,90,CA-2026-135480,2026-12-15,2026-12-22,7,"Standard Class",BG-18435,"Bruce Galang",Consumer,Canada,Quebec,"Quebec City",G1B,East,297,FUR-FU-10004093,"Hand-Finished Solid Wood Document Frame",Furniture,Furnishings,68.460000,NULL,0.00,NULL
9997,9997,90,CA-2026-135480,2026-12-15,2026-12-22,7,"Standard Class",BG-18435,"Bruce Galang",Consumer,Canada,Quebec,"Quebec City",G1B,East,915,OFF-FA-10000089,"Acco Glide Clips","Office Supplies",Fasteners,19.600000,5,0.00,9.604000
7176,7176,91,CA-2026-139675,2026-03-13,2026-03-18,5,"Second Class",NF-18595,"Nicole Fjeld","Home Office",Canada,Alberta,Calgary,T2C,West,121,FUR-CH-10004063,"Global Deluxe High-Back Manager's Chair",Furniture,Chairs,915.140000,4,0.20,102.950000
7177,7177,91,CA-2026-139675,2026-03-13,2026-03-18,5,"Second Class",NF-18595,"Nicole Fjeld","Home Office",Canada,Alberta,Calgary,T2C,West,210,FUR-FU-10001979,"Dana Halogen Swing-Arm Architect Lamp",Furniture,Furnishings,327.760000,8,0.00,91.770000
9916,9916,92,CA-2026-141082,2026-12-09,2026-12-13,4,"Standard Class",FM-14380,"Fred McMath",Consumer,Canada,Quebec,Montreal,H1A,East,977,OFF-LA-10001404,"Avery 517","Office Supplies",Labels,3.690000,1,0.00,1.730000
9917,9917,92,CA-2026-141082,2026-12-09,2026-12-13,4,"Standard Class",FM-14380,"Fred McMath",Consumer,Canada,Quebec,Montreal,H1A,East,978,OFF-LA-10001474,"Avery 477","Office Supplies",Labels,122.120000,4,0.00,56.180000
10185,10185,93,CA-2026-141531,2026-12-29,2027-01-02,4,"Standard Class",BG-18435,"Bruce Galang",Consumer,Canada,Quebec,"Quebec City",G1B,East,297,FUR-FU-10004093,"Hand-Finished Solid Wood Document Frame",Furniture,Furnishings,68.460000,2,0.00,20.538000
10186,10186,93,CA-2026-141531,2026-12-29,2027-01-02,4,"Standard Class",BG-18435,"Bruce Galang",Consumer,Canada,Quebec,"Quebec City",G1B,East,915,OFF-FA-10000089,"Acco Glide Clips","Office Supplies",Fasteners,19.600000,5,0.00,9.604000
10194,10194,94,CA-2026-143500,2026-12-30,2027-01-03,4,"Standard Class",HO-15230,"Harry Olson",Consumer,Canada,"Prince Edward Island",Charlottetown,C0A,East,815,OFF-BI-10004040,"Wilson Jones Impact Binders","Office Supplies",Binders,3.024000,3,0.20,-0.604800
9783,9783,95,CA-2026-145612,2026-12-02,2026-12-06,4,"Standard Class",MK-19560,"Michael Knudson",Corporate,Canada,"New Brunswick",Moncton,E1A,East,510,OFF-AR-10000940,"Newell 343","Office Supplies",Art,16.464000,7,0.20,2.440600
10184,10184,96,CA-2026-146626,2026-12-29,2027-01-05,7,"Standard Class",JP-11135,"James Peterman",Corporate,Canada,"Newfoundland and Labrador","St. John's",A0A,East,229,FUR-FU-10002501,"Nu-Dell Executive Frame",Furniture,Furnishings,99.120000,8,0.00,35.414400
9986,9986,97,CA-2026-151799,2026-12-14,2026-12-18,4,"Standard Class",BF-11170,"Ben Ferrer","Home Office",Canada,Ontario,Toronto,M3C,East,364,FUR-TA-10003473,"Bretford Rectangular Conference Table Tops",Furniture,Tables,43.700000,5,0.00,20.539000
9987,9987,97,CA-2026-151799,2026-12-14,2026-12-18,4,"Standard Class",BF-11170,"Ben Ferrer","Home Office",Canada,Ontario,Toronto,M3C,East,930,OFF-FA-10001332,"Acco Banker's Clasps 5 3/4-Long","Office Supplies",Fasteners,64.960000,14,0.20,NULL
9988,9988,97,CA-2026-151799,2026-12-14,2026-12-18,4,"Standard Class",BF-11170,"Ben Ferrer","Home Office",Canada,Ontario,Toronto,M3C,East,1403,OFF-ST-10002790,"Safco Industrial Shelving","Office Supplies",Storage,NULL,NULL,0.30,-52.658200
9989,9989,97,CA-2026-151799,2026-12-14,2026-12-18,4,"Standard Class",BF-11170,"Ben Ferrer","Home Office",Canada,Ontario,Toronto,M3C,East,1457,OFF-SU-10001664,"Acme Office Executive Series Stainless Steel Trimmers","Office Supplies",Supplies,26.250000,3,0.00,11.025000
9990,9990,97,CA-2026-151799,2026-12-14,2026-12-18,4,"Standard Class",BF-11170,"Ben Ferrer","Home Office",Canada,Ontario,Toronto,M3C,East,1636,TEC-CO-10002313,"Canon PC1080F Personal Copier",Technology,Copiers,17.280000,6,0.00,8.121600
8806,8806,98,CA-2026-153738,2026-09-20,2026-09-22,2,"First Class",AG-10270,"Alejandro Grove",Consumer,Canada,Ontario,Toronto,M2N,East,701,OFF-BI-10001308,"GBC Standard Plastic Binding Systems' Combs","Office Supplies",Binders,37.680000,6,0.00,16.960000
9483,9483,99,CA-2026-154121,2026-11-14,2026-11-18,4,NULL,SC-20260,"Scott Cohen",Corporate,Canada,Quebec,Montreal,H1A,East,583,OFF-AR-10003183,"Avery Fluorescent Highlighter Four-Color Set","Office Supplies",Art,6.680000,2,0.00,2.000000
7570,7570,100,CA-2026-158740,2026-05-05,2026-05-10,5,"Standard Class",FG-14260,"Frank Gastineau","Home Office",Canada,Quebec,Montreal,H1A,East,412,OFF-AP-10001293,"Belkin 8 Outlet Surge Protector","Office Supplies",Appliances,6.480000,1,0.55,3.110000
8883,8883,101,CA-2026-160325,2026-09-24,2026-09-24,0,"Same Day",BP-11095,"Bart Pistole",Corporate,Canada,Quebec,Montreal,H1C,East,1737,TEC-PH-10000984,"Panasonic KX-TG9471B",Technology,Phones,40.290000,3,0.00,NULL
8884,8884,101,CA-2026-160325,2026-09-24,2026-09-24,0,"Same Day",BP-11095,"Bart Pistole",Corporate,Canada,Quebec,Montreal,H1C,East,1778,TEC-PH-10001944,"Wi-Ex zBoost YX540 Cellular Phone Signal Booster",Technology,Phones,38.710000,7,0.00,17.806600
7713,7713,102,CA-2026-166695,2026-05-20,2026-05-24,4,"Standard Class",CC-12430,"Chuck Clark","Home Office",Canada,"British Columbia",Vancouver,V6Z,West,53,FUR-CH-10000225,"Global Geo Office Task Chair Gray",Furniture,Chairs,518.272000,8,0.20,-97.176000
7714,7714,102,CA-2026-166695,2026-05-20,2026-05-24,4,"Standard Class",CC-12430,"Chuck Clark","Home Office",Canada,"British Columbia",Vancouver,V6Z,West,219,FUR-FU-10002191,"G.E. Halogen Desk Lamp Bulbs",Furniture,Furnishings,6.980000,1,0.00,3.350400
7715,7715,102,CA-2026-166695,2026-05-20,2026-05-24,4,"Standard Class",CC-12430,"Chuck Clark","Home Office",Canada,"British Columbia",Vancouver,V6Z,West,1681,TEC-MA-10003176,"Okidata B400 Printer",Technology,Machines,343.200000,1,0.20,38.610000
7926,7926,103,CA-2026-184712,2026-06-18,2026-06-20,2,NULL,NC-19470,"Neil Cohen","Home Office",Canada,"Nova Scotia",Halifax,B3H,East,1039,OFF-PA-10000167,"Xerox 1925","Office Supplies",Paper,74.352000,3,0.20,23.235000
8905,8905,104,CA-2026-192314,2026-09-26,2026-10-01,5,"Second Class",JS-13215,"Jennifer Sheldon",Corporate,Canada,Quebec,"Quebec City",G1B,East,1266,OFF-PA-10004022,"Hammermill Color Copier Paper (28Lb. and 96 Bright)","Office Supplies",Paper,9.990000,1,0.00,4.495500
1037,1037,105,US-2023-100006,2023-09-07,2023-09-13,6,"Standard Class",DK-13375,"Dennis Kane",Consumer,"United States","New York","New York City",10024,East,1782,TEC-PH-10002075,"AT&T EL51110 DECT",Technology,Phones,377.970000,3,0.00,109.611300
717,717,106,US-2023-100090,2023-07-08,2023-07-12,4,"Standard Class",EB-13705,"Ed Braxton",Corporate,"United States",California,"San Francisco",94122,West,366,FUR-TA-10003715,"Hon 2111 Invitation Series Corner Table",Furniture,Tables,502.488000,3,0.20,-2512.440000
718,718,106,US-2023-100090,2023-07-08,2023-07-12,4,"Standard Class",EB-13705,"Ed Braxton",Corporate,"United States",California,"San Francisco",94122,West,710,OFF-BI-10001597,"Wilson Jones Ledger-Size Piano-Hinge Binder 2 Blue","Office Supplies",Binders,196.704000,6,0.20,68.846400
170,170,107,US-2023-100279,2023-03-10,2023-03-14,4,"Standard Class",SW-20275,"Scott Williamson",Consumer,"United States",Michigan,"Royal Oak",48073,Central,1183,OFF-PA-10002259,"Geographics Note Cards Blank White 8 1/2 x 11","Office Supplies",Paper,NULL,2,0.00,10.742400
186,186,108,US-2023-100293,2023-03-14,2023-03-18,4,"Standard Class",NF-18475,"Neil Französisch","Home Office","United States",Florida,Jacksonville,32216,South,1041,OFF-PA-10000176,"Xerox 1887","Office Supplies",Paper,91.056000,6,0.20,31.869600
81,81,109,US-2023-100328,2023-01-28,2023-02-03,6,"Standard Class",JC-15340,"Jasper Cacioppo",Consumer,"United States","New York","New York City",10024,East,664,OFF-BI-10000343,"Pressboard Covers with Storage Hooks 9 1/2 x 11 Light Blue","Office Supplies",Binders,3.928000,1,0.20,1.325700
345,345,110,US-2023-100363,2023-04-08,2023-04-15,7,"Standard Class",JM-15655,"Jim Mitchum",Corporate,"United States",Arizona,Glendale,85301,West,921,OFF-FA-10000611,"Binder Clips by OIC","Office Supplies",Fasteners,2.368000,2,0.20,0.828800
347,347,110,US-2023-100363,2023-04-08,2023-04-15,7,"Standard Class",JM-15655,"Jim Mitchum",Corporate,"United States",Arizona,Glendale,85301,West,1299,OFF-PA-10004733,"Things To Do Today Spiral Book","Office Supplies",Paper,19.008000,3,0.20,6.890400
530,530,111,US-2023-100391,2023-05-25,2023-05-29,4,"Standard Class",BW-11065,"Barry Weirich",Consumer,"United States","New York","New York City",10035,East,1122,OFF-PA-10001471,"Strathmore Photo Frame Cards","Office Supplies",Paper,14.620000,2,0.00,6.725200
372,372,112,US-2023-100678,2023-04-18,2023-04-22,4,"Standard Class",KM-16720,"Kunst Miller",Consumer,"United States",Texas,Houston,77095,Central,95,FUR-CH-10002602,"DMI Arturo Collection Mission-style Design Wood Chair",Furniture,Chairs,317.058000,3,0.30,-18.117600
374,374,112,US-2023-100678,2023-04-18,2023-04-22,4,"Standard Class",KM-16720,"Kunst Miller",Consumer,"United States",Texas,Houston,77095,Central,542,OFF-AR-10001868,"Prang Dustless Chalk Sticks","Office Supplies",Art,2.688000,2,0.20,1.008000
376,376,112,US-2023-100678,2023-04-18,2023-04-22,4,"Standard Class",KM-16720,"Kunst Miller",Consumer,"United States",Texas,Houston,77095,Central,860,OFF-EN-10000056,"Cameo Buff Policy Envelopes","Office Supplies",Envelopes,149.352000,3,0.20,50.406300
378,378,112,US-2023-100678,2023-04-18,2023-04-22,4,"Standard Class",KM-16720,"Kunst Miller",Consumer,"United States",Texas,Houston,77095,Central,1494,TEC-AC-10000474,"Kensington Expert Mouse Optical USB Trackball for PC or Mac",Technology,Accessories,227.976000,3,0.20,28.497000
1885,1885,113,US-2023-100706,2023-12-16,2023-12-18,2,"Second Class",LE-16810,"Laurel Elliston",Consumer,"United States",Virginia,Springfield,22153,South,222,FUR-FU-10002268,"Ultra Door Push Plate",Furniture,Furnishings,29.460000,6,0.00,9.721800
1892,1892,113,US-2023-100706,2023-12-16,2023-12-18,2,"Second Class",LE-16810,"Laurel Elliston",Consumer,"United States",Virginia,Springfield,22153,South,1517,TEC-AC-10001314,"Case Logic 2.4GHz Wireless Keyboard",Technology,Accessories,99.980000,2,0.00,7.998400
1685,1685,114,US-2023-100762,2023-11-24,2023-11-29,5,"Standard Class",NG-18355,"Nat Gilpin",Corporate,"United States",Michigan,Jackson,49201,Central,491,OFF-AR-10000380,"Hunt PowerHouse Electric Pencil Sharpener Blue","Office Supplies",Art,151.920000,4,0.00,45.576000
1689,1689,114,US-2023-100762,2023-11-24,2023-11-29,5,"Standard Class",NG-18355,"Nat Gilpin",Corporate,"United States",Michigan,Jackson,49201,Central,1011,OFF-LA-10003930,"Dot Matrix Printer Tape Reel Labels White 5000/Box","Office Supplies",Labels,196.620000,2,0.00,96.343800
1691,1691,114,US-2023-100762,2023-11-24,2023-11-29,5,"Standard Class",NG-18355,"Nat Gilpin",Corporate,"United States",Michigan,Jackson,49201,Central,1148,OFF-PA-10001815,"Xerox 1885","Office Supplies",Paper,144.120000,3,0.00,69.177600
1692,1692,114,US-2023-100762,2023-11-24,2023-11-29,5,"Standard Class",NG-18355,"Nat Gilpin",Corporate,"United States",Michigan,Jackson,49201,Central,1271,OFF-PA-10004082,"Adams Telephone Message Book w/Frequently-Called Numbers Space 400 Messages per Book","Office Supplies",Paper,15.960000,2,0.00,7.980000
1116,1116,115,US-2023-100853,2023-09-14,2023-09-19,5,"Standard Class",JB-15400,"Jennifer Braxton",Corporate,"United States",Illinois,Chicago,60623,Central,403,OFF-AP-10000891,"Kensington 7 Outlet MasterPiece HOMEOFFICE Power Control Center","Office Supplies",Appliances,52.448000,2,0.80,-131.120000
1124,1124,115,US-2023-100853,2023-09-14,2023-09-19,5,"Standard Class",JB-15400,"Jennifer Braxton",Corporate,"United States",Illinois,Chicago,60623,Central,999,OFF-LA-10003148,"Avery 51","Office Supplies",Labels,NULL,4,0.20,6.552000
264,264,116,US-2023-100860,2023-03-26,2023-03-30,4,"Second Class",CS-12505,"Cindy Stewart",Consumer,"United States",California,Pomona,91767,West,984,OFF-LA-10001982,"Smead Alpha-Z Color-Coded Name Labels First Letter Starter Set","Office Supplies",Labels,18.750000,5,0.00,9.000000
1377,1377,117,US-2023-100867,2023-10-19,2023-10-24,5,"Standard Class",EH-14125,"Eugene Hildebrand","Home Office","United States",California,Lakewood,90712,West,1891,TEC-PH-10004922,"RCA Visys Integrated PBX 8-Line Router",Technology,Phones,321.552000,6,0.20,20.097000
270,270,118,US-2023-100881,2023-03-28,2023-04-01,4,"Standard Class",DR-12940,"Daniel Raglin","Home Office","United States","New Mexico",Albuquerque,87105,West,1836,TEC-PH-10003273,"AT&T TR1909W",Technology,Phones,302.376000,3,0.20,22.678200
569,569,119,US-2023-100895,2023-06-02,2023-06-06,4,"Standard Class",SV-20785,"Stewart Visinsky",Consumer,"United States",Georgia,Roswell,30076,South,631,OFF-AR-10004511,"Sanford Colorific Scented Colored Pencils 12/Pack","Office Supplies",Art,8.560000,2,0.00,2.653600
571,571,119,US-2023-100895,2023-06-02,2023-06-06,4,"Standard Class",SV-20785,"Stewart Visinsky",Consumer,"United States",Georgia,Roswell,30076,South,1365,OFF-ST-10001490,"Hot File 7-Pocket Floor Stand","Office Supplies",Storage,356.940000,2,0.00,107.082000
572,572,119,US-2023-100895,2023-06-02,2023-06-06,4,"Standard Class",SV-20785,"Stewart Visinsky",Consumer,"United States",Georgia,Roswell,30076,South,1749,TEC-PH-10001425,"Mophie Juice Pack Helium for iPhone",Technology,Phones,239.970000,3,0.00,67.191600
1390,1390,120,US-2023-100916,2023-10-21,2023-10-26,5,"Standard Class",FH-14275,"Frank Hawley",Corporate,"United States",Virginia,"Newport News",23602,South,380,FUR-TA-10004607,"Hon 2111 Invitation Series Straight Table",Furniture,Tables,591.320000,320,0.00,112.350800
1392,1392,120,US-2023-100916,2023-10-21,2023-10-26,5,"Standard Class",FH-14275,"Frank Hawley",Corporate,"United States",Virginia,"Newport News",23602,South,511,OFF-AR-10001022,"SANFORD Liquid Accent Tank-Style Highlighters","Office Supplies",Art,2.840000,1,0.00,0.880400
1394,1394,120,US-2023-100916,2023-10-21,2023-10-26,5,"Standard Class",FH-14275,"Frank Hawley",Corporate,"United States",Virginia,"Newport News",23602,South,1417,OFF-ST-10003479,"Eldon Base for stackable storage shelf platinum","Office Supplies",Storage,194.700000,5,0.00,9.735000
1638,1638,121,US-2023-100972,2023-11-19,2023-11-24,5,"Second Class",DB-13360,"Dennis Bolton","Home Office","United States",Utah,"Salt Lake City",84106,West,1059,OFF-PA-10000357-1,"Xerox 1888","Office Supplies",Paper,166.440000,3,0.00,79.891200
1772,1772,122,US-2023-101147,2023-12-02,2023-12-04,2,"First Class",MC-17575,"Matt Collins",Consumer,"United States",Illinois,Chicago,60623,Central,472,OFF-AP-10004249,"Staple holder","Office Supplies",Appliances,2.394000,1,0.80,-6.344100
1839,1839,123,US-2023-101175,2023-12-09,2023-12-14,5,"Standard Class",DM-12955,"Dario Medina",Corporate,"United States",Arizona,Mesa,85204,West,1441,OFF-ST-10004950,"Acco Perma 3000 Stacking Storage Drawers","Office Supplies",Storage,100.704000,6,0.20,-1.258800
983,983,124,US-2023-101266,2023-08-27,2023-08-30,3,"Second Class",MM-17920,"Michael Moore",Consumer,"United States",Virginia,Springfield,22153,South,1216,OFF-PA-10002986,"Xerox 1898","Office Supplies",Paper,13.360000,2,0.00,6.412800
1940,1940,125,US-2023-101364,2023-12-22,2023-12-26,4,"Standard Class",TW-21025,"Tamara Willingham","Home Office","United States","New York","New York City",10011,East,811,OFF-BI-10003984,"Lock-Up Easel 'Spel-Binder'","Office Supplies",Binders,296.712000,13,0.20,100.140300
1819,1819,126,US-2023-101392,2023-12-07,2023-12-13,6,NULL,AS-10630,"Ann Steele","Home Office","United States",Washington,Seattle,98103,West,1325,OFF-ST-10000532,"Advantus Rolling Drawer Organizers","Office Supplies",Storage,269.360000,7,0.00,70.033600
1971,1971,127,US-2023-101427,2023-12-26,2023-12-30,4,"Standard Class",AY-10555,"Andy Yotov",Corporate,"United States",Pennsylvania,Philadelphia,19140,East,559,OFF-AR-10002257,"Eldon Spacemaker Box Quick-Snap Lid Clear","Office Supplies",Art,8.016000,3,0.20,1.102200
383,383,128,US-2023-101462,2023-04-20,2023-04-25,5,NULL,BP-11230,"Benjamin Patterson",Consumer,"United States",California,"Los Angeles",90045,West,157,FUR-FU-10000409,"GE 4 Foot Flourescent Tube 40 Watt",Furniture,Furnishings,59.920000,4,0.00,27.563200
1096,1096,129,US-2023-101476,2023-09-12,2023-09-13,1,"First Class",SD-20485,"Shirley Daniels","Home Office","United States","New York","New Rochelle",10801,East,1643,TEC-MA-10000029,"Epson WorkForce WF-2530 All-in-One Printer Copier Scanner",Technology,Machines,69.990000,1,0.00,30.095700
1734,1734,130,US-2023-101560,2023-11-28,2023-12-01,3,"Second Class",CS-12250,"Chris Selesnick",Corporate,"United States","South Carolina",Columbia,29203,South,274,FUR-FU-10003773,"Eldon Cleatmat Plus Chair Mats for High Pile Carpets",Furniture,Furnishings,397.600000,5,0.00,43.736000
1737,1737,130,US-2023-101560,2023-11-28,2023-12-01,3,"Second Class",CS-12250,"Chris Selesnick",Corporate,"United States","South Carolina",Columbia,29203,South,640,OFF-AR-10004757,"Crayola Colored Pencils","Office Supplies",Art,13.120000,4,0.00,4.329600
1738,1738,130,US-2023-101560,2023-11-28,2023-12-01,3,"Second Class",CS-12250,"Chris Selesnick",Corporate,"United States","South Carolina",Columbia,29203,South,661,OFF-BI-10000309,"GBC Twin Loop Wire Binding Elements 9/16 Spine Black","Office Supplies",Binders,45.660000,3,0.00,22.373400
1742,1742,130,US-2023-101560,2023-11-28,2023-12-01,3,"Second Class",CS-12250,"Chris Selesnick",Corporate,"United States","South Carolina",Columbia,29203,South,1118,OFF-PA-10001363,"Xerox 1933","Office Supplies",Paper,85.960000,7,0.00,40.401200
1876,1876,131,US-2023-101602,2023-12-15,2023-12-18,3,"First Class",MC-18100,"Mick Crebagga",Consumer,"United States",Texas,"El Paso",79907,Central,130,FUR-CH-10004675,"Lifetime Advantage Folding Chairs 4/Carton",Furniture,Chairs,763.280000,5,0.30,-21.808000
1879,1879,131,US-2023-101602,2023-12-15,2023-12-18,3,"First Class",MC-18100,"Mick Crebagga",Consumer,"United States",Texas,"El Paso",79907,Central,1713,TEC-PH-10000169,"ARKON Windshield Dashboard Air Vent Car Mount Holder",Technology,Phones,40.680000,3,0.20,-9.153000
284,284,132,US-2023-101770,2023-03-31,2023-04-04,4,"Standard Class",KB-16240,"Karen Bern",Corporate,"United States",Florida,Miami,33180,South,689,OFF-BI-10001097,"Avery Hole Reinforcements","Office Supplies",Binders,1.869000,1,0.70,-1.308300
1611,1611,133,US-2023-101833,2023-11-17,2023-11-22,5,"Second Class",FG-14260,"Frank Gastineau","Home Office","United States","New York","New York City",10024,East,1243,OFF-PA-10003591,"Southworth 100% Cotton The Best Paper","Office Supplies",Paper,34.440000,3,0.00,17.220000
1407,1407,134,US-2023-101931,2023-10-28,2023-10-31,3,"First Class",TS-21370,"Todd Sumrall",Corporate,"United States",California,"Los Angeles",90049,West,7,FUR-BO-10001337,"O'Sullivan Living Dimensions 2-Shelf Bookcases",Furniture,Bookcases,616.998000,6,0.15,-36.294000
1408,1408,134,US-2023-101931,2023-10-28,2023-10-31,3,"First Class",TS-21370,"Todd Sumrall",Corporate,"United States",California,"Los Angeles",90049,West,819,OFF-BI-10004140,"Avery Non-Stick Binders","Office Supplies",Binders,7.184000,2,0.20,2.245000
1409,1409,134,US-2023-101931,2023-10-28,2023-10-31,3,"First Class",TS-21370,"Todd Sumrall",Corporate,"United States",California,"Los Angeles",90049,West,1414,OFF-ST-10003442,"Eldon Portable Mobile Manager","Office Supplies",Storage,141.400000,5,0.00,38.178000
1410,1410,134,US-2023-101931,2023-10-28,2023-10-31,3,"First Class",TS-21370,"Todd Sumrall",Corporate,"United States",California,"Los Angeles",90049,West,1448,OFF-SU-10000646,"Premier Automatic Letter Opener","Office Supplies",Supplies,480.740000,2,0.00,14.422200
1411,1411,134,US-2023-101931,2023-10-28,2023-10-31,3,"First Class",TS-21370,"Todd Sumrall",Corporate,"United States",California,"Los Angeles",90049,West,1460,OFF-SU-10002301,"Serrated Blade or Curved Handle Hand Letter Openers","Office Supplies",Supplies,6.280000,NULL,0.00,0.062800
1265,1265,135,US-2023-102008,2023-09-30,2023-10-04,4,"Standard Class",RA-19915,"Russell Applegate",Consumer,"United States","New York","New York City",10011,East,1272,OFF-PA-10004092,"Tops Green Bar Computer Printout Paper","Office Supplies",Paper,48.940000,1,0.00,24.470000
459,459,136,US-2023-102071,2023-05-09,2023-05-15,6,"Standard Class",PG-18820,"Patrick Gardner",Consumer,"United States",California,"San Francisco",94110,West,1484,TEC-AC-10000109,"Sony Micro Vault Click 16 GB USB 2.0 Flash Drive",Technology,Accessories,167.970000,3,0.00,40.312800
460,460,136,US-2023-102071,2023-05-09,2023-05-15,6,"Standard Class",PG-18820,"Patrick Gardner",Consumer,"United States",California,"San Francisco",94110,West,1586,TEC-AC-10003441,"Kingston Digital DataTraveler 32GB USB 2.0",Technology,Accessories,67.800000,4,0.00,4.068000
1290,1290,137,US-2023-102085,2023-10-04,2023-10-09,5,"Standard Class",JD-16015,"Joy Daniels",Consumer,"United States",Washington,Seattle,98115,West,993,OFF-LA-10002475,"Avery 519","Office Supplies",Labels,29.240000,4,0.00,13.742800
1651,1651,138,US-2023-102274,2023-11-21,2023-11-26,5,"Standard Class",DH-13075,"Dave Hallsten",Corporate,"United States",Kentucky,Richmond,40475,South,573,OFF-AR-10002833,"Newell 322","Office Supplies",Art,NULL,NULL,0.00,1.474200
1655,1655,138,US-2023-102274,2023-11-21,2023-11-26,5,"Standard Class",DH-13075,"Dave Hallsten",Corporate,"United States",Kentucky,Richmond,40475,South,1284,OFF-PA-10004359,"Multicolor Computer Printout Paper","Office Supplies",Paper,629.100000,6,0.00,301.968000
1656,1656,138,US-2023-102274,2023-11-21,2023-11-26,5,"Standard Class",DH-13075,"Dave Hallsten",Corporate,"United States",Kentucky,Richmond,40475,South,1368,OFF-ST-10001511,"Space Solutions Commercial Steel Shelving","Office Supplies",Storage,193.950000,3,0.00,9.697500
1658,1658,138,US-2023-102274,2023-11-21,2023-11-26,5,"Standard Class",DH-13075,"Dave Hallsten",Corporate,"United States",Kentucky,Richmond,40475,South,1827,TEC-PH-10002923,"Logitech B530 USB Headset - headset - Full size Binaural",Technology,Phones,36.990000,1,0.00,NULL
1681,1681,139,US-2023-102295,2023-11-24,2023-11-26,2,"Second Class",EH-13990,"Erica Hackney",Consumer,"United States",California,Sacramento,95823,West,76,FUR-CH-10001714,"Global Leather & Oak Executive Chair Burgundy",Furniture,Chairs,120.712000,1,0.20,-18.106800
2008,2008,140,US-2023-102330,2023-12-29,2024-01-03,5,"Standard Class",AI-10855,"Arianne Irving",Consumer,"United States",California,Brentwood,94513,West,1010,OFF-LA-10003923,"Alphabetical Labels for Top Tab Filing","Office Supplies",Labels,88.800000,6,0.00,44.400000
2014,2014,140,US-2023-102330,2023-12-29,2024-01-03,5,"Standard Class",AI-10855,"Arianne Irving",Consumer,"United States",California,Brentwood,94513,West,1738,TEC-PH-10001051,"HTC One",Technology,Phones,319.968000,4,0.20,35.996400
1856,1856,141,US-2023-102631,2023-12-13,2023-12-17,4,"Standard Class",EB-13840,"Ellis Ballard",Corporate,"United States",Illinois,Chicago,60623,Central,283,FUR-FU-10003930,"Howard Miller 12-3/4 Diameter Accuwave DS  Wall Clock",Furniture,Furnishings,94.428000,3,0.60,-42.492600
68,68,142,US-2023-102645,2023-01-23,2023-01-28,5,"Standard Class",IM-15055,"Ionia McGrath",Consumer,"United States",Nevada,"Las Vegas",89115,West,1147,OFF-PA-10001804,"Xerox 195","Office Supplies",Paper,40.080000,6,0.00,19.238400
324,324,143,US-2023-102652,2023-04-06,2023-04-12,6,"Standard Class",AY-10555,"Andy Yotov",Corporate,"United States",California,"Los Angeles",90049,West,167,FUR-FU-10000747,"Tenex B1-RE Series Chair Mats for Low Pile Carpets",Furniture,Furnishings,91.960000,2,0.00,15.633200
325,325,143,US-2023-102652,2023-04-06,2023-04-12,6,"Standard Class",AY-10555,"Andy Yotov",Corporate,"United States",California,"Los Angeles",90049,West,205,FUR-FU-10001918,"C-Line Cubicle Keepers Polyproplyene Holder With Velcro Backings",Furniture,Furnishings,33.110000,7,0.00,12.912900
331,331,143,US-2023-102652,2023-04-06,2023-04-12,6,"Standard Class",AY-10555,"Andy Yotov",Corporate,"United States",California,"Los Angeles",90049,West,1165,OFF-PA-10001977,"Xerox 194","Office Supplies",Paper,55.480000,1,0.00,26.630400
332,332,143,US-2023-102652,2023-04-06,2023-04-12,6,"Standard Class",AY-10555,"Andy Yotov",Corporate,"United States",California,"Los Angeles",90049,West,1235,OFF-PA-10003309,"Xerox 211","Office Supplies",Paper,19.440000,3,0.00,9.331200
1439,1439,144,US-2023-102673,2023-11-01,2023-11-05,4,"Standard Class",KH-16630,"Ken Heidel",Corporate,"United States","North Carolina",Charlotte,28205,South,500,OFF-AR-10000634,"Newell 320","Office Supplies",Art,10.272000,3,0.20,0.898800
1444,1444,144,US-2023-102673,2023-11-01,2023-11-05,4,"Standard Class",KH-16630,"Ken Heidel",Corporate,"United States","North Carolina",Charlotte,28205,South,944,OFF-FA-10003021,Staples,"Office Supplies",Fasteners,7.520000,5,0.20,1.410000
1445,1445,144,US-2023-102673,2023-11-01,2023-11-05,4,"Standard Class",KH-16630,"Ken Heidel",Corporate,"United States","North Carolina",Charlotte,28205,South,982,OFF-LA-10001771,"Avery 513","Office Supplies",Labels,47.808000,12,0.55,15.537600
1454,1454,144,US-2023-102673,2023-11-01,2023-11-05,4,"Standard Class",KH-16630,"Ken Heidel",Corporate,"United States","North Carolina",Charlotte,28205,South,1872,TEC-PH-10004434,"Cisco IP Phone 7961G VoIP phone - Dark gray",Technology,Phones,NULL,9,0.20,NULL
350,350,145,US-2023-102715,2023-04-11,2023-04-13,2,"Second Class",JK-15370,"Jay Kimmel",Consumer,"United States",Florida,Miami,33180,South,930,OFF-FA-10001332,"Acco Banker's Clasps 5 3/4-Long","Office Supplies",Fasteners,NULL,3,0.20,2.332800
351,351,145,US-2023-102715,2023-04-11,2023-04-13,2,"Second Class",JK-15370,"Jay Kimmel",Consumer,"United States",Florida,Miami,33180,South,1029,OFF-PA-10000029,"Xerox 224","Office Supplies",Paper,10.368000,2,0.20,3.628800
353,353,145,US-2023-102715,2023-04-11,2023-04-13,2,"Second Class",JK-15370,"Jay Kimmel",Consumer,"United States",Florida,Miami,33180,South,1533,TEC-AC-10001874,"Logitech Wireless Anywhere Mouse MX for PC and Mac",Technology,Accessories,335.944000,7,0.20,41.993000
354,354,145,US-2023-102715,2023-04-11,2023-04-13,2,"Second Class",JK-15370,"Jay Kimmel",Consumer,"United States",Florida,Miami,33180,South,1538,TEC-AC-10002001,"Logitech Wireless Gaming Headset G930",Technology,Accessories,383.976000,3,0.20,81.594900
1067,1067,146,US-2023-102869,2023-09-09,2023-09-14,5,"Second Class",LC-17140,"Logan Currie",Consumer,"United States",Pennsylvania,Philadelphia,19140,East,228,FUR-FU-10002456,"Master Caster Door Stop Large Neon Orange",Furniture,Furnishings,17.472000,3,0.20,5.023200
1071,1071,146,US-2023-102869,2023-09-09,2023-09-14,5,"Second Class",LC-17140,"Logan Currie",Consumer,"United States",Pennsylvania,Philadelphia,19140,East,1089,OFF-PA-10000788,"Xerox 210","Office Supplies",Paper,15.552000,3,0.20,5.443200
1076,1076,146,US-2023-102869,2023-09-09,2023-09-14,5,"Second Class",LC-17140,"Logan Currie",Consumer,"United States",Pennsylvania,Philadelphia,19140,East,1544,TEC-AC-10002134,"Rosewill 107 Normal Keys USB Wired Standard Keyboard",Technology,Accessories,64.704000,6,0.20,-4.852800
1078,1078,146,US-2023-102869,2023-09-09,2023-09-14,5,"Second Class",LC-17140,"Logan Currie",Consumer,"United States",Pennsylvania,Philadelphia,19140,East,1806,TEC-PH-10002549,"Polycom SoundPoint IP 450 VoIP phone",Technology,Phones,135.516000,1,0.40,NULL
311,311,147,US-2023-102988,2023-04-05,2023-04-09,4,"Second Class",GM-14695,"Greg Maxwell",Corporate,"United States",Virginia,Alexandria,22304,South,485,OFF-AR-10000127,"Newell 321","Office Supplies",Art,22.960000,7,0.00,NULL
314,314,147,US-2023-102988,2023-04-05,2023-04-09,4,"Second Class",GM-14695,"Greg Maxwell",Corporate,"United States",Virginia,Alexandria,22304,South,640,OFF-AR-10004757,"Crayola Colored Pencils","Office Supplies",Art,22.960000,7,0.00,7.576800
317,317,147,US-2023-102988,2023-04-05,2023-04-09,4,"Second Class",GM-14695,"Greg Maxwell",Corporate,"United States",Virginia,Alexandria,22304,South,1236,OFF-PA-10003349,"Xerox 1957","Office Supplies",Paper,12.960000,2,0.00,6.350400
322,322,147,US-2023-102988,2023-04-05,2023-04-09,4,"Second Class",GM-14695,"Greg Maxwell",Corporate,"United States",Virginia,Alexandria,22304,South,1466,OFF-SU-10002881,"Martin Yale Chadless Opener Electric Letter Opener","Office Supplies",Supplies,4164.050000,5,0.00,83.281000
323,323,147,US-2023-102988,2023-04-05,2023-04-09,4,"Second Class",GM-14695,"Greg Maxwell",Corporate,"United States",Virginia,Alexandria,22304,South,1763,TEC-PH-10001615,"AT&T CL82213",Technology,Phones,28.990000,1,0.00,8.407100
803,803,148,US-2023-103058,2023-07-23,2023-07-24,1,"First Class",AG-10270,"Alejandro Grove",Consumer,"United States","New York","New York City",10011,East,1517,TEC-AC-10001314,"Case Logic 2.4GHz Wireless Keyboard",Technology,Accessories,99.980000,2,0.00,7.998400
1359,1359,149,US-2023-103086,2023-10-17,2023-10-19,2,"Second Class",EB-14170,"Evan Bailliet",Consumer,"United States",Texas,Houston,77095,Central,307,FUR-FU-10004586,"G.E. Longer-Life Indoor Recessed Floodlight Bulbs",Furniture,Furnishings,5.312000,2,0.60,-1.593600
1922,1922,150,US-2023-103100,2023-12-20,2023-12-23,3,"First Class",AB-10105,"Adrian Barton",Consumer,"United States",Indiana,Indianapolis,46203,Central,842,OFF-BI-10004600,"Ibico Ibimaster 300 Manual Binding System","Office Supplies",Binders,1103.970000,3,0.00,496.786500
1925,1925,150,US-2023-103100,2023-12-20,2023-12-23,3,"First Class",AB-10105,"Adrian Barton",Consumer,"United States",Indiana,Indianapolis,46203,Central,1008,OFF-LA-10003720,"Avery 487","Office Supplies",Labels,3.690000,1,0.00,1.734300
1200,1200,151,US-2023-103191,2023-09-22,2023-09-27,5,"Standard Class",VG-21805,"Vivek Grady",Corporate,"United States",Illinois,Chicago,60653,Central,1398,OFF-ST-10002574,"SAFCO Commercial Wire Shelving Black","Office Supplies",Storage,NULL,3,0.20,-82.884000
1520,1520,152,US-2023-103219,2023-11-09,2023-11-13,4,NULL,BF-11215,"Benjamin Farhat","Home Office","United States","New York","New York City",10035,East,296,FUR-FU-10004091-1,"Eldon 200 Class Desk Accessories Black",Furniture,Furnishings,56.520000,9,0.00,21.477600
462,462,153,US-2023-103310,2023-05-10,2023-05-15,5,"Standard Class",GM-14680,"Greg Matthias",Consumer,"United States",California,"San Jose",95123,West,90,FUR-CH-10002320,"Hon Pagoda Stacking Chairs",Furniture,Chairs,256.784000,1,0.20,32.098000
465,465,153,US-2023-103310,2023-05-10,2023-05-15,5,"Standard Class",GM-14680,"Greg Matthias",Consumer,"United States",California,"San Jose",95123,West,1282,OFF-PA-10004353,"Southworth 25% Cotton Premium Laser Paper and Envelopes","Office Supplies",Paper,39.960000,2,0.00,19.180800
466,466,153,US-2023-103310,2023-05-10,2023-05-15,5,"Standard Class",GM-14680,"Greg Matthias",Consumer,"United States",California,"San Jose",95123,West,1478,OFF-SU-10004737,"Acme Design Stainless Steel Bent Scissors","Office Supplies",Supplies,41.040000,6,0.00,11.080800
467,467,153,US-2023-103310,2023-05-10,2023-05-15,5,"Standard Class",GM-14680,"Greg Matthias",Consumer,"United States",California,"San Jose",95123,West,1772,TEC-PH-10001817,"Wilson Electronics DB Pro Signal Booster",Technology,Phones,1432.000000,400,0.20,125.300000
702,702,154,US-2023-103317,2023-07-05,2023-07-08,3,"First Class",DM-13525,"Don Miller",Corporate,"United States",Florida,"Palm Coast",32137,South,193,FUR-FU-10001591,"Advantus Panel Wall Certificate Holder - 8.5x11",Furniture,Furnishings,19.520000,2,0.20,5.368000
703,703,154,US-2023-103317,2023-07-05,2023-07-08,3,"First Class",DM-13525,"Don Miller",Corporate,"United States",Florida,"Palm Coast",32137,South,253,FUR-FU-10003192,"Luxo Adjustable Task Clamp Lamp",Furniture,Furnishings,213.216000,3,0.20,15.991200
706,706,154,US-2023-103317,2023-07-05,2023-07-08,3,"First Class",DM-13525,"Don Miller",Corporate,"United States",Florida,"Palm Coast",32137,South,724,OFF-BI-10001787,"Wilson Jones Four-Pocket Poly Binders","Office Supplies",Binders,NULL,5,0.70,-6.867000
973,973,155,US-2023-103331,2023-08-26,2023-09-01,6,"Standard Class",KB-16315,"Karl Braun",Consumer,"United States",Delaware,Newark,19711,East,197,FUR-FU-10001731,"Acrylic Self-Standing Desk Frames",Furniture,Furnishings,10.680000,4,0.00,4.058400
975,975,155,US-2023-103331,2023-08-26,2023-09-01,6,"Standard Class",KB-16315,"Karl Braun",Consumer,"United States",Delaware,Newark,19711,East,1174,OFF-PA-10002160,"Xerox 1978","Office Supplies",Paper,17.340000,3,0.00,8.496600
976,976,155,US-2023-103331,2023-08-26,2023-09-01,6,"Standard Class",KB-16315,"Karl Braun",Consumer,"United States",Delaware,Newark,19711,East,1200,OFF-PA-10002659,"Avoid Verbal Orders Carbonless Minifold Book","Office Supplies",Paper,3.380000,80,0.00,1.554800
174,174,156,US-2023-103338,2023-03-11,2023-03-15,4,"Standard Class",RB-19435,"Richard Bierner",Consumer,"United States",California,Roseville,95661,West,540,OFF-AR-10001770,"Economy #2 Pencils","Office Supplies",Art,7.980000,3,0.00,2.074800
34,34,157,US-2023-103366,2023-01-15,2023-01-17,2,"First Class",EH-13990,"Erica Hackney",Consumer,"United States",Georgia,Roswell,30076,South,1592,TEC-AC-10003628,"Logitech 910-002974 M325 Wireless Mouse for Web Scrolling",Technology,Accessories,149.950000,5,0.00,65.978000
492,492,158,US-2023-103373,2023-05-18,2023-05-24,6,"Standard Class",BS-11755,"Bruce Stewart",Consumer,"United States",Ohio,Cleveland,44105,East,1824,TEC-PH-10002885,"Apple iPhone 5",Technology,Phones,779.796000,2,0.40,-168.955800
1654,1654,159,US-2023-103401,2023-11-21,2023-11-26,5,"Standard Class",GR-14560,"Georgia Rosenberg",Corporate,"United States",California,"San Francisco",94110,West,1235,OFF-PA-10003309,"Xerox 211","Office Supplies",Paper,12.960000,2,0.00,6.220800
548,548,160,US-2023-103429,2023-05-30,2023-06-01,2,"First Class",LW-16825,"Laurel Workman",Corporate,"United States","New York","New York City",10024,East,405,OFF-AP-10001005,"Honeywell Quietcare HEPA Air Cleaner","Office Supplies",Appliances,235.950000,3,0.00,77.863500
550,550,160,US-2023-103429,2023-05-30,2023-06-01,2,"First Class",LW-16825,"Laurel Workman",Corporate,"United States","New York","New York City",10024,East,826,OFF-BI-10004233,"GBC Pre-Punched Binding Paper Plastic White 8-1/2 x 11","Office Supplies",Binders,25.584000,2,0.20,8.954400
552,552,160,US-2023-103429,2023-05-30,2023-06-01,2,"First Class",LW-16825,"Laurel Workman",Corporate,"United States","New York","New York City",10024,East,1137,OFF-PA-10001712,"Xerox 1948","Office Supplies",Paper,39.960000,4,0.00,17.982000
554,554,160,US-2023-103429,2023-05-30,2023-06-01,2,"First Class",LW-16825,"Laurel Workman",Corporate,"United States","New York","New York City",10024,East,1842,TEC-PH-10003505,"Geemarc AmpliPOWER60",Technology,Phones,464.000000,5,0.00,134.560000
1315,1315,161,US-2023-103492,2023-10-10,2023-10-15,5,"Standard Class",CM-12715,"Craig Molinari",Corporate,"United States",Texas,Huntsville,77340,Central,819,OFF-BI-10004140,"Avery Non-Stick Binders","Office Supplies",Binders,0.898000,1,0.80,-1.571500
1316,1316,161,US-2023-103492,2023-10-10,2023-10-15,5,"Standard Class",CM-12715,"Craig Molinari",Corporate,"United States",Texas,Huntsville,77340,Central,852,OFF-BI-10004817,"GBC Personal VeloBind Strips","Office Supplies",Binders,NULL,5,0.80,-19.168000
1319,1319,161,US-2023-103492,2023-10-10,2023-10-15,5,"Standard Class",CM-12715,"Craig Molinari",Corporate,"United States",Texas,Huntsville,77340,Central,1741,TEC-PH-10001128,"Motorola Droid Maxx",Technology,Phones,NULL,6,0.20,71.995200
1320,1320,161,US-2023-103492,2023-10-10,2023-10-15,5,"Standard Class",CM-12715,"Craig Molinari",Corporate,"United States",Texas,Huntsville,77340,Central,1881,TEC-PH-10004667,"Cisco 8x8 Inc. 6753i IP Business Phone System",Technology,Phones,755.944000,7,0.20,66.145100
1073,1073,162,US-2023-103527,2023-09-09,2023-09-14,5,"Second Class",CC-12220,"Chris Cortes",Consumer,"United States",Illinois,Chicago,60653,Central,1132,OFF-PA-10001622,"Ampad Poly Cover Wirebound Steno Book 6 x 9 Assorted Colors Gregg Ruled","Office Supplies",Paper,10.896000,3,0.20,3.405000
1752,1752,163,US-2023-103590,2023-11-30,2023-12-04,4,"Standard Class",JL-15505,"Jeremy Lonsdale",Consumer,"United States","New York","Mount Vernon",10550,East,904,OFF-EN-10004007,"Park Ridge Embossed Executive Business Envelopes","Office Supplies",Envelopes,62.280000,4,0.00,29.271600
972,972,164,US-2023-103660,2023-08-25,2023-08-30,5,"Standard Class",MW-18220,"Mitch Webber",Consumer,"United States",Washington,Seattle,98103,West,1734,TEC-PH-10000895,"Polycom VVX 310 VoIP phone",Technology,Phones,1007.944000,7,0.20,75.595800
1089,1089,165,US-2023-103702,2023-09-12,2023-09-17,5,"Standard Class",AF-10885,"Art Foster",Consumer,"United States",Ohio,Fairfield,45014,East,749,OFF-BI-10002429,"Premier Elliptical Ring Binder Black","Office Supplies",Binders,63.924000,7,0.70,-46.877600
126,126,166,US-2023-103744,2023-02-23,2023-02-27,4,"Standard Class",MG-17875,"Michael Grace","Home Office","United States",Texas,"El Paso",79907,Central,663,OFF-BI-10000320,"GBC Plastic Binding Combs","Office Supplies",Binders,4.428000,3,0.80,-6.863400
127,127,166,US-2023-103744,2023-02-23,2023-02-27,4,"Standard Class",MG-17875,"Michael Grace","Home Office","United States",Texas,"El Paso",79907,Central,1019,OFF-LA-10004425,"Staple-on labels","Office Supplies",Labels,6.936000,3,0.20,2.340900
1,1,167,US-2023-103800,2023-01-03,2023-01-07,4,"Standard Class",DP-13000,"Darren Powers",Consumer,"United States",Texas,Houston,77095,Central,1040,OFF-PA-10000174,"Message Book Wirebound Four 5 1/2 X 4 Forms/Pg. 200 Dupl. Sets/Book","Office Supplies",Paper,16.448000,2,0.20,5.551200
1776,1776,168,US-2023-103807,2023-12-02,2023-12-09,7,"Standard Class",EM-13825,"Elizabeth Moffitt",Corporate,"United States",Georgia,"Sandy Springs",30328,South,1175,OFF-PA-10002195,"RSVP Cards & Envelopes Blank White 8-1/2 X 11 24 Cards/25 Envelopes/Set","Office Supplies",Paper,15.240000,3,0.00,7.162800
1778,1778,168,US-2023-103807,2023-12-02,2023-12-09,7,"Standard Class",EM-13825,"Elizabeth Moffitt",Corporate,"United States",Georgia,"Sandy Springs",30328,South,1487,TEC-AC-10000199,"Kingston Digital DataTraveler 8GB USB 2.0",Technology,Accessories,5.950000,1,0.00,0.833000
470,470,169,US-2023-103849,2023-05-11,2023-05-16,5,"Standard Class",PG-18895,"Paul Gonzalez",Consumer,"United States",Texas,"Fort Worth",76106,Central,165,FUR-FU-10000723,"Deflect-o EconoMat Studded No Bevel Mat for Low Pile Carpeting",Furniture,Furnishings,66.112000,4,0.60,-84.292800
475,475,169,US-2023-103849,2023-05-11,2023-05-16,5,"Standard Class",PG-18895,"Paul Gonzalez",Consumer,"United States",Texas,"Fort Worth",76106,Central,1521,TEC-AC-10001465,"SanDisk Cruzer 64 GB USB Flash Drive",Technology,Accessories,58.112000,2,0.20,7.264000
476,476,169,US-2023-103849,2023-05-11,2023-05-16,5,"Standard Class",PG-18895,"Paul Gonzalez",Consumer,"United States",Texas,"Fort Worth",76106,Central,1812,TEC-PH-10002597,"Xblue XB-1670-86 X16 Small Office Telephone - Titanium",Technology,Phones,100.792000,1,0.20,6.299500
755,755,170,US-2023-103905,2023-07-14,2023-07-20,6,"Standard Class",AW-10930,"Arthur Wiediger","Home Office","United States",Illinois,Aurora,60505,Central,690,OFF-BI-10001098,"Acco D-Ring Binder w/DublLock","Office Supplies",Binders,29.932000,7,0.80,-46.394600
757,757,170,US-2023-103905,2023-07-14,2023-07-20,6,"Standard Class",AW-10930,"Arthur Wiediger","Home Office","United States",Illinois,Aurora,60505,Central,1759,TEC-PH-10001552,"I Need's 3d Hello Kitty Hybrid Silicone Case Cover for HTC One X 4g with 3d Hello Kitty Stylus Pen Green/pink",Technology,Phones,38.272000,4,0.20,3.827200
1135,1135,171,US-2023-103940,2023-09-17,2023-09-21,4,"Standard Class",BN-11515,"Bradley Nguyen",Consumer,"United States",Washington,Seattle,98103,West,313,FUR-FU-10004671,"Executive Impressions 12 Wall Clock",Furniture,Furnishings,35.340000,2,0.00,13.429200
1138,1138,171,US-2023-103940,2023-09-17,2023-09-21,4,"Standard Class",BN-11515,"Bradley Nguyen",Consumer,"United States",Washington,Seattle,98103,West,757,OFF-BI-10002735,"GBC Prestige Therm-A-Bind Covers","Office Supplies",Binders,137.240000,5,0.20,46.318500
1144,1144,171,US-2023-103940,2023-09-17,2023-09-21,4,"Standard Class",BN-11515,"Bradley Nguyen",Consumer,"United States",Washington,Seattle,98103,West,1346,OFF-ST-10000943,"Eldon ProFile File 'N Store Portable File Tub Letter/Legal Size Black","Office Supplies",Storage,57.930000,3,0.00,16.220400
1145,1145,171,US-2023-103940,2023-09-17,2023-09-21,4,"Standard Class",BN-11515,"Bradley Nguyen",Consumer,"United States",Washington,Seattle,98103,West,1443,OFF-ST-10004963,"Eldon Gobal File Keepers","Office Supplies",Storage,30.280000,2,0.00,1.211200
229,229,172,US-2023-103989,2023-03-19,2023-03-21,2,"First Class",MC-17605,"Matt Connell",Corporate,"United States",Florida,Lakeland,33801,South,232,FUR-FU-10002508,"Document Clip Frames",Furniture,Furnishings,20.016000,3,0.20,5.504400
230,230,172,US-2023-103989,2023-03-19,2023-03-21,2,"First Class",MC-17605,"Matt Connell",Corporate,"United States",Florida,Lakeland,33801,South,286,FUR-FU-10003981,"Eldon Wave Desk Accessories",Furniture,Furnishings,4.992000,3,0.20,-24.960000
231,231,172,US-2023-103989,2023-03-19,2023-03-21,2,"First Class",MC-17605,"Matt Connell",Corporate,"United States",Florida,Lakeland,33801,South,697,OFF-BI-10001196,"Avery Flip-Chart Easel Binder Black","Office Supplies",Binders,33.570000,5,0.70,-25.737000
232,232,172,US-2023-103989,2023-03-19,2023-03-21,2,"First Class",MC-17605,"Matt Connell",Corporate,"United States",Florida,Lakeland,33801,South,966,OFF-LA-10000443,"Avery 501","Office Supplies",Labels,11.808000,4,0.20,3.985200
233,233,172,US-2023-103989,2023-03-19,2023-03-21,2,"First Class",MC-17605,"Matt Connell",Corporate,"United States",Florida,Lakeland,33801,South,1344,OFF-ST-10000918,Crate-A-Files,"Office Supplies",Storage,26.160000,3,0.20,1.962000
234,234,172,US-2023-103989,2023-03-19,2023-03-21,2,"First Class",MC-17605,"Matt Connell",Corporate,"United States",Florida,Lakeland,33801,South,1564,TEC-AC-10002647,"Logitech Wireless Boombox Speaker - portable - wireless wired",Technology,Accessories,170.240000,2,0.20,53.200000
235,235,172,US-2023-103989,2023-03-19,2023-03-21,2,"First Class",MC-17605,"Matt Connell",Corporate,"United States",Florida,Lakeland,33801,South,1881,TEC-PH-10004667,"Cisco 8x8 Inc. 6753i IP Business Phone System",Technology,Phones,323.976000,3,0.20,28.347900
959,959,173,US-2023-104178,2023-08-25,2023-08-29,4,"Standard Class",JM-15265,"Janet Molinari",Corporate,"United States",California,"Los Angeles",90036,West,170,FUR-FU-10000771,"Eldon 200 Class Desk Accessories Smoke",Furniture,Furnishings,6.280000,1,0.00,2.637600
969,969,173,US-2023-104178,2023-08-25,2023-08-29,4,"Standard Class",JM-15265,"Janet Molinari",Corporate,"United States",California,"Los Angeles",90036,West,1309,OFF-PA-10004983,"Xerox 23","Office Supplies",Paper,25.920000,4,0.00,12.441600
970,970,173,US-2023-104178,2023-08-25,2023-08-29,4,"Standard Class",JM-15265,"Janet Molinari",Corporate,"United States",California,"Los Angeles",90036,West,1432,OFF-ST-10004258,"Portable Personal File Box","Office Supplies",Storage,48.840000,4,0.00,13.186800
971,971,173,US-2023-104178,2023-08-25,2023-08-29,4,"Standard Class",JM-15265,"Janet Molinari",Corporate,"United States",California,"Los Angeles",90036,West,1555,TEC-AC-10002399,"SanDisk Cruzer 32 GB USB Flash Drive",Technology,Accessories,95.100000,5,0.00,30.432000
133,133,174,US-2023-104269,2023-03-01,2023-03-06,5,NULL,DB-13060,"Dave Brooks",Consumer,"United States",Washington,Seattle,98115,West,121,FUR-CH-10004063,"Global Deluxe High-Back Manager's Chair",Furniture,Chairs,457.568000,2,0.20,51.476400
674,674,175,US-2023-104283,2023-06-27,2023-07-01,4,"Standard Class",LM-17065,"Liz MacKendrick",Consumer,"United States",Mississippi,Southaven,38671,South,332,FUR-TA-10001039,"KI Adjustable-Height Table",Furniture,Tables,85.980000,1,0.00,22.354800
675,675,175,US-2023-104283,2023-06-27,2023-07-01,4,"Standard Class",LM-17065,"Liz MacKendrick",Consumer,"United States",Mississippi,Southaven,38671,South,1433,OFF-ST-10004337,"SAFCO Commercial Wire Shelving 72h","Office Supplies",Storage,306.200000,5,0.00,0.000000
676,676,175,US-2023-104283,2023-06-27,2023-07-01,4,"Standard Class",LM-17065,"Liz MacKendrick",Consumer,"United States",Mississippi,Southaven,38671,South,1484,TEC-AC-10000109,"Sony Micro Vault Click 16 GB USB 2.0 Flash Drive",Technology,Accessories,223.960000,4,0.00,53.750400
629,629,176,US-2023-104402,2023-06-17,2023-06-23,6,"Standard Class",DB-13660,"Duane Benoit",Consumer,"United States",Delaware,Newark,19711,East,1647,TEC-MA-10000423,"Texas Instruments TI-34 Scientific Calculator",Technology,Machines,65.970000,3,0.00,31.005900
568,568,177,US-2023-104472,2023-06-02,2023-06-07,5,"Standard Class",CK-12325,"Christine Kargatis","Home Office","United States",Utah,Orem,84057,West,149,FUR-FU-10000246,"Aluminum Document Frame",Furniture,Furnishings,73.320000,6,0.00,21.996000
570,570,177,US-2023-104472,2023-06-02,2023-06-07,5,"Standard Class",CK-12325,"Christine Kargatis","Home Office","United States",Utah,Orem,84057,West,715,OFF-BI-10001658,"GBC Standard Therm-A-Bind Covers","Office Supplies",Binders,59.808000,3,0.20,19.437600
161,161,178,US-2023-104563,2023-03-07,2023-03-12,5,"Standard Class",CM-12715,"Craig Molinari",Corporate,"United States",Washington,Seattle,98103,West,99,FUR-CH-10002780,"Office Star - Task Chair with Contemporary Loop Arms",Furniture,Chairs,436.704000,6,0.20,21.835200
163,163,178,US-2023-104563,2023-03-07,2023-03-12,5,"Standard Class",CM-12715,"Craig Molinari",Corporate,"United States",Washington,Seattle,98103,West,127,FUR-CH-10004495,"Global Leather and Oak Executive Chair Black",Furniture,Chairs,481.568000,2,0.20,54.176400
164,164,178,US-2023-104563,2023-03-07,2023-03-12,5,"Standard Class",CM-12715,"Craig Molinari",Corporate,"United States",Washington,Seattle,98103,West,492,OFF-AR-10000390,"Newell Chalk Holder","Office Supplies",Art,20.650000,5,0.00,9.499000
167,167,178,US-2023-104563,2023-03-07,2023-03-12,5,"Standard Class",CM-12715,"Craig Molinari",Corporate,"United States",Washington,Seattle,98103,West,1345,OFF-ST-10000934,"Contico 72H Heavy-Duty Storage System","Office Supplies",Storage,204.900000,5,0.00,0.000000
2027,2027,179,US-2023-104738,2023-12-30,2024-01-01,2,"Second Class",SP-20620,"Stefania Perrino",Corporate,"United States",Texas,Laredo,78041,Central,740,OFF-BI-10002160,"Acco Hanging Data Binders","Office Supplies",Binders,2.286000,3,0.80,-3.657600
2030,2030,179,US-2023-104738,2023-12-30,2024-01-01,2,"Second Class",SP-20620,"Stefania Perrino",Corporate,"United States",Texas,Laredo,78041,Central,913,OFF-EN-10004955,"Fashion Color Clasp Envelopes","Office Supplies",Envelopes,NULL,3,0.20,4.706700
2032,2032,179,US-2023-104738,2023-12-30,2024-01-01,2,"Second Class",SP-20620,"Stefania Perrino",Corporate,"United States",Texas,Laredo,78041,Central,1592,TEC-AC-10003628,"Logitech 910-002974 M325 Wireless Mouse for Web Scrolling",Technology,Accessories,47.984000,2,0.20,-239.920000
2034,2034,179,US-2023-104738,2023-12-30,2024-01-01,2,"Second Class",SP-20620,"Stefania Perrino",Corporate,"United States",Texas,Laredo,78041,Central,1728,TEC-PH-10000576,"AT&T 1080 Corded phone",Technology,Phones,328.776000,3,0.20,28.767900
2036,2036,179,US-2023-104738,2023-12-30,2024-01-01,2,"Second Class",SP-20620,"Stefania Perrino",Corporate,"United States",Texas,Laredo,78041,Central,1802,TEC-PH-10002468,"Plantronics CS 50-USB - headset - Convertible Monaural",Technology,Phones,217.584000,2,0.55,19.038600
286,286,180,US-2023-104759,2023-03-31,2023-04-04,4,"Standard Class",DD-13570,"Dorothy Dickinson",Consumer,"United States",Illinois,Chicago,60610,Central,735,OFF-BI-10002071,"Fellowes Black Plastic Comb Bindings","Office Supplies",Binders,8.134000,NULL,0.80,-13.827800
289,289,180,US-2023-104759,2023-03-31,2023-04-04,4,"Standard Class",DD-13570,"Dorothy Dickinson",Consumer,"United States",Illinois,Chicago,60610,Central,1626,TEC-AC-10004901,"Kensington SlimBlade Notebook Wireless Mouse with Nano Receiver",Technology,Accessories,79.984000,2,0.20,13.997200
1828,1828,181,US-2023-104773,2023-12-08,2023-12-13,5,"Standard Class",TB-21175,"Thomas Boland",Corporate,"United States",Texas,Houston,77041,Central,1339,OFF-ST-10000777,"Companion Letter/Legal File Black","Office Supplies",Storage,60.416000,2,0.20,6.041600
507,507,182,US-2023-104780,2023-05-21,2023-05-25,4,"Standard Class",BT-11530,"Bradley Talbott","Home Office","United States",California,"San Diego",92037,West,596,OFF-AR-10003514,"4009 Highlighters by Sanford","Office Supplies",Art,31.840000,8,0.00,10.507200
91,91,183,US-2023-104808,2023-02-04,2023-02-08,4,"Second Class",MH-17440,"Mark Haberlin",Corporate,"United States",California,Escondido,92025,West,795,OFF-BI-10003676,"GBC Standard Recycled Report Covers Clear Plastic Sheets","Office Supplies",Binders,17.248000,2,0.20,6.036800
1628,1628,184,US-2023-104829,2023-11-18,2023-11-21,3,"Second Class",JG-15805,"John Grady",Corporate,"United States",Utah,Provo,84604,West,1218,OFF-PA-10003016,"Adams While You Were Out Message Pads","Office Supplies",Paper,21.980000,7,0.00,9.891000
1837,1837,185,US-2023-104976,2023-12-09,2023-12-16,7,"Standard Class",CK-12760,"Cyma Kinney",Corporate,"United States",California,"San Francisco",94122,West,1256,OFF-PA-10003845,"Xerox 1987","Office Supplies",Paper,34.680000,6,0.00,16.993200
1314,1314,186,US-2023-105137,2023-10-10,2023-10-10,0,"Same Day",RB-19435,"Richard Bierner",Consumer,"United States",Ohio,Columbus,43229,East,749,OFF-BI-10002429,"Premier Elliptical Ring Binder Black","Office Supplies",Binders,18.264000,2,0.70,-13.393600
1318,1318,186,US-2023-105137,2023-10-10,2023-10-10,0,"Same Day",RB-19435,"Richard Bierner",Consumer,"United States",Ohio,Columbus,43229,East,1672,TEC-MA-10002694,"Hewlett-Packard Deskjet F4180 All-in-One Color Ink-jet - Printer / copier / scanner",Technology,Machines,101.994000,2,0.70,-71.395800
274,274,187,US-2023-105151,2023-03-30,2023-03-31,1,"First Class",SG-20890,"Susan Gilcrest",Corporate,"United States","New York","New York City",10009,East,523,OFF-AR-10001231,"Sanford EarthWrite Recycled Pencils Medium Soft #2","Office Supplies",Art,10.500000,5,0.00,2.940000
1019,1019,188,US-2023-105165,2023-09-07,2023-09-10,3,"First Class",SZ-20035,"Sam Zeldin","Home Office","United States",Texas,Houston,77036,Central,373,FUR-TA-10004154,"Riverside Furniture Oval Coffee Table Oval End Table End Table with Drawer",Furniture,Tables,NULL,1,0.30,-22.948000
1020,1020,188,US-2023-105165,2023-09-07,2023-09-10,3,"First Class",SZ-20035,"Sam Zeldin","Home Office","United States",Texas,Houston,77036,Central,582,OFF-AR-10003179,"Dixon Ticonderoga Core-Lock Colored Pencils","Office Supplies",Art,21.864000,3,0.20,3.552900
1021,1021,188,US-2023-105165,2023-09-07,2023-09-10,3,"First Class",SZ-20035,"Sam Zeldin","Home Office","United States",Texas,Houston,77036,Central,649,OFF-BI-10000050,"Angle-D Binders with Locking Rings Label Holders","Office Supplies",Binders,NULL,2,0.80,-4.818000
1033,1033,188,US-2023-105165,2023-09-07,2023-09-10,3,"First Class",SZ-20035,"Sam Zeldin","Home Office","United States",Texas,Houston,77036,Central,1565,TEC-AC-10002718,"Belkin Standard 104 key USB Keyboard",Technology,Accessories,46.688000,4,0.20,-2.918000
1036,1036,188,US-2023-105165,2023-09-07,2023-09-10,3,"First Class",SZ-20035,"Sam Zeldin","Home Office","United States",Texas,Houston,77036,Central,1731,TEC-PH-10000675,"Panasonic KX TS3282B Corded phone",Technology,Phones,196.776000,3,0.20,14.758200
306,306,189,US-2023-105172,2023-04-04,2023-04-09,5,NULL,PK-18910,"Paul Knutson","Home Office","United States",California,"San Francisco",94109,West,981,OFF-LA-10001641,"Avery 518","Office Supplies",Labels,18.900000,6,0.00,9.072000
1733,1733,190,US-2023-105249,2023-11-28,2023-11-28,0,"Same Day",DH-13675,"Duane Huffman","Home Office","United States",California,"San Francisco",94122,West,2,FUR-BO-10000330,"Sauder Camden County Barrister Bookcase Planked Cherry Finish",Furniture,Bookcases,NULL,NULL,0.15,-4.839200
1741,1741,190,US-2023-105249,2023-11-28,2023-11-28,0,"Same Day",DH-13675,"Duane Huffman","Home Office","United States",California,"San Francisco",94122,West,986,OFF-LA-10002043,"Avery 489","Office Supplies",Labels,NULL,NULL,0.00,19.872000
1743,1743,190,US-2023-105249,2023-11-28,2023-11-28,0,"Same Day",DH-13675,"Duane Huffman","Home Office","United States",California,"San Francisco",94122,West,1455,OFF-SU-10001225,"Staple remover","Office Supplies",Supplies,7.360000,2,0.00,0.147200
1540,1540,191,US-2023-105270,2023-11-11,2023-11-18,7,"Standard Class",AP-10915,"Arthur Prichep",Consumer,"United States",California,"Los Angeles",90008,West,66,FUR-CH-10000988,"Hon Olson Stacker Stools",Furniture,Chairs,112.648000,1,0.20,11.264800
1547,1547,191,US-2023-105270,2023-11-11,2023-11-18,7,"Standard Class",AP-10915,"Arthur Prichep",Consumer,"United States",California,"Los Angeles",90008,West,580,OFF-AR-10003156,"50 Colored Long Pencils","Office Supplies",Art,30.480000,3,0.00,7.924800
1662,1662,192,US-2023-105340,2023-11-22,2023-11-25,3,"First Class",EH-14185,"Evan Henry",Consumer,"United States",Texas,Pasadena,77506,Central,723,OFF-BI-10001765,"Wilson Jones Heavy-Duty Casebound Ring Binders with Metal Hinges","Office Supplies",Binders,6.928000,1,0.80,-11.084800
15,15,193,US-2023-105417,2023-01-07,2023-01-12,5,"Standard Class",VS-21820,"Vivek Sundaresam",Consumer,"United States",Texas,Huntsville,77340,Central,319,FUR-FU-10004864,"Howard Miller 14-1/2 Diameter Chrome Round Wall Clock",Furniture,Furnishings,NULL,3,0.60,-53.709600
16,16,193,US-2023-105417,2023-01-07,2023-01-12,5,"Standard Class",VS-21820,"Vivek Sundaresam",Consumer,"United States",Texas,Huntsville,77340,Central,799,OFF-BI-10003708,"Acco Four Pocket Poly Ring Binder with Label Holder Smoke 1","Office Supplies",Binders,10.430000,7,0.80,-18.252500
146,146,194,US-2023-105648,2023-03-03,2023-03-07,4,"Standard Class",EJ-14155,"Eva Jacobs",Consumer,"United States",California,"San Diego",92037,West,359,FUR-TA-10002958,"Bevis Oval Conference Table Walnut",Furniture,Tables,626.352000,3,0.20,-23.488200
521,521,195,US-2023-105767,2023-05-23,2023-05-27,4,"Standard Class",AR-10510,"Andrew Roberts",Consumer,"United States",Pennsylvania,Philadelphia,19134,East,524,OFF-AR-10001246,"Newell 317","Office Supplies",Art,21.168000,9,0.20,2.381400
523,523,195,US-2023-105767,2023-05-23,2023-05-27,4,"Standard Class",AR-10510,"Andrew Roberts",Consumer,"United States",Pennsylvania,Philadelphia,19134,East,680,OFF-BI-10000848,"Angle-D Ring Binders","Office Supplies",Binders,3.282000,2,0.70,-2.625600
526,526,195,US-2023-105767,2023-05-23,2023-05-27,4,"Standard Class",AR-10510,"Andrew Roberts",Consumer,"United States",Pennsylvania,Philadelphia,19134,East,1830,TEC-PH-10003092,"Motorola L804",Technology,Phones,55.188000,2,0.40,-10.117800
549,549,196,US-2023-105872,2023-05-30,2023-06-06,7,"Standard Class",JG-15160,"James Galang",Consumer,"United States","New York","New York City",10024,East,796,OFF-BI-10003684,"Wilson Jones Legal Size Ring Binders","Office Supplies",Binders,70.368000,4,0.20,26.388000
1557,1557,197,US-2023-105893,2023-11-11,2023-11-18,7,NULL,PK-19075,"Pete Kriz",Consumer,"United States",Wisconsin,Madison,53711,Central,1431,OFF-ST-10004186,"Stur-D-Stor Shelving Vertical 5-Shelf: 72H x 36W x 18 1/2D","Office Supplies",Storage,665.880000,6,0.00,13.317600
1680,1680,198,US-2023-105984,2023-11-24,2023-11-24,0,"Same Day",MY-18295,"Muhammed Yedwab",Corporate,"United States",Ohio,Columbus,43229,East,64,FUR-CH-10000847,"Global Executive Mid-Back Manager's Chair",Furniture,Chairs,611.058000,3,0.30,-34.917600
1697,1697,198,US-2023-105984,2023-11-24,2023-11-24,0,"Same Day",MY-18295,"Muhammed Yedwab",Corporate,"United States",Ohio,Columbus,43229,East,1726,TEC-PH-10000560,"Samsung Galaxy S III - 16GB - pebble blue (T-Mobile)",Technology,Phones,1049.970000,5,0.40,-209.994000
8,8,199,US-2023-106054,2023-01-06,2023-01-07,1,"First Class",JO-15145,"Jack O'Briant",Corporate,"United States",Georgia,Athens,30605,South,563,OFF-AR-10002399,"Dixon Prang Watercolor Pencils 10-Color Set with Brush","Office Supplies",Art,12.780000,3,0.00,5.239800
592,592,200,US-2023-106229,2023-06-07,2023-06-11,4,"Second Class",NR-18550,"Nick Radford",Consumer,"United States",Illinois,Aurora,60505,Central,348,FUR-TA-10002041,"Bevis Round Conference Table Top X-Base",Furniture,Tables,268.935000,3,0.50,-209.769300
1966,1966,201,US-2023-106264,2023-12-26,2023-12-30,4,"Standard Class",CK-12595,"Clytie Kelty",Consumer,"United States",California,Encinitas,92024,West,200,FUR-FU-10001852,"Eldon Regeneration Recycled Desk Accessories Smoke",Furniture,Furnishings,3.480000,2,0.00,1.113600
1978,1978,201,US-2023-106264,2023-12-26,2023-12-30,4,"Standard Class",CK-12595,"Clytie Kelty",Consumer,"United States",California,Encinitas,92024,West,1459,OFF-SU-10002189,"Acme Rosewood Handle Letter Opener","Office Supplies",Supplies,11.910000,3,0.00,0.119100
842,842,202,US-2023-106299,2023-08-02,2023-08-08,6,"Standard Class",NZ-18565,"Nick Zandusky","Home Office","United States",Missouri,Springfield,65807,Central,721,OFF-BI-10001758,"Wilson Jones 14 Line Acrylic Coated Pressboard Data Binders","Office Supplies",Binders,26.700000,5,0.00,12.549000
843,843,202,US-2023-106299,2023-08-02,2023-08-08,6,"Standard Class",NZ-18565,"Nick Zandusky","Home Office","United States",Missouri,Springfield,65807,Central,1381,OFF-ST-10002011,"Smead Adjustable Mobile File Trolley with Lockable Top","Office Supplies",Storage,838.380000,2,0.00,226.362600
844,844,202,US-2023-106299,2023-08-02,2023-08-08,6,"Standard Class",NZ-18565,"Nick Zandusky","Home Office","United States",Missouri,Springfield,65807,Central,1581,TEC-AC-10003237,"Memorex Micro Travel Drive 4 GB",Technology,Accessories,21.200000,2,0.00,9.116000
1980,1980,203,US-2023-106334,2023-12-27,2024-01-02,6,"Standard Class",JF-15490,"Jeremy Farry",Consumer,"United States",California,"San Francisco",94122,West,136,FUR-CH-10004886,"Bevis Steel Folding Chairs",Furniture,Chairs,230.280000,3,0.20,23.028000
1990,1990,203,US-2023-106334,2023-12-27,2024-01-02,6,"Standard Class",JF-15490,"Jeremy Farry",Consumer,"United States",California,"San Francisco",94122,West,1248,OFF-PA-10003657,"Xerox 1927","Office Supplies",Paper,12.840000,3,0.00,5.778000
1790,1790,204,US-2023-106376,2023-12-05,2023-12-10,5,"Standard Class",BS-11590,"Brendan Sweed",Corporate,"United States",Arizona,Gilbert,85234,West,568,OFF-AR-10002671,"Hunt BOSTON Model 1606 High-Volume Electric Pencil Sharpener Beige","Office Supplies",Art,1113.024000,8,0.20,111.302400
1804,1804,204,US-2023-106376,2023-12-05,2023-12-10,5,"Standard Class",BS-11590,"Brendan Sweed",Corporate,"United States",Arizona,Gilbert,85234,West,1817,TEC-PH-10002726,"netTALK DUO VoIP Telephone Service",Technology,Phones,167.968000,4,0.20,62.988000
1417,1417,205,US-2023-106439,2023-10-31,2023-11-04,4,"Standard Class",GG-14650,"Greg Guthrie",Corporate,"United States",California,"Los Angeles",90049,West,115,FUR-CH-10003833,"Novimex Fabric Task Chair",Furniture,Chairs,146.352000,3,0.20,-9.147000
1422,1422,205,US-2023-106439,2023-10-31,2023-11-04,4,"Standard Class",GG-14650,"Greg Guthrie",Corporate,"United States",California,"Los Angeles",90049,West,527,OFF-AR-10001419,"Newell 325","Office Supplies",Art,12.390000,3,0.00,3.717000
1424,1424,205,US-2023-106439,2023-10-31,2023-11-04,4,"Standard Class",GG-14650,"Greg Guthrie",Corporate,"United States",California,"Los Angeles",90049,West,754,OFF-BI-10002571,"Avery Framed View Binder EZD Ring (Locking) Navy 1 1/2","Office Supplies",Binders,15.968000,2,0.20,5.389200
1426,1426,205,US-2023-106439,2023-10-31,2023-11-04,4,"Standard Class",GG-14650,"Greg Guthrie",Corporate,"United States",California,"Los Angeles",90049,West,823,OFF-BI-10004209,"Fellowes Twister Kit Gray/Clear 3/pkg","Office Supplies",Binders,19.296000,3,0.55,6.030000
1427,1427,205,US-2023-106439,2023-10-31,2023-11-04,4,"Standard Class",GG-14650,"Greg Guthrie",Corporate,"United States",California,"Los Angeles",90049,West,941,OFF-FA-10002975,Staples,"Office Supplies",Fasteners,11.340000,3,0.00,5.216400
1428,1428,205,US-2023-106439,2023-10-31,2023-11-04,4,"Standard Class",GG-14650,"Greg Guthrie",Corporate,"United States",California,"Los Angeles",90049,West,1064,OFF-PA-10000477,"Xerox 1952","Office Supplies",Paper,64.740000,13,0.00,NULL
1430,1430,205,US-2023-106439,2023-10-31,2023-11-04,4,"Standard Class",GG-14650,"Greg Guthrie",Corporate,"United States",California,"Los Angeles",90049,West,1380,OFF-ST-10001963,"Tennsco Regal Shelving Units","Office Supplies",Storage,405.640000,4,0.00,12.169200
1431,1431,205,US-2023-106439,2023-10-31,2023-11-04,4,"Standard Class",GG-14650,"Greg Guthrie",Corporate,"United States",California,"Los Angeles",90049,West,1428,OFF-ST-10003996,"Letter/Legal File Tote with Clear Snap-On Lid Black Granite","Office Supplies",Storage,80.300000,5,0.00,20.878000
1432,1432,205,US-2023-106439,2023-10-31,2023-11-04,4,"Standard Class",GG-14650,"Greg Guthrie",Corporate,"United States",California,"Los Angeles",90049,West,1612,TEC-AC-10004568,"Maxell LTO Ultrium - 800 GB",Technology,Accessories,251.910000,9,0.00,47.862900
1011,1011,206,US-2023-106572,2023-09-05,2023-09-10,5,"Standard Class",NP-18700,"Nora Preis",Consumer,"United States",Ohio,"Bowling Green",43402,East,1327,OFF-ST-10000585,"Economy Rollaway Files","Office Supplies",Storage,264.320000,NULL,0.20,19.824000
957,957,207,US-2023-106719,2023-08-24,2023-08-24,0,NULL,RB-19645,"Robert Barroso",Corporate,"United States",Montana,Billings,59102,West,760,OFF-BI-10002799,"SlimView Poly Binder 3/8","Office Supplies",Binders,8.288000,2,0.20,2.693600
1812,1812,208,US-2023-106726,2023-12-06,2023-12-08,2,"First Class",RS-19765,"Roland Schwarz",Corporate,"United States",California,"Los Angeles",90008,West,1366,OFF-ST-10001496,"Standard Rollaway File with Lock","Office Supplies",Storage,1261.330000,7,0.00,327.945800
2010,2010,209,US-2023-106803,2023-12-29,2024-01-02,4,"Standard Class",DC-13285,"Debra Catini",Consumer,"United States",Minnesota,"Cottage Grove",55016,Central,1393,OFF-ST-10002444,"Recycled Eldon Regeneration Jumbo File","Office Supplies",Storage,24.560000,2,0.00,6.876800
2012,2012,209,US-2023-106803,2023-12-29,2024-01-02,4,"Standard Class",DC-13285,"Debra Catini",Consumer,"United States",Minnesota,"Cottage Grove",55016,Central,1515,TEC-AC-10001267,"Imation 32GB Pocket Pro USB 3.0 Flash Drive - 32 GB - Black - 1 P ...",Technology,Accessories,119.800000,4,0.00,47.920000
485,485,210,US-2023-106810,2023-05-14,2023-05-20,6,"Standard Class",AJ-10795,"Anthony Johnson",Corporate,"United States",Florida,"Saint Petersburg",33710,South,303,FUR-FU-10004306